ISO-10303-21;
HEADER;
/* Generated by software containing ST-Developer
 * from STEP Tools, Inc. (www.steptools.com) 
 */
/* OPTION: using custom renumber hook */

FILE_DESCRIPTION(
/* description */ ('STEP AP214'),
/* implementation_level */ '2;1');

FILE_NAME(
/* name */ '0821-1G1T-43-F',
/* time_stamp */ '2026-03-05T18:30:21+01:00',
/* author */ ('License CC BY-ND 4.0'),
/* organization */ ('CADENAS'),
/* preprocessor_version */ 'ST-DEVELOPER v20',
/* originating_system */ 'PARTsolutions',
/* authorisation */ '  ');

FILE_SCHEMA (('AUTOMOTIVE_DESIGN {1 0 10303 214 3 1 1}'));
ENDSEC;

DATA;
#10=PROPERTY_DEFINITION_REPRESENTATION(#14,#12);
#11=PROPERTY_DEFINITION_REPRESENTATION(#15,#13);
#12=REPRESENTATION('',(#16),#6868);
#13=REPRESENTATION('',(#17),#6868);
#14=PROPERTY_DEFINITION('pmi validation property','',#6910);
#15=PROPERTY_DEFINITION('pmi validation property','',#6910);
#16=VALUE_REPRESENTATION_ITEM('number of annotations',COUNT_MEASURE(0.));
#17=VALUE_REPRESENTATION_ITEM('number of views',COUNT_MEASURE(0.));
#18=B_SPLINE_SURFACE_WITH_KNOTS('',3,3,((#6458,#6459,#6460,#6461),(#6462,
#6463,#6464,#6465),(#6466,#6467,#6468,#6469),(#6470,#6471,#6472,#6473),
(#6474,#6475,#6476,#6477),(#6478,#6479,#6480,#6481),(#6482,#6483,#6484,
#6485)),.RULED_SURF.,.F.,.F.,.F.,(4,1,1,1,4),(4,4),(-0.24213237902,0.,0.4999999999999,
1.,1.242790255858),(-0.03002552769882,1.029795851407),.UNSPECIFIED.);
#19=B_SPLINE_SURFACE_WITH_KNOTS('',3,3,((#6582,#6583,#6584,#6585),(#6586,
#6587,#6588,#6589),(#6590,#6591,#6592,#6593),(#6594,#6595,#6596,#6597),
(#6598,#6599,#6600,#6601),(#6602,#6603,#6604,#6605),(#6606,#6607,#6608,
#6609)),.RULED_SURF.,.F.,.F.,.F.,(4,1,1,1,4),(4,4),(-0.00225104638965675,
0.,0.4999999999926,1.,1.00600031095889),(0.146544798655489,0.853337822021132),
 .UNSPECIFIED.);
#20=B_SPLINE_SURFACE_WITH_KNOTS('',3,3,((#6726,#6727,#6728,#6729),(#6730,
#6731,#6732,#6733),(#6734,#6735,#6736,#6737),(#6738,#6739,#6740,#6741),
(#6742,#6743,#6744,#6745),(#6746,#6747,#6748,#6749),(#6750,#6751,#6752,
#6753)),.RULED_SURF.,.F.,.F.,.F.,(4,1,1,1,4),(4,4),(-0.00225113541548605,
0.,0.4999999999926,1.,1.00600077478122),(0.146544799082896,0.853337821844319),
 .UNSPECIFIED.);
#21=B_SPLINE_SURFACE_WITH_KNOTS('',3,3,((#6782,#6783,#6784,#6785),(#6786,
#6787,#6788,#6789),(#6790,#6791,#6792,#6793),(#6794,#6795,#6796,#6797),
(#6798,#6799,#6800,#6801),(#6802,#6803,#6804,#6805),(#6806,#6807,#6808,
#6809)),.RULED_SURF.,.F.,.F.,.F.,(4,1,1,1,4),(4,4),(-0.2421323790201,0.,
0.4999999999999,1.,1.242790255855),(-0.02998904517062,1.029795851407),
 .UNSPECIFIED.);
#22=SHAPE_REPRESENTATION_RELATIONSHIP('','',#4034,#37);
#23=SHAPE_REPRESENTATION_RELATIONSHIP('','',#4035,#38);
#24=SHAPE_REPRESENTATION_RELATIONSHIP('','',#4036,#39);
#25=SHAPE_REPRESENTATION_RELATIONSHIP('','',#4037,#40);
#26=SHAPE_REPRESENTATION_RELATIONSHIP('','',#4038,#41);
#27=SHAPE_REPRESENTATION_RELATIONSHIP('','',#4039,#42);
#28=SHAPE_REPRESENTATION_RELATIONSHIP('','',#4040,#43);
#29=SHAPE_REPRESENTATION_RELATIONSHIP('','',#4041,#44);
#30=SHAPE_REPRESENTATION_RELATIONSHIP('','',#4042,#45);
#31=SHAPE_REPRESENTATION_RELATIONSHIP('','',#4043,#46);
#32=SHAPE_REPRESENTATION_RELATIONSHIP('','',#4044,#47);
#33=SHAPE_REPRESENTATION_RELATIONSHIP('','',#4045,#48);
#34=SHAPE_REPRESENTATION_RELATIONSHIP('','',#4046,#49);
#35=SHAPE_REPRESENTATION_RELATIONSHIP('','',#4047,#50);
#36=SHAPE_REPRESENTATION_RELATIONSHIP('','',#4048,#51);
#37=ADVANCED_BREP_SHAPE_REPRESENTATION('',(#3930),#6871);
#38=ADVANCED_BREP_SHAPE_REPRESENTATION('',(#3931),#6872);
#39=ADVANCED_BREP_SHAPE_REPRESENTATION('',(#3932),#6873);
#40=ADVANCED_BREP_SHAPE_REPRESENTATION('',(#3933),#6874);
#41=ADVANCED_BREP_SHAPE_REPRESENTATION('',(#3934),#6875);
#42=ADVANCED_BREP_SHAPE_REPRESENTATION('',(#3935),#6876);
#43=ADVANCED_BREP_SHAPE_REPRESENTATION('',(#3936),#6877);
#44=ADVANCED_BREP_SHAPE_REPRESENTATION('',(#3937),#6878);
#45=ADVANCED_BREP_SHAPE_REPRESENTATION('',(#3938),#6879);
#46=ADVANCED_BREP_SHAPE_REPRESENTATION('',(#3939),#6880);
#47=ADVANCED_BREP_SHAPE_REPRESENTATION('',(#3940),#6881);
#48=ADVANCED_BREP_SHAPE_REPRESENTATION('',(#3941),#6882);
#49=ADVANCED_BREP_SHAPE_REPRESENTATION('',(#3942),#6883);
#50=ADVANCED_BREP_SHAPE_REPRESENTATION('',(#3943),#6884);
#51=ADVANCED_BREP_SHAPE_REPRESENTATION('',(#3944),#6885);
#52=(
BOUNDED_SURFACE()
B_SPLINE_SURFACE(3,3,((#5674,#5675,#5676,#5677),(#5678,#5679,#5680,#5681),
(#5682,#5683,#5684,#5685),(#5686,#5687,#5688,#5689)),
 .SURF_OF_REVOLUTION.,.F.,.F.,.F.)
B_SPLINE_SURFACE_WITH_KNOTS((4,4),(4,4),(0.,1.),(0.,1.),
 .PIECEWISE_BEZIER_KNOTS.)
GEOMETRIC_REPRESENTATION_ITEM()
RATIONAL_B_SPLINE_SURFACE(((1.167043522673,1.154514744612,1.154514744612,
1.167043522673),(0.95514145022,0.9448875436481,0.9448875436481,0.95514145022),
(0.95514145022,0.9448875436481,0.9448875436481,0.95514145022),(1.167043522673,
1.154514744612,1.154514744612,1.167043522673)))
REPRESENTATION_ITEM('')
SURFACE()
);
#53=(
BOUNDED_SURFACE()
B_SPLINE_SURFACE(3,3,((#5840,#5841,#5842,#5843),(#5844,#5845,#5846,#5847),
(#5848,#5849,#5850,#5851),(#5852,#5853,#5854,#5855)),
 .SURF_OF_REVOLUTION.,.F.,.F.,.F.)
B_SPLINE_SURFACE_WITH_KNOTS((4,4),(4,4),(0.,1.),(0.,1.),
 .PIECEWISE_BEZIER_KNOTS.)
GEOMETRIC_REPRESENTATION_ITEM()
RATIONAL_B_SPLINE_SURFACE(((1.167043522673,1.154514744612,1.154514744612,
1.167043522673),(0.95514145022,0.9448875436481,0.9448875436481,0.95514145022),
(0.95514145022,0.9448875436481,0.9448875436481,0.95514145022),(1.167043522673,
1.154514744612,1.154514744612,1.167043522673)))
REPRESENTATION_ITEM('')
SURFACE()
);
#54=TOROIDAL_SURFACE('',#4086,0.016,0.006);
#55=TOROIDAL_SURFACE('',#4132,0.016,0.006);
#56=SPHERICAL_SURFACE('',#4085,0.006);
#57=SPHERICAL_SURFACE('',#4131,0.006);
#58=B_SPLINE_CURVE_WITH_KNOTS('',3,(#5596,#5597,#5598,#5599),
 .UNSPECIFIED.,.F.,.F.,(4,4),(0.,1.),.UNSPECIFIED.);
#59=B_SPLINE_CURVE_WITH_KNOTS('',3,(#5661,#5662,#5663,#5664),
 .UNSPECIFIED.,.F.,.F.,(4,4),(2.90086682499389E-14,0.000221549414547385),
 .UNSPECIFIED.);
#60=B_SPLINE_CURVE_WITH_KNOTS('',3,(#5778,#5779,#5780,#5781),
 .UNSPECIFIED.,.F.,.F.,(4,4),(0.,1.),.UNSPECIFIED.);
#61=B_SPLINE_CURVE_WITH_KNOTS('',2,(#5856,#5857,#5858,#5859,#5860),
 .UNSPECIFIED.,.F.,.F.,(3,2,3),(0.,0.5,1.),.UNSPECIFIED.);
#62=B_SPLINE_CURVE_WITH_KNOTS('',1,(#6392,#6393),.UNSPECIFIED.,.F.,.F.,
(2,2),(0.,1.),.UNSPECIFIED.);
#63=B_SPLINE_CURVE_WITH_KNOTS('',1,(#6429,#6430),.UNSPECIFIED.,.F.,.F.,
(2,2),(0.,1.),.UNSPECIFIED.);
#64=B_SPLINE_CURVE_WITH_KNOTS('',3,(#6486,#6487,#6488,#6489),
 .UNSPECIFIED.,.F.,.F.,(4,4),(0.,0.000336114890918867),.UNSPECIFIED.);
#65=B_SPLINE_CURVE_WITH_KNOTS('',1,(#6491,#6492),.UNSPECIFIED.,.F.,.F.,
(2,2),(0.,1.),.UNSPECIFIED.);
#66=B_SPLINE_CURVE_WITH_KNOTS('',1,(#6494,#6495),.UNSPECIFIED.,.F.,.F.,
(2,2),(0.,1.),.UNSPECIFIED.);
#67=B_SPLINE_CURVE_WITH_KNOTS('',1,(#6510,#6511),.UNSPECIFIED.,.F.,.F.,
(2,2),(0.,1.),.UNSPECIFIED.);
#68=B_SPLINE_CURVE_WITH_KNOTS('',1,(#6573,#6574),.UNSPECIFIED.,.F.,.F.,
(2,2),(0.,1.),.UNSPECIFIED.);
#69=B_SPLINE_CURVE_WITH_KNOTS('',3,(#6578,#6579,#6580,#6581),
 .UNSPECIFIED.,.F.,.F.,(4,4),(0.,1.),.UNSPECIFIED.);
#70=B_SPLINE_CURVE_WITH_KNOTS('',3,(#6610,#6611,#6612,#6613),
 .UNSPECIFIED.,.F.,.F.,(4,4),(1.73969251806593E-13,0.000331249978776373),
 .UNSPECIFIED.);
#71=B_SPLINE_CURVE_WITH_KNOTS('',3,(#6614,#6615,#6616,#6617,#6618),
 .UNSPECIFIED.,.F.,.F.,(4,1,4),(0.,0.499999997326995,1.),.UNSPECIFIED.);
#72=B_SPLINE_CURVE_WITH_KNOTS('',1,(#6622,#6623),.UNSPECIFIED.,.F.,.F.,
(2,2),(0.,1.),.UNSPECIFIED.);
#73=B_SPLINE_CURVE_WITH_KNOTS('',3,(#6635,#6636,#6637,#6638,#6639),
 .UNSPECIFIED.,.F.,.F.,(4,1,4),(0.,0.499999997328275,1.),.UNSPECIFIED.);
#74=B_SPLINE_CURVE_WITH_KNOTS('',3,(#6691,#6692,#6693,#6694),
 .UNSPECIFIED.,.F.,.F.,(4,4),(0.,0.000331250055835038),.UNSPECIFIED.);
#75=B_SPLINE_CURVE_WITH_KNOTS('',3,(#6714,#6715,#6716,#6717),
 .UNSPECIFIED.,.F.,.F.,(4,4),(0.,0.000336114813606502),.UNSPECIFIED.);
#76=B_SPLINE_CURVE_WITH_KNOTS('',3,(#6754,#6755,#6756,#6757),
 .UNSPECIFIED.,.F.,.F.,(4,4),(0.,1.),.UNSPECIFIED.);
#77=B_SPLINE_CURVE_WITH_KNOTS('',3,(#6810,#6811,#6812,#6813),
 .UNSPECIFIED.,.F.,.F.,(4,4),(0.,1.),.UNSPECIFIED.);
#78=ELLIPSE('',#4065,0.00604137980069071,0.006);
#79=ELLIPSE('',#4111,0.00604137980069064,0.006);
#80=(
BOUNDED_CURVE()
B_SPLINE_CURVE(3,(#5579,#5580,#5581,#5582),.UNSPECIFIED.,.F.,.F.)
B_SPLINE_CURVE_WITH_KNOTS((4,4),(0.,1.),.UNSPECIFIED.)
CURVE()
GEOMETRIC_REPRESENTATION_ITEM()
RATIONAL_B_SPLINE_CURVE((1.15322575548229,1.14177701946853,1.14177701931259,
1.1532257550145))
REPRESENTATION_ITEM('')
);
#81=(
BOUNDED_CURVE()
B_SPLINE_CURVE(3,(#5690,#5691,#5692,#5693),.UNSPECIFIED.,.F.,.F.)
B_SPLINE_CURVE_WITH_KNOTS((4,4),(0.,1.),.UNSPECIFIED.)
CURVE()
GEOMETRIC_REPRESENTATION_ITEM()
RATIONAL_B_SPLINE_CURVE((1.15322575457251,0.958926795734975,0.958926795780452,
1.15322575470894))
REPRESENTATION_ITEM('')
);
#82=(
BOUNDED_CURVE()
B_SPLINE_CURVE(3,(#5771,#5772,#5773,#5774),.UNSPECIFIED.,.F.,.F.)
B_SPLINE_CURVE_WITH_KNOTS((4,4),(0.,1.),.UNSPECIFIED.)
CURVE()
GEOMETRIC_REPRESENTATION_ITEM()
RATIONAL_B_SPLINE_CURVE((1.15322575473846,1.14177701897347,1.14177701906258,
1.15322575500579))
REPRESENTATION_ITEM('')
);
#83=(
BOUNDED_CURVE()
B_SPLINE_CURVE(3,(#5818,#5819,#5820,#5821),.UNSPECIFIED.,.F.,.F.)
B_SPLINE_CURVE_WITH_KNOTS((4,4),(0.,1.),.UNSPECIFIED.)
CURVE()
GEOMETRIC_REPRESENTATION_ITEM()
RATIONAL_B_SPLINE_CURVE((1.15322575553966,0.958926796118832,0.958926796146318,
1.15322575562211))
REPRESENTATION_ITEM('')
);
#84=PLANE('',#4055);
#85=PLANE('',#4072);
#86=PLANE('',#4073);
#87=PLANE('',#4080);
#88=PLANE('',#4081);
#89=PLANE('',#4084);
#90=PLANE('',#4088);
#91=PLANE('',#4089);
#92=PLANE('',#4090);
#93=PLANE('',#4091);
#94=PLANE('',#4092);
#95=PLANE('',#4093);
#96=PLANE('',#4098);
#97=PLANE('',#4099);
#98=PLANE('',#4100);
#99=PLANE('',#4101);
#100=PLANE('',#4121);
#101=PLANE('',#4122);
#102=PLANE('',#4126);
#103=PLANE('',#4127);
#104=PLANE('',#4130);
#105=PLANE('',#4134);
#106=PLANE('',#4135);
#107=PLANE('',#4136);
#108=PLANE('',#4138);
#109=PLANE('',#4140);
#110=PLANE('',#4142);
#111=PLANE('',#4144);
#112=PLANE('',#4146);
#113=PLANE('',#4148);
#114=PLANE('',#4149);
#115=PLANE('',#4151);
#116=PLANE('',#4154);
#117=PLANE('',#4156);
#118=PLANE('',#4158);
#119=PLANE('',#4160);
#120=PLANE('',#4162);
#121=PLANE('',#4164);
#122=PLANE('',#4165);
#123=PLANE('',#4167);
#124=PLANE('',#4170);
#125=PLANE('',#4172);
#126=PLANE('',#4174);
#127=PLANE('',#4176);
#128=PLANE('',#4178);
#129=PLANE('',#4180);
#130=PLANE('',#4181);
#131=PLANE('',#4183);
#132=PLANE('',#4186);
#133=PLANE('',#4188);
#134=PLANE('',#4190);
#135=PLANE('',#4192);
#136=PLANE('',#4194);
#137=PLANE('',#4196);
#138=PLANE('',#4197);
#139=PLANE('',#4199);
#140=PLANE('',#4202);
#141=PLANE('',#4204);
#142=PLANE('',#4206);
#143=PLANE('',#4208);
#144=PLANE('',#4210);
#145=PLANE('',#4212);
#146=PLANE('',#4213);
#147=PLANE('',#4215);
#148=PLANE('',#4218);
#149=PLANE('',#4220);
#150=PLANE('',#4222);
#151=PLANE('',#4224);
#152=PLANE('',#4226);
#153=PLANE('',#4228);
#154=PLANE('',#4229);
#155=PLANE('',#4231);
#156=PLANE('',#4234);
#157=PLANE('',#4236);
#158=PLANE('',#4238);
#159=PLANE('',#4240);
#160=PLANE('',#4242);
#161=PLANE('',#4244);
#162=PLANE('',#4245);
#163=PLANE('',#4247);
#164=PLANE('',#4250);
#165=PLANE('',#4252);
#166=PLANE('',#4254);
#167=PLANE('',#4256);
#168=PLANE('',#4258);
#169=PLANE('',#4260);
#170=PLANE('',#4261);
#171=PLANE('',#4263);
#172=PLANE('',#4266);
#173=PLANE('',#4268);
#174=PLANE('',#4270);
#175=PLANE('',#4272);
#176=PLANE('',#4274);
#177=PLANE('',#4276);
#178=PLANE('',#4277);
#179=PLANE('',#4279);
#180=PLANE('',#4282);
#181=PLANE('',#4284);
#182=PLANE('',#4286);
#183=PLANE('',#4288);
#184=PLANE('',#4290);
#185=PLANE('',#4292);
#186=PLANE('',#4293);
#187=PLANE('',#4295);
#188=PLANE('',#4298);
#189=PLANE('',#4300);
#190=PLANE('',#4302);
#191=PLANE('',#4304);
#192=PLANE('',#4306);
#193=PLANE('',#4308);
#194=PLANE('',#4309);
#195=PLANE('',#4311);
#196=PLANE('',#4314);
#197=PLANE('',#4316);
#198=PLANE('',#4318);
#199=PLANE('',#4320);
#200=PLANE('',#4322);
#201=PLANE('',#4324);
#202=PLANE('',#4325);
#203=PLANE('',#4327);
#204=PLANE('',#4330);
#205=PLANE('',#4331);
#206=PLANE('',#4332);
#207=PLANE('',#4333);
#208=PLANE('',#4334);
#209=PLANE('',#4335);
#210=PLANE('',#4336);
#211=PLANE('',#4337);
#212=PLANE('',#4338);
#213=PLANE('',#4339);
#214=PLANE('',#4340);
#215=PLANE('',#4341);
#216=PLANE('',#4342);
#217=PLANE('',#4343);
#218=PLANE('',#4344);
#219=PLANE('',#4346);
#220=PLANE('',#4347);
#221=PLANE('',#4348);
#222=PLANE('',#4349);
#223=PLANE('',#4350);
#224=PLANE('',#4351);
#225=PLANE('',#4352);
#226=PLANE('',#4353);
#227=PLANE('',#4354);
#228=PLANE('',#4355);
#229=PLANE('',#4356);
#230=PLANE('',#4357);
#231=PLANE('',#4360);
#232=PLANE('',#4361);
#233=PLANE('',#4363);
#234=PLANE('',#4365);
#235=PLANE('',#4369);
#236=PLANE('',#4374);
#237=PLANE('',#4379);
#238=PLANE('',#4380);
#239=PLANE('',#4381);
#240=PLANE('',#4383);
#241=PLANE('',#4384);
#242=PLANE('',#4385);
#243=PLANE('',#4386);
#244=PLANE('',#4387);
#245=PLANE('',#4388);
#246=PLANE('',#4389);
#247=PLANE('',#4391);
#248=PLANE('',#4392);
#249=PLANE('',#4393);
#250=PLANE('',#4394);
#251=PLANE('',#4395);
#252=PLANE('',#4396);
#253=PLANE('',#4397);
#254=PLANE('',#4398);
#255=PLANE('',#4399);
#256=PLANE('',#4400);
#257=PLANE('',#4401);
#258=PLANE('',#4402);
#259=PLANE('',#4403);
#260=PLANE('',#4407);
#261=PLANE('',#4408);
#262=PLANE('',#4409);
#263=PLANE('',#4410);
#264=PLANE('',#4411);
#265=PLANE('',#4412);
#266=PLANE('',#4413);
#267=PLANE('',#4414);
#268=PLANE('',#4417);
#269=PLANE('',#4418);
#270=PLANE('',#4419);
#271=PLANE('',#4420);
#272=LINE('',#5550,#647);
#273=LINE('',#5554,#648);
#274=LINE('',#5556,#649);
#275=LINE('',#5559,#650);
#276=LINE('',#5560,#651);
#277=LINE('',#5565,#652);
#278=LINE('',#5569,#653);
#279=LINE('',#5574,#654);
#280=LINE('',#5577,#655);
#281=LINE('',#5585,#656);
#282=LINE('',#5589,#657);
#283=LINE('',#5594,#658);
#284=LINE('',#5601,#659);
#285=LINE('',#5606,#660);
#286=LINE('',#5610,#661);
#287=LINE('',#5615,#662);
#288=LINE('',#5619,#663);
#289=LINE('',#5621,#664);
#290=LINE('',#5624,#665);
#291=LINE('',#5626,#666);
#292=LINE('',#5628,#667);
#293=LINE('',#5630,#668);
#294=LINE('',#5633,#669);
#295=LINE('',#5635,#670);
#296=LINE('',#5637,#671);
#297=LINE('',#5639,#672);
#298=LINE('',#5645,#673);
#299=LINE('',#5650,#674);
#300=LINE('',#5654,#675);
#301=LINE('',#5655,#676);
#302=LINE('',#5657,#677);
#303=LINE('',#5658,#678);
#304=LINE('',#5665,#679);
#305=LINE('',#5666,#680);
#306=LINE('',#5667,#681);
#307=LINE('',#5668,#682);
#308=LINE('',#5670,#683);
#309=LINE('',#5695,#684);
#310=LINE('',#5697,#685);
#311=LINE('',#5699,#686);
#312=LINE('',#5701,#687);
#313=LINE('',#5703,#688);
#314=LINE('',#5710,#689);
#315=LINE('',#5714,#690);
#316=LINE('',#5716,#691);
#317=LINE('',#5719,#692);
#318=LINE('',#5720,#693);
#319=LINE('',#5722,#694);
#320=LINE('',#5725,#695);
#321=LINE('',#5727,#696);
#322=LINE('',#5729,#697);
#323=LINE('',#5731,#698);
#324=LINE('',#5734,#699);
#325=LINE('',#5736,#700);
#326=LINE('',#5738,#701);
#327=LINE('',#5740,#702);
#328=LINE('',#5743,#703);
#329=LINE('',#5745,#704);
#330=LINE('',#5747,#705);
#331=LINE('',#5752,#706);
#332=LINE('',#5756,#707);
#333=LINE('',#5760,#708);
#334=LINE('',#5764,#709);
#335=LINE('',#5769,#710);
#336=LINE('',#5776,#711);
#337=LINE('',#5784,#712);
#338=LINE('',#5788,#713);
#339=LINE('',#5793,#714);
#340=LINE('',#5797,#715);
#341=LINE('',#5799,#716);
#342=LINE('',#5804,#717);
#343=LINE('',#5810,#718);
#344=LINE('',#5814,#719);
#345=LINE('',#5815,#720);
#346=LINE('',#5817,#721);
#347=LINE('',#5824,#722);
#348=LINE('',#5826,#723);
#349=LINE('',#5827,#724);
#350=LINE('',#5828,#725);
#351=LINE('',#5830,#726);
#352=LINE('',#5832,#727);
#353=LINE('',#5836,#728);
#354=LINE('',#5862,#729);
#355=LINE('',#5864,#730);
#356=LINE('',#5868,#731);
#357=LINE('',#5876,#732);
#358=LINE('',#5881,#733);
#359=LINE('',#5883,#734);
#360=LINE('',#5891,#735);
#361=LINE('',#5892,#736);
#362=LINE('',#5897,#737);
#363=LINE('',#5898,#738);
#364=LINE('',#5902,#739);
#365=LINE('',#5910,#740);
#366=LINE('',#5915,#741);
#367=LINE('',#5917,#742);
#368=LINE('',#5925,#743);
#369=LINE('',#5926,#744);
#370=LINE('',#5931,#745);
#371=LINE('',#5932,#746);
#372=LINE('',#5939,#747);
#373=LINE('',#5941,#748);
#374=LINE('',#5949,#749);
#375=LINE('',#5957,#750);
#376=LINE('',#5959,#751);
#377=LINE('',#5960,#752);
#378=LINE('',#5965,#753);
#379=LINE('',#5966,#754);
#380=LINE('',#5973,#755);
#381=LINE('',#5975,#756);
#382=LINE('',#5983,#757);
#383=LINE('',#5991,#758);
#384=LINE('',#5993,#759);
#385=LINE('',#5994,#760);
#386=LINE('',#5999,#761);
#387=LINE('',#6000,#762);
#388=LINE('',#6004,#763);
#389=LINE('',#6012,#764);
#390=LINE('',#6017,#765);
#391=LINE('',#6019,#766);
#392=LINE('',#6027,#767);
#393=LINE('',#6028,#768);
#394=LINE('',#6033,#769);
#395=LINE('',#6034,#770);
#396=LINE('',#6038,#771);
#397=LINE('',#6046,#772);
#398=LINE('',#6051,#773);
#399=LINE('',#6053,#774);
#400=LINE('',#6061,#775);
#401=LINE('',#6062,#776);
#402=LINE('',#6067,#777);
#403=LINE('',#6068,#778);
#404=LINE('',#6072,#779);
#405=LINE('',#6080,#780);
#406=LINE('',#6085,#781);
#407=LINE('',#6087,#782);
#408=LINE('',#6095,#783);
#409=LINE('',#6096,#784);
#410=LINE('',#6101,#785);
#411=LINE('',#6102,#786);
#412=LINE('',#6106,#787);
#413=LINE('',#6114,#788);
#414=LINE('',#6119,#789);
#415=LINE('',#6121,#790);
#416=LINE('',#6129,#791);
#417=LINE('',#6130,#792);
#418=LINE('',#6135,#793);
#419=LINE('',#6136,#794);
#420=LINE('',#6143,#795);
#421=LINE('',#6145,#796);
#422=LINE('',#6153,#797);
#423=LINE('',#6161,#798);
#424=LINE('',#6163,#799);
#425=LINE('',#6164,#800);
#426=LINE('',#6169,#801);
#427=LINE('',#6170,#802);
#428=LINE('',#6177,#803);
#429=LINE('',#6179,#804);
#430=LINE('',#6187,#805);
#431=LINE('',#6195,#806);
#432=LINE('',#6197,#807);
#433=LINE('',#6198,#808);
#434=LINE('',#6203,#809);
#435=LINE('',#6204,#810);
#436=LINE('',#6211,#811);
#437=LINE('',#6213,#812);
#438=LINE('',#6221,#813);
#439=LINE('',#6229,#814);
#440=LINE('',#6231,#815);
#441=LINE('',#6232,#816);
#442=LINE('',#6237,#817);
#443=LINE('',#6238,#818);
#444=LINE('',#6245,#819);
#445=LINE('',#6247,#820);
#446=LINE('',#6255,#821);
#447=LINE('',#6263,#822);
#448=LINE('',#6265,#823);
#449=LINE('',#6266,#824);
#450=LINE('',#6271,#825);
#451=LINE('',#6272,#826);
#452=LINE('',#6276,#827);
#453=LINE('',#6279,#828);
#454=LINE('',#6281,#829);
#455=LINE('',#6283,#830);
#456=LINE('',#6285,#831);
#457=LINE('',#6287,#832);
#458=LINE('',#6289,#833);
#459=LINE('',#6291,#834);
#460=LINE('',#6294,#835);
#461=LINE('',#6296,#836);
#462=LINE('',#6298,#837);
#463=LINE('',#6300,#838);
#464=LINE('',#6303,#839);
#465=LINE('',#6305,#840);
#466=LINE('',#6307,#841);
#467=LINE('',#6309,#842);
#468=LINE('',#6312,#843);
#469=LINE('',#6314,#844);
#470=LINE('',#6316,#845);
#471=LINE('',#6318,#846);
#472=LINE('',#6321,#847);
#473=LINE('',#6323,#848);
#474=LINE('',#6325,#849);
#475=LINE('',#6327,#850);
#476=LINE('',#6330,#851);
#477=LINE('',#6332,#852);
#478=LINE('',#6334,#853);
#479=LINE('',#6336,#854);
#480=LINE('',#6339,#855);
#481=LINE('',#6341,#856);
#482=LINE('',#6343,#857);
#483=LINE('',#6345,#858);
#484=LINE('',#6348,#859);
#485=LINE('',#6350,#860);
#486=LINE('',#6352,#861);
#487=LINE('',#6354,#862);
#488=LINE('',#6357,#863);
#489=LINE('',#6359,#864);
#490=LINE('',#6361,#865);
#491=LINE('',#6363,#866);
#492=LINE('',#6366,#867);
#493=LINE('',#6368,#868);
#494=LINE('',#6370,#869);
#495=LINE('',#6372,#870);
#496=LINE('',#6375,#871);
#497=LINE('',#6377,#872);
#498=LINE('',#6379,#873);
#499=LINE('',#6381,#874);
#500=LINE('',#6384,#875);
#501=LINE('',#6386,#876);
#502=LINE('',#6388,#877);
#503=LINE('',#6390,#878);
#504=LINE('',#6395,#879);
#505=LINE('',#6397,#880);
#506=LINE('',#6398,#881);
#507=LINE('',#6399,#882);
#508=LINE('',#6400,#883);
#509=LINE('',#6402,#884);
#510=LINE('',#6404,#885);
#511=LINE('',#6407,#886);
#512=LINE('',#6409,#887);
#513=LINE('',#6411,#888);
#514=LINE('',#6413,#889);
#515=LINE('',#6416,#890);
#516=LINE('',#6418,#891);
#517=LINE('',#6420,#892);
#518=LINE('',#6422,#893);
#519=LINE('',#6425,#894);
#520=LINE('',#6427,#895);
#521=LINE('',#6432,#896);
#522=LINE('',#6435,#897);
#523=LINE('',#6437,#898);
#524=LINE('',#6439,#899);
#525=LINE('',#6441,#900);
#526=LINE('',#6444,#901);
#527=LINE('',#6446,#902);
#528=LINE('',#6448,#903);
#529=LINE('',#6450,#904);
#530=LINE('',#6453,#905);
#531=LINE('',#6455,#906);
#532=LINE('',#6457,#907);
#533=LINE('',#6497,#908);
#534=LINE('',#6500,#909);
#535=LINE('',#6502,#910);
#536=LINE('',#6504,#911);
#537=LINE('',#6506,#912);
#538=LINE('',#6508,#913);
#539=LINE('',#6513,#914);
#540=LINE('',#6514,#915);
#541=LINE('',#6515,#916);
#542=LINE('',#6517,#917);
#543=LINE('',#6519,#918);
#544=LINE('',#6520,#919);
#545=LINE('',#6523,#920);
#546=LINE('',#6525,#921);
#547=LINE('',#6527,#922);
#548=LINE('',#6528,#923);
#549=LINE('',#6531,#924);
#550=LINE('',#6533,#925);
#551=LINE('',#6535,#926);
#552=LINE('',#6537,#927);
#553=LINE('',#6540,#928);
#554=LINE('',#6541,#929);
#555=LINE('',#6543,#930);
#556=LINE('',#6545,#931);
#557=LINE('',#6547,#932);
#558=LINE('',#6549,#933);
#559=LINE('',#6552,#934);
#560=LINE('',#6553,#935);
#561=LINE('',#6555,#936);
#562=LINE('',#6557,#937);
#563=LINE('',#6559,#938);
#564=LINE('',#6563,#939);
#565=LINE('',#6567,#940);
#566=LINE('',#6569,#941);
#567=LINE('',#6571,#942);
#568=LINE('',#6625,#943);
#569=LINE('',#6627,#944);
#570=LINE('',#6629,#945);
#571=LINE('',#6630,#946);
#572=LINE('',#6632,#947);
#573=LINE('',#6634,#948);
#574=LINE('',#6641,#949);
#575=LINE('',#6643,#950);
#576=LINE('',#6645,#951);
#577=LINE('',#6650,#952);
#578=LINE('',#6654,#953);
#579=LINE('',#6656,#954);
#580=LINE('',#6658,#955);
#581=LINE('',#6660,#956);
#582=LINE('',#6662,#957);
#583=LINE('',#6666,#958);
#584=LINE('',#6668,#959);
#585=LINE('',#6672,#960);
#586=LINE('',#6674,#961);
#587=LINE('',#6676,#962);
#588=LINE('',#6678,#963);
#589=LINE('',#6680,#964);
#590=LINE('',#6684,#965);
#591=LINE('',#6689,#966);
#592=LINE('',#6695,#967);
#593=LINE('',#6697,#968);
#594=LINE('',#6698,#969);
#595=LINE('',#6699,#970);
#596=LINE('',#6700,#971);
#597=LINE('',#6701,#972);
#598=LINE('',#6703,#973);
#599=LINE('',#6705,#974);
#600=LINE('',#6707,#975);
#601=LINE('',#6709,#976);
#602=LINE('',#6711,#977);
#603=LINE('',#6712,#978);
#604=LINE('',#6719,#979);
#605=LINE('',#6721,#980);
#606=LINE('',#6722,#981);
#607=LINE('',#6723,#982);
#608=LINE('',#6725,#983);
#609=LINE('',#6759,#984);
#610=LINE('',#6760,#985);
#611=LINE('',#6761,#986);
#612=LINE('',#6762,#987);
#613=LINE('',#6764,#988);
#614=LINE('',#6766,#989);
#615=LINE('',#6768,#990);
#616=LINE('',#6769,#991);
#617=LINE('',#6770,#992);
#618=LINE('',#6771,#993);
#619=LINE('',#6772,#994);
#620=LINE('',#6774,#995);
#621=LINE('',#6775,#996);
#622=LINE('',#6776,#997);
#623=LINE('',#6777,#998);
#624=LINE('',#6778,#999);
#625=LINE('',#6781,#1000);
#626=LINE('',#6815,#1001);
#627=LINE('',#6817,#1002);
#628=LINE('',#6819,#1003);
#629=LINE('',#6821,#1004);
#630=LINE('',#6823,#1005);
#631=LINE('',#6824,#1006);
#632=LINE('',#6826,#1007);
#633=LINE('',#6828,#1008);
#634=LINE('',#6830,#1009);
#635=LINE('',#6838,#1010);
#636=LINE('',#6842,#1011);
#637=LINE('',#6844,#1012);
#638=LINE('',#6846,#1013);
#639=LINE('',#6848,#1014);
#640=LINE('',#6850,#1015);
#641=LINE('',#6852,#1016);
#642=LINE('',#6854,#1017);
#643=LINE('',#6856,#1018);
#644=LINE('',#6860,#1019);
#645=LINE('',#6862,#1020);
#646=LINE('',#6864,#1021);
#647=VECTOR('',#4432,39.3700787401575);
#648=VECTOR('',#4435,39.3700787401575);
#649=VECTOR('',#4438,39.3700787401575);
#650=VECTOR('',#4439,39.3700787401575);
#651=VECTOR('',#4440,39.3700787401575);
#652=VECTOR('',#4445,39.3700787401575);
#653=VECTOR('',#4448,39.3700787401575);
#654=VECTOR('',#4453,39.3700787401575);
#655=VECTOR('',#4456,39.3700787401575);
#656=VECTOR('',#4459,39.3700787401575);
#657=VECTOR('',#4462,39.3700787401575);
#658=VECTOR('',#4467,39.3700787401575);
#659=VECTOR('',#4468,39.3700787401575);
#660=VECTOR('',#4473,39.3700787401575);
#661=VECTOR('',#4476,39.3700787401575);
#662=VECTOR('',#4481,39.3700787401575);
#663=VECTOR('',#4484,39.3700787401575);
#664=VECTOR('',#4487,39.3700787401575);
#665=VECTOR('',#4488,39.3700787401575);
#666=VECTOR('',#4489,39.3700787401575);
#667=VECTOR('',#4490,39.3700787401575);
#668=VECTOR('',#4493,39.3700787401575);
#669=VECTOR('',#4494,39.3700787401575);
#670=VECTOR('',#4495,39.3700787401575);
#671=VECTOR('',#4496,39.3700787401575);
#672=VECTOR('',#4499,39.3700787401575);
#673=VECTOR('',#4506,39.3700787401575);
#674=VECTOR('',#4509,39.3700787401575);
#675=VECTOR('',#4514,39.3700787401575);
#676=VECTOR('',#4515,39.3700787401575);
#677=VECTOR('',#4518,39.3700787401575);
#678=VECTOR('',#4519,39.3700787401575);
#679=VECTOR('',#4524,39.3700787401575);
#680=VECTOR('',#4525,39.3700787401575);
#681=VECTOR('',#4526,39.3700787401575);
#682=VECTOR('',#4527,39.3700787401575);
#683=VECTOR('',#4530,39.3700787401575);
#684=VECTOR('',#4539,39.3700787401575);
#685=VECTOR('',#4542,39.3700787401575);
#686=VECTOR('',#4545,39.3700787401575);
#687=VECTOR('',#4548,39.3700787401575);
#688=VECTOR('',#4551,39.3700787401575);
#689=VECTOR('',#4560,39.3700787401575);
#690=VECTOR('',#4563,39.3700787401575);
#691=VECTOR('',#4566,39.3700787401575);
#692=VECTOR('',#4567,39.3700787401575);
#693=VECTOR('',#4568,39.3700787401575);
#694=VECTOR('',#4571,39.3700787401575);
#695=VECTOR('',#4572,39.3700787401575);
#696=VECTOR('',#4573,39.3700787401575);
#697=VECTOR('',#4574,39.3700787401575);
#698=VECTOR('',#4577,39.3700787401575);
#699=VECTOR('',#4578,39.3700787401575);
#700=VECTOR('',#4579,39.3700787401575);
#701=VECTOR('',#4580,39.3700787401575);
#702=VECTOR('',#4583,39.3700787401575);
#703=VECTOR('',#4584,39.3700787401575);
#704=VECTOR('',#4585,39.3700787401575);
#705=VECTOR('',#4586,39.3700787401575);
#706=VECTOR('',#4591,39.3700787401575);
#707=VECTOR('',#4594,39.3700787401575);
#708=VECTOR('',#4599,39.3700787401575);
#709=VECTOR('',#4602,39.3700787401575);
#710=VECTOR('',#4607,39.3700787401575);
#711=VECTOR('',#4608,39.3700787401575);
#712=VECTOR('',#4611,39.3700787401575);
#713=VECTOR('',#4614,39.3700787401575);
#714=VECTOR('',#4619,39.3700787401575);
#715=VECTOR('',#4622,39.3700787401575);
#716=VECTOR('',#4625,39.3700787401575);
#717=VECTOR('',#4628,39.3700787401575);
#718=VECTOR('',#4635,39.3700787401575);
#719=VECTOR('',#4640,39.3700787401575);
#720=VECTOR('',#4641,39.3700787401575);
#721=VECTOR('',#4644,39.3700787401575);
#722=VECTOR('',#4649,39.3700787401575);
#723=VECTOR('',#4652,39.3700787401575);
#724=VECTOR('',#4653,39.3700787401575);
#725=VECTOR('',#4654,39.3700787401575);
#726=VECTOR('',#4657,39.3700787401575);
#727=VECTOR('',#4660,39.3700787401575);
#728=VECTOR('',#4667,39.3700787401575);
#729=VECTOR('',#4676,39.3700787401575);
#730=VECTOR('',#4679,39.3700787401575);
#731=VECTOR('',#4686,39.3700787401575);
#732=VECTOR('',#4693,39.3700787401575);
#733=VECTOR('',#4698,39.3700787401575);
#734=VECTOR('',#4701,39.3700787401575);
#735=VECTOR('',#4710,39.3700787401575);
#736=VECTOR('',#4711,39.3700787401575);
#737=VECTOR('',#4718,39.3700787401575);
#738=VECTOR('',#4719,39.3700787401575);
#739=VECTOR('',#4726,39.3700787401575);
#740=VECTOR('',#4733,39.3700787401575);
#741=VECTOR('',#4738,39.3700787401575);
#742=VECTOR('',#4741,39.3700787401575);
#743=VECTOR('',#4750,39.3700787401575);
#744=VECTOR('',#4751,39.3700787401575);
#745=VECTOR('',#4758,39.3700787401575);
#746=VECTOR('',#4759,39.3700787401575);
#747=VECTOR('',#4768,39.3700787401575);
#748=VECTOR('',#4771,39.3700787401575);
#749=VECTOR('',#4780,39.3700787401575);
#750=VECTOR('',#4787,39.3700787401575);
#751=VECTOR('',#4790,39.3700787401575);
#752=VECTOR('',#4791,39.3700787401575);
#753=VECTOR('',#4798,39.3700787401575);
#754=VECTOR('',#4799,39.3700787401575);
#755=VECTOR('',#4808,39.3700787401575);
#756=VECTOR('',#4811,39.3700787401575);
#757=VECTOR('',#4820,39.3700787401575);
#758=VECTOR('',#4827,39.3700787401575);
#759=VECTOR('',#4830,39.3700787401575);
#760=VECTOR('',#4831,39.3700787401575);
#761=VECTOR('',#4838,39.3700787401575);
#762=VECTOR('',#4839,39.3700787401575);
#763=VECTOR('',#4846,39.3700787401575);
#764=VECTOR('',#4853,39.3700787401575);
#765=VECTOR('',#4858,39.3700787401575);
#766=VECTOR('',#4861,39.3700787401575);
#767=VECTOR('',#4870,39.3700787401575);
#768=VECTOR('',#4871,39.3700787401575);
#769=VECTOR('',#4878,39.3700787401575);
#770=VECTOR('',#4879,39.3700787401575);
#771=VECTOR('',#4886,39.3700787401575);
#772=VECTOR('',#4893,39.3700787401575);
#773=VECTOR('',#4898,39.3700787401575);
#774=VECTOR('',#4901,39.3700787401575);
#775=VECTOR('',#4910,39.3700787401575);
#776=VECTOR('',#4911,39.3700787401575);
#777=VECTOR('',#4918,39.3700787401575);
#778=VECTOR('',#4919,39.3700787401575);
#779=VECTOR('',#4926,39.3700787401575);
#780=VECTOR('',#4933,39.3700787401575);
#781=VECTOR('',#4938,39.3700787401575);
#782=VECTOR('',#4941,39.3700787401575);
#783=VECTOR('',#4950,39.3700787401575);
#784=VECTOR('',#4951,39.3700787401575);
#785=VECTOR('',#4958,39.3700787401575);
#786=VECTOR('',#4959,39.3700787401575);
#787=VECTOR('',#4966,39.3700787401575);
#788=VECTOR('',#4973,39.3700787401575);
#789=VECTOR('',#4978,39.3700787401575);
#790=VECTOR('',#4981,39.3700787401575);
#791=VECTOR('',#4990,39.3700787401575);
#792=VECTOR('',#4991,39.3700787401575);
#793=VECTOR('',#4998,39.3700787401575);
#794=VECTOR('',#4999,39.3700787401575);
#795=VECTOR('',#5008,39.3700787401575);
#796=VECTOR('',#5011,39.3700787401575);
#797=VECTOR('',#5020,39.3700787401575);
#798=VECTOR('',#5027,39.3700787401575);
#799=VECTOR('',#5030,39.3700787401575);
#800=VECTOR('',#5031,39.3700787401575);
#801=VECTOR('',#5038,39.3700787401575);
#802=VECTOR('',#5039,39.3700787401575);
#803=VECTOR('',#5048,39.3700787401575);
#804=VECTOR('',#5051,39.3700787401575);
#805=VECTOR('',#5060,39.3700787401575);
#806=VECTOR('',#5067,39.3700787401575);
#807=VECTOR('',#5070,39.3700787401575);
#808=VECTOR('',#5071,39.3700787401575);
#809=VECTOR('',#5078,39.3700787401575);
#810=VECTOR('',#5079,39.3700787401575);
#811=VECTOR('',#5088,39.3700787401575);
#812=VECTOR('',#5091,39.3700787401575);
#813=VECTOR('',#5100,39.3700787401575);
#814=VECTOR('',#5107,39.3700787401575);
#815=VECTOR('',#5110,39.3700787401575);
#816=VECTOR('',#5111,39.3700787401575);
#817=VECTOR('',#5118,39.3700787401575);
#818=VECTOR('',#5119,39.3700787401575);
#819=VECTOR('',#5128,39.3700787401575);
#820=VECTOR('',#5131,39.3700787401575);
#821=VECTOR('',#5140,39.3700787401575);
#822=VECTOR('',#5147,39.3700787401575);
#823=VECTOR('',#5150,39.3700787401575);
#824=VECTOR('',#5151,39.3700787401575);
#825=VECTOR('',#5158,39.3700787401575);
#826=VECTOR('',#5159,39.3700787401575);
#827=VECTOR('',#5166,39.3700787401575);
#828=VECTOR('',#5167,39.3700787401575);
#829=VECTOR('',#5168,39.3700787401575);
#830=VECTOR('',#5169,39.3700787401575);
#831=VECTOR('',#5172,39.3700787401575);
#832=VECTOR('',#5173,39.3700787401575);
#833=VECTOR('',#5174,39.3700787401575);
#834=VECTOR('',#5177,39.3700787401575);
#835=VECTOR('',#5178,39.3700787401575);
#836=VECTOR('',#5179,39.3700787401575);
#837=VECTOR('',#5180,39.3700787401575);
#838=VECTOR('',#5183,39.3700787401575);
#839=VECTOR('',#5184,39.3700787401575);
#840=VECTOR('',#5185,39.3700787401575);
#841=VECTOR('',#5186,39.3700787401575);
#842=VECTOR('',#5189,39.3700787401575);
#843=VECTOR('',#5190,39.3700787401575);
#844=VECTOR('',#5191,39.3700787401575);
#845=VECTOR('',#5192,39.3700787401575);
#846=VECTOR('',#5195,39.3700787401575);
#847=VECTOR('',#5196,39.3700787401575);
#848=VECTOR('',#5197,39.3700787401575);
#849=VECTOR('',#5198,39.3700787401575);
#850=VECTOR('',#5201,39.3700787401575);
#851=VECTOR('',#5202,39.3700787401575);
#852=VECTOR('',#5203,39.3700787401575);
#853=VECTOR('',#5204,39.3700787401575);
#854=VECTOR('',#5207,39.3700787401575);
#855=VECTOR('',#5208,39.3700787401575);
#856=VECTOR('',#5209,39.3700787401575);
#857=VECTOR('',#5210,39.3700787401575);
#858=VECTOR('',#5213,39.3700787401575);
#859=VECTOR('',#5214,39.3700787401575);
#860=VECTOR('',#5215,39.3700787401575);
#861=VECTOR('',#5216,39.3700787401575);
#862=VECTOR('',#5219,39.3700787401575);
#863=VECTOR('',#5220,39.3700787401575);
#864=VECTOR('',#5221,39.3700787401575);
#865=VECTOR('',#5222,39.3700787401575);
#866=VECTOR('',#5225,39.3700787401575);
#867=VECTOR('',#5226,39.3700787401575);
#868=VECTOR('',#5227,39.3700787401575);
#869=VECTOR('',#5228,39.3700787401575);
#870=VECTOR('',#5231,39.3700787401575);
#871=VECTOR('',#5232,39.3700787401575);
#872=VECTOR('',#5233,39.3700787401575);
#873=VECTOR('',#5234,39.3700787401575);
#874=VECTOR('',#5237,39.3700787401575);
#875=VECTOR('',#5238,39.3700787401575);
#876=VECTOR('',#5239,39.3700787401575);
#877=VECTOR('',#5240,39.3700787401575);
#878=VECTOR('',#5243,39.3700787401575);
#879=VECTOR('',#5244,39.3700787401575);
#880=VECTOR('',#5247,39.3700787401575);
#881=VECTOR('',#5248,39.3700787401575);
#882=VECTOR('',#5249,39.3700787401575);
#883=VECTOR('',#5250,39.3700787401575);
#884=VECTOR('',#5253,39.3700787401575);
#885=VECTOR('',#5256,39.3700787401575);
#886=VECTOR('',#5257,39.3700787401575);
#887=VECTOR('',#5258,39.3700787401575);
#888=VECTOR('',#5259,39.3700787401575);
#889=VECTOR('',#5262,39.3700787401575);
#890=VECTOR('',#5263,39.3700787401575);
#891=VECTOR('',#5264,39.3700787401575);
#892=VECTOR('',#5265,39.3700787401575);
#893=VECTOR('',#5268,39.3700787401575);
#894=VECTOR('',#5269,39.3700787401575);
#895=VECTOR('',#5270,39.3700787401575);
#896=VECTOR('',#5273,39.3700787401575);
#897=VECTOR('',#5274,39.3700787401575);
#898=VECTOR('',#5275,39.3700787401575);
#899=VECTOR('',#5276,39.3700787401575);
#900=VECTOR('',#5279,39.3700787401575);
#901=VECTOR('',#5280,39.3700787401575);
#902=VECTOR('',#5281,39.3700787401575);
#903=VECTOR('',#5282,39.3700787401575);
#904=VECTOR('',#5285,39.3700787401575);
#905=VECTOR('',#5286,39.3700787401575);
#906=VECTOR('',#5287,39.3700787401575);
#907=VECTOR('',#5288,39.3700787401575);
#908=VECTOR('',#5291,39.3700787401575);
#909=VECTOR('',#5292,39.3700787401575);
#910=VECTOR('',#5293,39.3700787401575);
#911=VECTOR('',#5294,39.3700787401575);
#912=VECTOR('',#5295,39.3700787401575);
#913=VECTOR('',#5296,39.3700787401575);
#914=VECTOR('',#5297,39.3700787401575);
#915=VECTOR('',#5298,39.3700787401575);
#916=VECTOR('',#5299,39.3700787401575);
#917=VECTOR('',#5300,39.3700787401575);
#918=VECTOR('',#5301,39.3700787401575);
#919=VECTOR('',#5302,39.3700787401575);
#920=VECTOR('',#5303,39.3700787401575);
#921=VECTOR('',#5304,39.3700787401575);
#922=VECTOR('',#5305,39.3700787401575);
#923=VECTOR('',#5306,39.3700787401575);
#924=VECTOR('',#5307,39.3700787401575);
#925=VECTOR('',#5308,39.3700787401575);
#926=VECTOR('',#5309,39.3700787401575);
#927=VECTOR('',#5312,39.3700787401575);
#928=VECTOR('',#5313,39.3700787401575);
#929=VECTOR('',#5314,39.3700787401575);
#930=VECTOR('',#5317,39.3700787401575);
#931=VECTOR('',#5318,39.3700787401575);
#932=VECTOR('',#5319,39.3700787401575);
#933=VECTOR('',#5322,39.3700787401575);
#934=VECTOR('',#5323,39.3700787401575);
#935=VECTOR('',#5324,39.3700787401575);
#936=VECTOR('',#5327,39.3700787401575);
#937=VECTOR('',#5328,39.3700787401575);
#938=VECTOR('',#5329,39.3700787401575);
#939=VECTOR('',#5334,39.3700787401575);
#940=VECTOR('',#5339,39.3700787401575);
#941=VECTOR('',#5340,39.3700787401575);
#942=VECTOR('',#5341,39.3700787401575);
#943=VECTOR('',#5352,39.3700787401575);
#944=VECTOR('',#5353,39.3700787401575);
#945=VECTOR('',#5354,39.3700787401575);
#946=VECTOR('',#5355,39.3700787401575);
#947=VECTOR('',#5356,39.3700787401575);
#948=VECTOR('',#5357,39.3700787401575);
#949=VECTOR('',#5358,39.3700787401575);
#950=VECTOR('',#5359,39.3700787401575);
#951=VECTOR('',#5360,39.3700787401575);
#952=VECTOR('',#5365,39.3700787401575);
#953=VECTOR('',#5368,39.3700787401575);
#954=VECTOR('',#5371,39.3700787401575);
#955=VECTOR('',#5372,39.3700787401575);
#956=VECTOR('',#5373,39.3700787401575);
#957=VECTOR('',#5376,39.3700787401575);
#958=VECTOR('',#5379,39.3700787401575);
#959=VECTOR('',#5382,39.3700787401575);
#960=VECTOR('',#5385,39.3700787401575);
#961=VECTOR('',#5388,39.3700787401575);
#962=VECTOR('',#5389,39.3700787401575);
#963=VECTOR('',#5390,39.3700787401575);
#964=VECTOR('',#5393,39.3700787401575);
#965=VECTOR('',#5396,39.3700787401575);
#966=VECTOR('',#5401,39.3700787401575);
#967=VECTOR('',#5402,39.3700787401575);
#968=VECTOR('',#5405,39.3700787401575);
#969=VECTOR('',#5406,39.3700787401575);
#970=VECTOR('',#5407,39.3700787401575);
#971=VECTOR('',#5408,39.3700787401575);
#972=VECTOR('',#5409,39.3700787401575);
#973=VECTOR('',#5412,39.3700787401575);
#974=VECTOR('',#5415,39.3700787401575);
#975=VECTOR('',#5416,39.3700787401575);
#976=VECTOR('',#5417,39.3700787401575);
#977=VECTOR('',#5420,39.3700787401575);
#978=VECTOR('',#5421,39.3700787401575);
#979=VECTOR('',#5424,39.3700787401575);
#980=VECTOR('',#5427,39.3700787401575);
#981=VECTOR('',#5428,39.3700787401575);
#982=VECTOR('',#5429,39.3700787401575);
#983=VECTOR('',#5430,39.3700787401575);
#984=VECTOR('',#5433,39.3700787401575);
#985=VECTOR('',#5434,39.3700787401575);
#986=VECTOR('',#5435,39.3700787401575);
#987=VECTOR('',#5436,39.3700787401575);
#988=VECTOR('',#5439,39.3700787401575);
#989=VECTOR('',#5442,39.3700787401575);
#990=VECTOR('',#5445,39.3700787401575);
#991=VECTOR('',#5446,39.3700787401575);
#992=VECTOR('',#5447,39.3700787401575);
#993=VECTOR('',#5448,39.3700787401575);
#994=VECTOR('',#5449,39.3700787401575);
#995=VECTOR('',#5452,39.3700787401575);
#996=VECTOR('',#5453,39.3700787401575);
#997=VECTOR('',#5454,39.3700787401575);
#998=VECTOR('',#5455,39.3700787401575);
#999=VECTOR('',#5456,39.3700787401575);
#1000=VECTOR('',#5459,39.3700787401575);
#1001=VECTOR('',#5462,39.3700787401575);
#1002=VECTOR('',#5465,39.3700787401575);
#1003=VECTOR('',#5468,39.3700787401575);
#1004=VECTOR('',#5469,39.3700787401575);
#1005=VECTOR('',#5472,39.3700787401575);
#1006=VECTOR('',#5473,39.3700787401575);
#1007=VECTOR('',#5476,39.3700787401575);
#1008=VECTOR('',#5479,39.3700787401575);
#1009=VECTOR('',#5482,39.3700787401575);
#1010=VECTOR('',#5497,39.3700787401575);
#1011=VECTOR('',#5504,39.3700787401575);
#1012=VECTOR('',#5507,39.3700787401575);
#1013=VECTOR('',#5510,39.3700787401575);
#1014=VECTOR('',#5513,39.3700787401575);
#1015=VECTOR('',#5516,39.3700787401575);
#1016=VECTOR('',#5519,39.3700787401575);
#1017=VECTOR('',#5522,39.3700787401575);
#1018=VECTOR('',#5525,39.3700787401575);
#1019=VECTOR('',#5530,39.3700787401575);
#1020=VECTOR('',#5533,39.3700787401575);
#1021=VECTOR('',#5536,39.3700787401575);
#1022=ORIENTED_EDGE('',*,*,#2068,.F.);
#1023=ORIENTED_EDGE('',*,*,#2069,.F.);
#1024=ORIENTED_EDGE('',*,*,#2070,.F.);
#1025=ORIENTED_EDGE('',*,*,#2071,.F.);
#1026=ORIENTED_EDGE('',*,*,#2072,.F.);
#1027=ORIENTED_EDGE('',*,*,#2073,.F.);
#1028=ORIENTED_EDGE('',*,*,#2069,.T.);
#1029=ORIENTED_EDGE('',*,*,#2074,.T.);
#1030=ORIENTED_EDGE('',*,*,#2075,.F.);
#1031=ORIENTED_EDGE('',*,*,#2076,.F.);
#1032=ORIENTED_EDGE('',*,*,#2077,.T.);
#1033=ORIENTED_EDGE('',*,*,#2078,.T.);
#1034=ORIENTED_EDGE('',*,*,#2079,.F.);
#1035=ORIENTED_EDGE('',*,*,#2080,.F.);
#1036=ORIENTED_EDGE('',*,*,#2081,.T.);
#1037=ORIENTED_EDGE('',*,*,#2082,.T.);
#1038=ORIENTED_EDGE('',*,*,#2083,.F.);
#1039=ORIENTED_EDGE('',*,*,#2084,.F.);
#1040=ORIENTED_EDGE('',*,*,#2085,.T.);
#1041=ORIENTED_EDGE('',*,*,#2086,.T.);
#1042=ORIENTED_EDGE('',*,*,#2087,.F.);
#1043=ORIENTED_EDGE('',*,*,#2088,.F.);
#1044=ORIENTED_EDGE('',*,*,#2089,.T.);
#1045=ORIENTED_EDGE('',*,*,#2090,.T.);
#1046=ORIENTED_EDGE('',*,*,#2091,.F.);
#1047=ORIENTED_EDGE('',*,*,#2092,.F.);
#1048=ORIENTED_EDGE('',*,*,#2093,.F.);
#1049=ORIENTED_EDGE('',*,*,#2094,.F.);
#1050=ORIENTED_EDGE('',*,*,#2095,.T.);
#1051=ORIENTED_EDGE('',*,*,#2096,.T.);
#1052=ORIENTED_EDGE('',*,*,#2097,.F.);
#1053=ORIENTED_EDGE('',*,*,#2098,.T.);
#1054=ORIENTED_EDGE('',*,*,#2099,.F.);
#1055=ORIENTED_EDGE('',*,*,#2100,.F.);
#1056=ORIENTED_EDGE('',*,*,#2101,.T.);
#1057=ORIENTED_EDGE('',*,*,#2102,.T.);
#1058=ORIENTED_EDGE('',*,*,#2103,.F.);
#1059=ORIENTED_EDGE('',*,*,#2104,.F.);
#1060=ORIENTED_EDGE('',*,*,#2105,.F.);
#1061=ORIENTED_EDGE('',*,*,#2106,.F.);
#1062=ORIENTED_EDGE('',*,*,#2107,.F.);
#1063=ORIENTED_EDGE('',*,*,#2108,.F.);
#1064=ORIENTED_EDGE('',*,*,#2072,.T.);
#1065=ORIENTED_EDGE('',*,*,#2109,.T.);
#1066=ORIENTED_EDGE('',*,*,#2110,.T.);
#1067=ORIENTED_EDGE('',*,*,#2111,.F.);
#1068=ORIENTED_EDGE('',*,*,#2112,.F.);
#1069=ORIENTED_EDGE('',*,*,#2113,.T.);
#1070=ORIENTED_EDGE('',*,*,#2112,.T.);
#1071=ORIENTED_EDGE('',*,*,#2114,.T.);
#1072=ORIENTED_EDGE('',*,*,#2107,.T.);
#1073=ORIENTED_EDGE('',*,*,#2115,.T.);
#1074=ORIENTED_EDGE('',*,*,#2106,.T.);
#1075=ORIENTED_EDGE('',*,*,#2116,.T.);
#1076=ORIENTED_EDGE('',*,*,#2070,.T.);
#1077=ORIENTED_EDGE('',*,*,#2073,.T.);
#1078=ORIENTED_EDGE('',*,*,#2108,.T.);
#1079=ORIENTED_EDGE('',*,*,#2114,.F.);
#1080=ORIENTED_EDGE('',*,*,#2111,.T.);
#1081=ORIENTED_EDGE('',*,*,#2117,.T.);
#1082=ORIENTED_EDGE('',*,*,#2076,.T.);
#1083=ORIENTED_EDGE('',*,*,#2118,.T.);
#1084=ORIENTED_EDGE('',*,*,#2080,.T.);
#1085=ORIENTED_EDGE('',*,*,#2119,.T.);
#1086=ORIENTED_EDGE('',*,*,#2084,.T.);
#1087=ORIENTED_EDGE('',*,*,#2120,.T.);
#1088=ORIENTED_EDGE('',*,*,#2088,.T.);
#1089=ORIENTED_EDGE('',*,*,#2121,.T.);
#1090=ORIENTED_EDGE('',*,*,#2093,.T.);
#1091=ORIENTED_EDGE('',*,*,#2122,.T.);
#1092=ORIENTED_EDGE('',*,*,#2097,.T.);
#1093=ORIENTED_EDGE('',*,*,#2123,.T.);
#1094=ORIENTED_EDGE('',*,*,#2100,.T.);
#1095=ORIENTED_EDGE('',*,*,#2124,.T.);
#1096=ORIENTED_EDGE('',*,*,#2125,.F.);
#1097=ORIENTED_EDGE('',*,*,#2077,.F.);
#1098=ORIENTED_EDGE('',*,*,#2117,.F.);
#1099=ORIENTED_EDGE('',*,*,#2110,.F.);
#1100=ORIENTED_EDGE('',*,*,#2081,.F.);
#1101=ORIENTED_EDGE('',*,*,#2118,.F.);
#1102=ORIENTED_EDGE('',*,*,#2075,.T.);
#1103=ORIENTED_EDGE('',*,*,#2085,.F.);
#1104=ORIENTED_EDGE('',*,*,#2119,.F.);
#1105=ORIENTED_EDGE('',*,*,#2079,.T.);
#1106=ORIENTED_EDGE('',*,*,#2126,.T.);
#1107=ORIENTED_EDGE('',*,*,#2089,.F.);
#1108=ORIENTED_EDGE('',*,*,#2120,.F.);
#1109=ORIENTED_EDGE('',*,*,#2083,.T.);
#1110=ORIENTED_EDGE('',*,*,#2127,.T.);
#1111=ORIENTED_EDGE('',*,*,#2094,.T.);
#1112=ORIENTED_EDGE('',*,*,#2121,.F.);
#1113=ORIENTED_EDGE('',*,*,#2087,.T.);
#1114=ORIENTED_EDGE('',*,*,#2128,.T.);
#1115=ORIENTED_EDGE('',*,*,#2098,.F.);
#1116=ORIENTED_EDGE('',*,*,#2122,.F.);
#1117=ORIENTED_EDGE('',*,*,#2092,.T.);
#1118=ORIENTED_EDGE('',*,*,#2129,.T.);
#1119=ORIENTED_EDGE('',*,*,#2101,.F.);
#1120=ORIENTED_EDGE('',*,*,#2123,.F.);
#1121=ORIENTED_EDGE('',*,*,#2096,.F.);
#1122=ORIENTED_EDGE('',*,*,#2130,.F.);
#1123=ORIENTED_EDGE('',*,*,#2103,.T.);
#1124=ORIENTED_EDGE('',*,*,#2124,.F.);
#1125=ORIENTED_EDGE('',*,*,#2099,.T.);
#1126=ORIENTED_EDGE('',*,*,#2131,.T.);
#1127=ORIENTED_EDGE('',*,*,#2116,.F.);
#1128=ORIENTED_EDGE('',*,*,#2105,.T.);
#1129=ORIENTED_EDGE('',*,*,#2132,.T.);
#1130=ORIENTED_EDGE('',*,*,#2071,.T.);
#1131=ORIENTED_EDGE('',*,*,#2091,.T.);
#1132=ORIENTED_EDGE('',*,*,#2128,.F.);
#1133=ORIENTED_EDGE('',*,*,#2090,.F.);
#1134=ORIENTED_EDGE('',*,*,#2127,.F.);
#1135=ORIENTED_EDGE('',*,*,#2086,.F.);
#1136=ORIENTED_EDGE('',*,*,#2126,.F.);
#1137=ORIENTED_EDGE('',*,*,#2082,.F.);
#1138=ORIENTED_EDGE('',*,*,#2078,.F.);
#1139=ORIENTED_EDGE('',*,*,#2125,.T.);
#1140=ORIENTED_EDGE('',*,*,#2113,.F.);
#1141=ORIENTED_EDGE('',*,*,#2115,.F.);
#1142=ORIENTED_EDGE('',*,*,#2109,.F.);
#1143=ORIENTED_EDGE('',*,*,#2074,.F.);
#1144=ORIENTED_EDGE('',*,*,#2068,.T.);
#1145=ORIENTED_EDGE('',*,*,#2132,.F.);
#1146=ORIENTED_EDGE('',*,*,#2104,.T.);
#1147=ORIENTED_EDGE('',*,*,#2131,.F.);
#1148=ORIENTED_EDGE('',*,*,#2102,.F.);
#1149=ORIENTED_EDGE('',*,*,#2130,.T.);
#1150=ORIENTED_EDGE('',*,*,#2095,.F.);
#1151=ORIENTED_EDGE('',*,*,#2129,.F.);
#1152=ORIENTED_EDGE('',*,*,#2133,.T.);
#1153=ORIENTED_EDGE('',*,*,#2134,.T.);
#1154=ORIENTED_EDGE('',*,*,#2135,.F.);
#1155=ORIENTED_EDGE('',*,*,#2136,.F.);
#1156=ORIENTED_EDGE('',*,*,#2137,.F.);
#1157=ORIENTED_EDGE('',*,*,#2138,.F.);
#1158=ORIENTED_EDGE('',*,*,#2134,.F.);
#1159=ORIENTED_EDGE('',*,*,#2139,.F.);
#1160=ORIENTED_EDGE('',*,*,#2140,.T.);
#1161=ORIENTED_EDGE('',*,*,#2141,.T.);
#1162=ORIENTED_EDGE('',*,*,#2142,.T.);
#1163=ORIENTED_EDGE('',*,*,#2143,.F.);
#1164=ORIENTED_EDGE('',*,*,#2144,.F.);
#1165=ORIENTED_EDGE('',*,*,#2145,.T.);
#1166=ORIENTED_EDGE('',*,*,#2146,.T.);
#1167=ORIENTED_EDGE('',*,*,#2147,.T.);
#1168=ORIENTED_EDGE('',*,*,#2148,.T.);
#1169=ORIENTED_EDGE('',*,*,#2149,.T.);
#1170=ORIENTED_EDGE('',*,*,#2150,.F.);
#1171=ORIENTED_EDGE('',*,*,#2151,.F.);
#1172=ORIENTED_EDGE('',*,*,#2152,.T.);
#1173=ORIENTED_EDGE('',*,*,#2153,.T.);
#1174=ORIENTED_EDGE('',*,*,#2154,.F.);
#1175=ORIENTED_EDGE('',*,*,#2155,.F.);
#1176=ORIENTED_EDGE('',*,*,#2156,.T.);
#1177=ORIENTED_EDGE('',*,*,#2157,.T.);
#1178=ORIENTED_EDGE('',*,*,#2158,.F.);
#1179=ORIENTED_EDGE('',*,*,#2159,.F.);
#1180=ORIENTED_EDGE('',*,*,#2160,.T.);
#1181=ORIENTED_EDGE('',*,*,#2161,.T.);
#1182=ORIENTED_EDGE('',*,*,#2162,.F.);
#1183=ORIENTED_EDGE('',*,*,#2163,.F.);
#1184=ORIENTED_EDGE('',*,*,#2164,.T.);
#1185=ORIENTED_EDGE('',*,*,#2165,.T.);
#1186=ORIENTED_EDGE('',*,*,#2166,.F.);
#1187=ORIENTED_EDGE('',*,*,#2167,.F.);
#1188=ORIENTED_EDGE('',*,*,#2168,.F.);
#1189=ORIENTED_EDGE('',*,*,#2169,.F.);
#1190=ORIENTED_EDGE('',*,*,#2170,.F.);
#1191=ORIENTED_EDGE('',*,*,#2171,.F.);
#1192=ORIENTED_EDGE('',*,*,#2172,.F.);
#1193=ORIENTED_EDGE('',*,*,#2173,.T.);
#1194=ORIENTED_EDGE('',*,*,#2174,.T.);
#1195=ORIENTED_EDGE('',*,*,#2175,.F.);
#1196=ORIENTED_EDGE('',*,*,#2150,.T.);
#1197=ORIENTED_EDGE('',*,*,#2176,.T.);
#1198=ORIENTED_EDGE('',*,*,#2177,.F.);
#1199=ORIENTED_EDGE('',*,*,#2178,.T.);
#1200=ORIENTED_EDGE('',*,*,#2177,.T.);
#1201=ORIENTED_EDGE('',*,*,#2179,.T.);
#1202=ORIENTED_EDGE('',*,*,#2172,.T.);
#1203=ORIENTED_EDGE('',*,*,#2180,.T.);
#1204=ORIENTED_EDGE('',*,*,#2170,.T.);
#1205=ORIENTED_EDGE('',*,*,#2181,.F.);
#1206=ORIENTED_EDGE('',*,*,#2165,.F.);
#1207=ORIENTED_EDGE('',*,*,#2182,.F.);
#1208=ORIENTED_EDGE('',*,*,#2161,.F.);
#1209=ORIENTED_EDGE('',*,*,#2183,.F.);
#1210=ORIENTED_EDGE('',*,*,#2157,.F.);
#1211=ORIENTED_EDGE('',*,*,#2184,.F.);
#1212=ORIENTED_EDGE('',*,*,#2153,.F.);
#1213=ORIENTED_EDGE('',*,*,#2185,.T.);
#1214=ORIENTED_EDGE('',*,*,#2173,.F.);
#1215=ORIENTED_EDGE('',*,*,#2179,.F.);
#1216=ORIENTED_EDGE('',*,*,#2176,.F.);
#1217=ORIENTED_EDGE('',*,*,#2149,.F.);
#1218=ORIENTED_EDGE('',*,*,#2186,.T.);
#1219=ORIENTED_EDGE('',*,*,#2146,.F.);
#1220=ORIENTED_EDGE('',*,*,#2187,.T.);
#1221=ORIENTED_EDGE('',*,*,#2141,.F.);
#1222=ORIENTED_EDGE('',*,*,#2188,.F.);
#1223=ORIENTED_EDGE('',*,*,#2139,.T.);
#1224=ORIENTED_EDGE('',*,*,#2133,.F.);
#1225=ORIENTED_EDGE('',*,*,#2189,.F.);
#1226=ORIENTED_EDGE('',*,*,#2137,.T.);
#1227=ORIENTED_EDGE('',*,*,#2188,.T.);
#1228=ORIENTED_EDGE('',*,*,#2140,.F.);
#1229=ORIENTED_EDGE('',*,*,#2190,.F.);
#1230=ORIENTED_EDGE('',*,*,#2142,.F.);
#1231=ORIENTED_EDGE('',*,*,#2187,.F.);
#1232=ORIENTED_EDGE('',*,*,#2145,.F.);
#1233=ORIENTED_EDGE('',*,*,#2191,.F.);
#1234=ORIENTED_EDGE('',*,*,#2192,.F.);
#1235=ORIENTED_EDGE('',*,*,#2147,.F.);
#1236=ORIENTED_EDGE('',*,*,#2186,.F.);
#1237=ORIENTED_EDGE('',*,*,#2148,.F.);
#1238=ORIENTED_EDGE('',*,*,#2193,.F.);
#1239=ORIENTED_EDGE('',*,*,#2174,.F.);
#1240=ORIENTED_EDGE('',*,*,#2185,.F.);
#1241=ORIENTED_EDGE('',*,*,#2152,.F.);
#1242=ORIENTED_EDGE('',*,*,#2154,.T.);
#1243=ORIENTED_EDGE('',*,*,#2184,.T.);
#1244=ORIENTED_EDGE('',*,*,#2156,.F.);
#1245=ORIENTED_EDGE('',*,*,#2158,.T.);
#1246=ORIENTED_EDGE('',*,*,#2183,.T.);
#1247=ORIENTED_EDGE('',*,*,#2160,.F.);
#1248=ORIENTED_EDGE('',*,*,#2194,.F.);
#1249=ORIENTED_EDGE('',*,*,#2162,.T.);
#1250=ORIENTED_EDGE('',*,*,#2182,.T.);
#1251=ORIENTED_EDGE('',*,*,#2164,.F.);
#1252=ORIENTED_EDGE('',*,*,#2195,.F.);
#1253=ORIENTED_EDGE('',*,*,#2166,.T.);
#1254=ORIENTED_EDGE('',*,*,#2181,.T.);
#1255=ORIENTED_EDGE('',*,*,#2169,.T.);
#1256=ORIENTED_EDGE('',*,*,#2196,.F.);
#1257=ORIENTED_EDGE('',*,*,#2171,.T.);
#1258=ORIENTED_EDGE('',*,*,#2189,.T.);
#1259=ORIENTED_EDGE('',*,*,#2136,.T.);
#1260=ORIENTED_EDGE('',*,*,#2197,.F.);
#1261=ORIENTED_EDGE('',*,*,#2191,.T.);
#1262=ORIENTED_EDGE('',*,*,#2144,.T.);
#1263=ORIENTED_EDGE('',*,*,#2192,.T.);
#1264=ORIENTED_EDGE('',*,*,#2151,.T.);
#1265=ORIENTED_EDGE('',*,*,#2178,.F.);
#1266=ORIENTED_EDGE('',*,*,#2180,.F.);
#1267=ORIENTED_EDGE('',*,*,#2175,.T.);
#1268=ORIENTED_EDGE('',*,*,#2193,.T.);
#1269=ORIENTED_EDGE('',*,*,#2155,.T.);
#1270=ORIENTED_EDGE('',*,*,#2159,.T.);
#1271=ORIENTED_EDGE('',*,*,#2194,.T.);
#1272=ORIENTED_EDGE('',*,*,#2163,.T.);
#1273=ORIENTED_EDGE('',*,*,#2195,.T.);
#1274=ORIENTED_EDGE('',*,*,#2167,.T.);
#1275=ORIENTED_EDGE('',*,*,#2196,.T.);
#1276=ORIENTED_EDGE('',*,*,#2168,.T.);
#1277=ORIENTED_EDGE('',*,*,#2197,.T.);
#1278=ORIENTED_EDGE('',*,*,#2135,.T.);
#1279=ORIENTED_EDGE('',*,*,#2138,.T.);
#1280=ORIENTED_EDGE('',*,*,#2190,.T.);
#1281=ORIENTED_EDGE('',*,*,#2143,.T.);
#1282=ORIENTED_EDGE('',*,*,#2198,.F.);
#1283=ORIENTED_EDGE('',*,*,#2199,.F.);
#1284=ORIENTED_EDGE('',*,*,#2200,.F.);
#1285=ORIENTED_EDGE('',*,*,#2201,.F.);
#1286=ORIENTED_EDGE('',*,*,#2202,.F.);
#1287=ORIENTED_EDGE('',*,*,#2203,.F.);
#1288=ORIENTED_EDGE('',*,*,#2204,.T.);
#1289=ORIENTED_EDGE('',*,*,#2205,.F.);
#1290=ORIENTED_EDGE('',*,*,#2206,.T.);
#1291=ORIENTED_EDGE('',*,*,#2198,.T.);
#1292=ORIENTED_EDGE('',*,*,#2207,.F.);
#1293=ORIENTED_EDGE('',*,*,#2201,.T.);
#1294=ORIENTED_EDGE('',*,*,#2208,.F.);
#1295=ORIENTED_EDGE('',*,*,#2209,.F.);
#1296=ORIENTED_EDGE('',*,*,#2210,.F.);
#1297=ORIENTED_EDGE('',*,*,#2204,.F.);
#1298=ORIENTED_EDGE('',*,*,#2211,.F.);
#1299=ORIENTED_EDGE('',*,*,#2203,.T.);
#1300=ORIENTED_EDGE('',*,*,#2209,.T.);
#1301=ORIENTED_EDGE('',*,*,#2206,.F.);
#1302=ORIENTED_EDGE('',*,*,#2208,.T.);
#1303=ORIENTED_EDGE('',*,*,#2200,.T.);
#1304=ORIENTED_EDGE('',*,*,#2207,.T.);
#1305=ORIENTED_EDGE('',*,*,#2199,.T.);
#1306=ORIENTED_EDGE('',*,*,#2211,.T.);
#1307=ORIENTED_EDGE('',*,*,#2205,.T.);
#1308=ORIENTED_EDGE('',*,*,#2210,.T.);
#1309=ORIENTED_EDGE('',*,*,#2202,.T.);
#1310=ORIENTED_EDGE('',*,*,#2212,.F.);
#1311=ORIENTED_EDGE('',*,*,#2213,.F.);
#1312=ORIENTED_EDGE('',*,*,#2214,.F.);
#1313=ORIENTED_EDGE('',*,*,#2215,.F.);
#1314=ORIENTED_EDGE('',*,*,#2216,.F.);
#1315=ORIENTED_EDGE('',*,*,#2217,.F.);
#1316=ORIENTED_EDGE('',*,*,#2218,.T.);
#1317=ORIENTED_EDGE('',*,*,#2219,.F.);
#1318=ORIENTED_EDGE('',*,*,#2220,.T.);
#1319=ORIENTED_EDGE('',*,*,#2212,.T.);
#1320=ORIENTED_EDGE('',*,*,#2221,.F.);
#1321=ORIENTED_EDGE('',*,*,#2215,.T.);
#1322=ORIENTED_EDGE('',*,*,#2222,.F.);
#1323=ORIENTED_EDGE('',*,*,#2223,.F.);
#1324=ORIENTED_EDGE('',*,*,#2224,.F.);
#1325=ORIENTED_EDGE('',*,*,#2218,.F.);
#1326=ORIENTED_EDGE('',*,*,#2225,.F.);
#1327=ORIENTED_EDGE('',*,*,#2217,.T.);
#1328=ORIENTED_EDGE('',*,*,#2223,.T.);
#1329=ORIENTED_EDGE('',*,*,#2220,.F.);
#1330=ORIENTED_EDGE('',*,*,#2222,.T.);
#1331=ORIENTED_EDGE('',*,*,#2214,.T.);
#1332=ORIENTED_EDGE('',*,*,#2221,.T.);
#1333=ORIENTED_EDGE('',*,*,#2213,.T.);
#1334=ORIENTED_EDGE('',*,*,#2225,.T.);
#1335=ORIENTED_EDGE('',*,*,#2219,.T.);
#1336=ORIENTED_EDGE('',*,*,#2224,.T.);
#1337=ORIENTED_EDGE('',*,*,#2216,.T.);
#1338=ORIENTED_EDGE('',*,*,#2226,.F.);
#1339=ORIENTED_EDGE('',*,*,#2227,.F.);
#1340=ORIENTED_EDGE('',*,*,#2228,.T.);
#1341=ORIENTED_EDGE('',*,*,#2229,.F.);
#1342=ORIENTED_EDGE('',*,*,#2230,.T.);
#1343=ORIENTED_EDGE('',*,*,#2231,.F.);
#1344=ORIENTED_EDGE('',*,*,#2232,.F.);
#1345=ORIENTED_EDGE('',*,*,#2233,.F.);
#1346=ORIENTED_EDGE('',*,*,#2234,.F.);
#1347=ORIENTED_EDGE('',*,*,#2234,.T.);
#1348=ORIENTED_EDGE('',*,*,#2235,.F.);
#1349=ORIENTED_EDGE('',*,*,#2231,.T.);
#1350=ORIENTED_EDGE('',*,*,#2236,.F.);
#1351=ORIENTED_EDGE('',*,*,#2237,.F.);
#1352=ORIENTED_EDGE('',*,*,#2238,.F.);
#1353=ORIENTED_EDGE('',*,*,#2227,.T.);
#1354=ORIENTED_EDGE('',*,*,#2239,.F.);
#1355=ORIENTED_EDGE('',*,*,#2228,.F.);
#1356=ORIENTED_EDGE('',*,*,#2237,.T.);
#1357=ORIENTED_EDGE('',*,*,#2230,.F.);
#1358=ORIENTED_EDGE('',*,*,#2235,.T.);
#1359=ORIENTED_EDGE('',*,*,#2233,.T.);
#1360=ORIENTED_EDGE('',*,*,#2236,.T.);
#1361=ORIENTED_EDGE('',*,*,#2232,.T.);
#1362=ORIENTED_EDGE('',*,*,#2238,.T.);
#1363=ORIENTED_EDGE('',*,*,#2229,.T.);
#1364=ORIENTED_EDGE('',*,*,#2239,.T.);
#1365=ORIENTED_EDGE('',*,*,#2226,.T.);
#1366=ORIENTED_EDGE('',*,*,#2240,.F.);
#1367=ORIENTED_EDGE('',*,*,#2241,.F.);
#1368=ORIENTED_EDGE('',*,*,#2242,.T.);
#1369=ORIENTED_EDGE('',*,*,#2243,.F.);
#1370=ORIENTED_EDGE('',*,*,#2244,.T.);
#1371=ORIENTED_EDGE('',*,*,#2245,.F.);
#1372=ORIENTED_EDGE('',*,*,#2246,.F.);
#1373=ORIENTED_EDGE('',*,*,#2247,.F.);
#1374=ORIENTED_EDGE('',*,*,#2248,.F.);
#1375=ORIENTED_EDGE('',*,*,#2248,.T.);
#1376=ORIENTED_EDGE('',*,*,#2249,.F.);
#1377=ORIENTED_EDGE('',*,*,#2245,.T.);
#1378=ORIENTED_EDGE('',*,*,#2250,.F.);
#1379=ORIENTED_EDGE('',*,*,#2251,.F.);
#1380=ORIENTED_EDGE('',*,*,#2252,.F.);
#1381=ORIENTED_EDGE('',*,*,#2241,.T.);
#1382=ORIENTED_EDGE('',*,*,#2253,.F.);
#1383=ORIENTED_EDGE('',*,*,#2242,.F.);
#1384=ORIENTED_EDGE('',*,*,#2251,.T.);
#1385=ORIENTED_EDGE('',*,*,#2244,.F.);
#1386=ORIENTED_EDGE('',*,*,#2249,.T.);
#1387=ORIENTED_EDGE('',*,*,#2247,.T.);
#1388=ORIENTED_EDGE('',*,*,#2250,.T.);
#1389=ORIENTED_EDGE('',*,*,#2246,.T.);
#1390=ORIENTED_EDGE('',*,*,#2252,.T.);
#1391=ORIENTED_EDGE('',*,*,#2243,.T.);
#1392=ORIENTED_EDGE('',*,*,#2253,.T.);
#1393=ORIENTED_EDGE('',*,*,#2240,.T.);
#1394=ORIENTED_EDGE('',*,*,#2254,.F.);
#1395=ORIENTED_EDGE('',*,*,#2255,.F.);
#1396=ORIENTED_EDGE('',*,*,#2256,.F.);
#1397=ORIENTED_EDGE('',*,*,#2257,.F.);
#1398=ORIENTED_EDGE('',*,*,#2258,.F.);
#1399=ORIENTED_EDGE('',*,*,#2259,.F.);
#1400=ORIENTED_EDGE('',*,*,#2260,.T.);
#1401=ORIENTED_EDGE('',*,*,#2261,.F.);
#1402=ORIENTED_EDGE('',*,*,#2262,.T.);
#1403=ORIENTED_EDGE('',*,*,#2254,.T.);
#1404=ORIENTED_EDGE('',*,*,#2263,.F.);
#1405=ORIENTED_EDGE('',*,*,#2257,.T.);
#1406=ORIENTED_EDGE('',*,*,#2264,.F.);
#1407=ORIENTED_EDGE('',*,*,#2265,.F.);
#1408=ORIENTED_EDGE('',*,*,#2266,.F.);
#1409=ORIENTED_EDGE('',*,*,#2260,.F.);
#1410=ORIENTED_EDGE('',*,*,#2267,.F.);
#1411=ORIENTED_EDGE('',*,*,#2259,.T.);
#1412=ORIENTED_EDGE('',*,*,#2265,.T.);
#1413=ORIENTED_EDGE('',*,*,#2262,.F.);
#1414=ORIENTED_EDGE('',*,*,#2264,.T.);
#1415=ORIENTED_EDGE('',*,*,#2256,.T.);
#1416=ORIENTED_EDGE('',*,*,#2263,.T.);
#1417=ORIENTED_EDGE('',*,*,#2255,.T.);
#1418=ORIENTED_EDGE('',*,*,#2267,.T.);
#1419=ORIENTED_EDGE('',*,*,#2261,.T.);
#1420=ORIENTED_EDGE('',*,*,#2266,.T.);
#1421=ORIENTED_EDGE('',*,*,#2258,.T.);
#1422=ORIENTED_EDGE('',*,*,#2268,.F.);
#1423=ORIENTED_EDGE('',*,*,#2269,.F.);
#1424=ORIENTED_EDGE('',*,*,#2270,.F.);
#1425=ORIENTED_EDGE('',*,*,#2271,.F.);
#1426=ORIENTED_EDGE('',*,*,#2272,.F.);
#1427=ORIENTED_EDGE('',*,*,#2273,.F.);
#1428=ORIENTED_EDGE('',*,*,#2274,.T.);
#1429=ORIENTED_EDGE('',*,*,#2275,.F.);
#1430=ORIENTED_EDGE('',*,*,#2276,.T.);
#1431=ORIENTED_EDGE('',*,*,#2268,.T.);
#1432=ORIENTED_EDGE('',*,*,#2277,.F.);
#1433=ORIENTED_EDGE('',*,*,#2271,.T.);
#1434=ORIENTED_EDGE('',*,*,#2278,.F.);
#1435=ORIENTED_EDGE('',*,*,#2279,.F.);
#1436=ORIENTED_EDGE('',*,*,#2280,.F.);
#1437=ORIENTED_EDGE('',*,*,#2274,.F.);
#1438=ORIENTED_EDGE('',*,*,#2281,.F.);
#1439=ORIENTED_EDGE('',*,*,#2273,.T.);
#1440=ORIENTED_EDGE('',*,*,#2279,.T.);
#1441=ORIENTED_EDGE('',*,*,#2276,.F.);
#1442=ORIENTED_EDGE('',*,*,#2278,.T.);
#1443=ORIENTED_EDGE('',*,*,#2270,.T.);
#1444=ORIENTED_EDGE('',*,*,#2277,.T.);
#1445=ORIENTED_EDGE('',*,*,#2269,.T.);
#1446=ORIENTED_EDGE('',*,*,#2281,.T.);
#1447=ORIENTED_EDGE('',*,*,#2275,.T.);
#1448=ORIENTED_EDGE('',*,*,#2280,.T.);
#1449=ORIENTED_EDGE('',*,*,#2272,.T.);
#1450=ORIENTED_EDGE('',*,*,#2282,.F.);
#1451=ORIENTED_EDGE('',*,*,#2283,.F.);
#1452=ORIENTED_EDGE('',*,*,#2284,.F.);
#1453=ORIENTED_EDGE('',*,*,#2285,.F.);
#1454=ORIENTED_EDGE('',*,*,#2286,.F.);
#1455=ORIENTED_EDGE('',*,*,#2287,.F.);
#1456=ORIENTED_EDGE('',*,*,#2288,.T.);
#1457=ORIENTED_EDGE('',*,*,#2289,.F.);
#1458=ORIENTED_EDGE('',*,*,#2290,.T.);
#1459=ORIENTED_EDGE('',*,*,#2282,.T.);
#1460=ORIENTED_EDGE('',*,*,#2291,.F.);
#1461=ORIENTED_EDGE('',*,*,#2285,.T.);
#1462=ORIENTED_EDGE('',*,*,#2292,.F.);
#1463=ORIENTED_EDGE('',*,*,#2293,.F.);
#1464=ORIENTED_EDGE('',*,*,#2294,.F.);
#1465=ORIENTED_EDGE('',*,*,#2288,.F.);
#1466=ORIENTED_EDGE('',*,*,#2295,.F.);
#1467=ORIENTED_EDGE('',*,*,#2287,.T.);
#1468=ORIENTED_EDGE('',*,*,#2293,.T.);
#1469=ORIENTED_EDGE('',*,*,#2290,.F.);
#1470=ORIENTED_EDGE('',*,*,#2292,.T.);
#1471=ORIENTED_EDGE('',*,*,#2284,.T.);
#1472=ORIENTED_EDGE('',*,*,#2291,.T.);
#1473=ORIENTED_EDGE('',*,*,#2283,.T.);
#1474=ORIENTED_EDGE('',*,*,#2295,.T.);
#1475=ORIENTED_EDGE('',*,*,#2289,.T.);
#1476=ORIENTED_EDGE('',*,*,#2294,.T.);
#1477=ORIENTED_EDGE('',*,*,#2286,.T.);
#1478=ORIENTED_EDGE('',*,*,#2296,.F.);
#1479=ORIENTED_EDGE('',*,*,#2297,.F.);
#1480=ORIENTED_EDGE('',*,*,#2298,.F.);
#1481=ORIENTED_EDGE('',*,*,#2299,.F.);
#1482=ORIENTED_EDGE('',*,*,#2300,.F.);
#1483=ORIENTED_EDGE('',*,*,#2301,.F.);
#1484=ORIENTED_EDGE('',*,*,#2302,.T.);
#1485=ORIENTED_EDGE('',*,*,#2303,.F.);
#1486=ORIENTED_EDGE('',*,*,#2304,.T.);
#1487=ORIENTED_EDGE('',*,*,#2296,.T.);
#1488=ORIENTED_EDGE('',*,*,#2305,.F.);
#1489=ORIENTED_EDGE('',*,*,#2299,.T.);
#1490=ORIENTED_EDGE('',*,*,#2306,.F.);
#1491=ORIENTED_EDGE('',*,*,#2307,.F.);
#1492=ORIENTED_EDGE('',*,*,#2308,.F.);
#1493=ORIENTED_EDGE('',*,*,#2302,.F.);
#1494=ORIENTED_EDGE('',*,*,#2309,.F.);
#1495=ORIENTED_EDGE('',*,*,#2301,.T.);
#1496=ORIENTED_EDGE('',*,*,#2307,.T.);
#1497=ORIENTED_EDGE('',*,*,#2304,.F.);
#1498=ORIENTED_EDGE('',*,*,#2306,.T.);
#1499=ORIENTED_EDGE('',*,*,#2298,.T.);
#1500=ORIENTED_EDGE('',*,*,#2305,.T.);
#1501=ORIENTED_EDGE('',*,*,#2297,.T.);
#1502=ORIENTED_EDGE('',*,*,#2309,.T.);
#1503=ORIENTED_EDGE('',*,*,#2303,.T.);
#1504=ORIENTED_EDGE('',*,*,#2308,.T.);
#1505=ORIENTED_EDGE('',*,*,#2300,.T.);
#1506=ORIENTED_EDGE('',*,*,#2310,.F.);
#1507=ORIENTED_EDGE('',*,*,#2311,.F.);
#1508=ORIENTED_EDGE('',*,*,#2312,.T.);
#1509=ORIENTED_EDGE('',*,*,#2313,.F.);
#1510=ORIENTED_EDGE('',*,*,#2314,.T.);
#1511=ORIENTED_EDGE('',*,*,#2315,.F.);
#1512=ORIENTED_EDGE('',*,*,#2316,.F.);
#1513=ORIENTED_EDGE('',*,*,#2317,.F.);
#1514=ORIENTED_EDGE('',*,*,#2318,.F.);
#1515=ORIENTED_EDGE('',*,*,#2318,.T.);
#1516=ORIENTED_EDGE('',*,*,#2319,.F.);
#1517=ORIENTED_EDGE('',*,*,#2315,.T.);
#1518=ORIENTED_EDGE('',*,*,#2320,.F.);
#1519=ORIENTED_EDGE('',*,*,#2321,.F.);
#1520=ORIENTED_EDGE('',*,*,#2322,.F.);
#1521=ORIENTED_EDGE('',*,*,#2311,.T.);
#1522=ORIENTED_EDGE('',*,*,#2323,.F.);
#1523=ORIENTED_EDGE('',*,*,#2312,.F.);
#1524=ORIENTED_EDGE('',*,*,#2321,.T.);
#1525=ORIENTED_EDGE('',*,*,#2314,.F.);
#1526=ORIENTED_EDGE('',*,*,#2319,.T.);
#1527=ORIENTED_EDGE('',*,*,#2317,.T.);
#1528=ORIENTED_EDGE('',*,*,#2320,.T.);
#1529=ORIENTED_EDGE('',*,*,#2316,.T.);
#1530=ORIENTED_EDGE('',*,*,#2322,.T.);
#1531=ORIENTED_EDGE('',*,*,#2313,.T.);
#1532=ORIENTED_EDGE('',*,*,#2323,.T.);
#1533=ORIENTED_EDGE('',*,*,#2310,.T.);
#1534=ORIENTED_EDGE('',*,*,#2324,.F.);
#1535=ORIENTED_EDGE('',*,*,#2325,.F.);
#1536=ORIENTED_EDGE('',*,*,#2326,.T.);
#1537=ORIENTED_EDGE('',*,*,#2327,.F.);
#1538=ORIENTED_EDGE('',*,*,#2328,.T.);
#1539=ORIENTED_EDGE('',*,*,#2329,.F.);
#1540=ORIENTED_EDGE('',*,*,#2330,.F.);
#1541=ORIENTED_EDGE('',*,*,#2331,.F.);
#1542=ORIENTED_EDGE('',*,*,#2332,.F.);
#1543=ORIENTED_EDGE('',*,*,#2332,.T.);
#1544=ORIENTED_EDGE('',*,*,#2333,.F.);
#1545=ORIENTED_EDGE('',*,*,#2329,.T.);
#1546=ORIENTED_EDGE('',*,*,#2334,.F.);
#1547=ORIENTED_EDGE('',*,*,#2335,.F.);
#1548=ORIENTED_EDGE('',*,*,#2336,.F.);
#1549=ORIENTED_EDGE('',*,*,#2325,.T.);
#1550=ORIENTED_EDGE('',*,*,#2337,.F.);
#1551=ORIENTED_EDGE('',*,*,#2326,.F.);
#1552=ORIENTED_EDGE('',*,*,#2335,.T.);
#1553=ORIENTED_EDGE('',*,*,#2328,.F.);
#1554=ORIENTED_EDGE('',*,*,#2333,.T.);
#1555=ORIENTED_EDGE('',*,*,#2331,.T.);
#1556=ORIENTED_EDGE('',*,*,#2334,.T.);
#1557=ORIENTED_EDGE('',*,*,#2330,.T.);
#1558=ORIENTED_EDGE('',*,*,#2336,.T.);
#1559=ORIENTED_EDGE('',*,*,#2327,.T.);
#1560=ORIENTED_EDGE('',*,*,#2337,.T.);
#1561=ORIENTED_EDGE('',*,*,#2324,.T.);
#1562=ORIENTED_EDGE('',*,*,#2338,.F.);
#1563=ORIENTED_EDGE('',*,*,#2339,.F.);
#1564=ORIENTED_EDGE('',*,*,#2340,.T.);
#1565=ORIENTED_EDGE('',*,*,#2341,.F.);
#1566=ORIENTED_EDGE('',*,*,#2342,.T.);
#1567=ORIENTED_EDGE('',*,*,#2343,.F.);
#1568=ORIENTED_EDGE('',*,*,#2344,.F.);
#1569=ORIENTED_EDGE('',*,*,#2345,.F.);
#1570=ORIENTED_EDGE('',*,*,#2346,.F.);
#1571=ORIENTED_EDGE('',*,*,#2346,.T.);
#1572=ORIENTED_EDGE('',*,*,#2347,.F.);
#1573=ORIENTED_EDGE('',*,*,#2343,.T.);
#1574=ORIENTED_EDGE('',*,*,#2348,.F.);
#1575=ORIENTED_EDGE('',*,*,#2349,.F.);
#1576=ORIENTED_EDGE('',*,*,#2350,.F.);
#1577=ORIENTED_EDGE('',*,*,#2339,.T.);
#1578=ORIENTED_EDGE('',*,*,#2351,.F.);
#1579=ORIENTED_EDGE('',*,*,#2340,.F.);
#1580=ORIENTED_EDGE('',*,*,#2349,.T.);
#1581=ORIENTED_EDGE('',*,*,#2342,.F.);
#1582=ORIENTED_EDGE('',*,*,#2347,.T.);
#1583=ORIENTED_EDGE('',*,*,#2345,.T.);
#1584=ORIENTED_EDGE('',*,*,#2348,.T.);
#1585=ORIENTED_EDGE('',*,*,#2344,.T.);
#1586=ORIENTED_EDGE('',*,*,#2350,.T.);
#1587=ORIENTED_EDGE('',*,*,#2341,.T.);
#1588=ORIENTED_EDGE('',*,*,#2351,.T.);
#1589=ORIENTED_EDGE('',*,*,#2338,.T.);
#1590=ORIENTED_EDGE('',*,*,#2352,.F.);
#1591=ORIENTED_EDGE('',*,*,#2353,.F.);
#1592=ORIENTED_EDGE('',*,*,#2354,.T.);
#1593=ORIENTED_EDGE('',*,*,#2355,.F.);
#1594=ORIENTED_EDGE('',*,*,#2356,.T.);
#1595=ORIENTED_EDGE('',*,*,#2357,.F.);
#1596=ORIENTED_EDGE('',*,*,#2358,.F.);
#1597=ORIENTED_EDGE('',*,*,#2359,.F.);
#1598=ORIENTED_EDGE('',*,*,#2360,.F.);
#1599=ORIENTED_EDGE('',*,*,#2360,.T.);
#1600=ORIENTED_EDGE('',*,*,#2361,.F.);
#1601=ORIENTED_EDGE('',*,*,#2357,.T.);
#1602=ORIENTED_EDGE('',*,*,#2362,.F.);
#1603=ORIENTED_EDGE('',*,*,#2363,.F.);
#1604=ORIENTED_EDGE('',*,*,#2364,.F.);
#1605=ORIENTED_EDGE('',*,*,#2353,.T.);
#1606=ORIENTED_EDGE('',*,*,#2365,.F.);
#1607=ORIENTED_EDGE('',*,*,#2354,.F.);
#1608=ORIENTED_EDGE('',*,*,#2363,.T.);
#1609=ORIENTED_EDGE('',*,*,#2356,.F.);
#1610=ORIENTED_EDGE('',*,*,#2361,.T.);
#1611=ORIENTED_EDGE('',*,*,#2359,.T.);
#1612=ORIENTED_EDGE('',*,*,#2362,.T.);
#1613=ORIENTED_EDGE('',*,*,#2358,.T.);
#1614=ORIENTED_EDGE('',*,*,#2364,.T.);
#1615=ORIENTED_EDGE('',*,*,#2355,.T.);
#1616=ORIENTED_EDGE('',*,*,#2365,.T.);
#1617=ORIENTED_EDGE('',*,*,#2352,.T.);
#1618=ORIENTED_EDGE('',*,*,#2366,.F.);
#1619=ORIENTED_EDGE('',*,*,#2367,.F.);
#1620=ORIENTED_EDGE('',*,*,#2368,.T.);
#1621=ORIENTED_EDGE('',*,*,#2369,.T.);
#1622=ORIENTED_EDGE('',*,*,#2369,.F.);
#1623=ORIENTED_EDGE('',*,*,#2370,.F.);
#1624=ORIENTED_EDGE('',*,*,#2371,.F.);
#1625=ORIENTED_EDGE('',*,*,#2372,.F.);
#1626=ORIENTED_EDGE('',*,*,#2373,.F.);
#1627=ORIENTED_EDGE('',*,*,#2374,.F.);
#1628=ORIENTED_EDGE('',*,*,#2375,.T.);
#1629=ORIENTED_EDGE('',*,*,#2376,.T.);
#1630=ORIENTED_EDGE('',*,*,#2377,.F.);
#1631=ORIENTED_EDGE('',*,*,#2378,.F.);
#1632=ORIENTED_EDGE('',*,*,#2379,.F.);
#1633=ORIENTED_EDGE('',*,*,#2380,.F.);
#1634=ORIENTED_EDGE('',*,*,#2381,.F.);
#1635=ORIENTED_EDGE('',*,*,#2382,.F.);
#1636=ORIENTED_EDGE('',*,*,#2383,.T.);
#1637=ORIENTED_EDGE('',*,*,#2384,.T.);
#1638=ORIENTED_EDGE('',*,*,#2385,.F.);
#1639=ORIENTED_EDGE('',*,*,#2386,.F.);
#1640=ORIENTED_EDGE('',*,*,#2387,.F.);
#1641=ORIENTED_EDGE('',*,*,#2388,.F.);
#1642=ORIENTED_EDGE('',*,*,#2389,.F.);
#1643=ORIENTED_EDGE('',*,*,#2390,.F.);
#1644=ORIENTED_EDGE('',*,*,#2391,.F.);
#1645=ORIENTED_EDGE('',*,*,#2392,.F.);
#1646=ORIENTED_EDGE('',*,*,#2393,.T.);
#1647=ORIENTED_EDGE('',*,*,#2394,.T.);
#1648=ORIENTED_EDGE('',*,*,#2395,.F.);
#1649=ORIENTED_EDGE('',*,*,#2396,.F.);
#1650=ORIENTED_EDGE('',*,*,#2397,.F.);
#1651=ORIENTED_EDGE('',*,*,#2398,.F.);
#1652=ORIENTED_EDGE('',*,*,#2399,.F.);
#1653=ORIENTED_EDGE('',*,*,#2400,.T.);
#1654=ORIENTED_EDGE('',*,*,#2401,.T.);
#1655=ORIENTED_EDGE('',*,*,#2402,.T.);
#1656=ORIENTED_EDGE('',*,*,#2403,.F.);
#1657=ORIENTED_EDGE('',*,*,#2404,.F.);
#1658=ORIENTED_EDGE('',*,*,#2405,.F.);
#1659=ORIENTED_EDGE('',*,*,#2406,.F.);
#1660=ORIENTED_EDGE('',*,*,#2407,.F.);
#1661=ORIENTED_EDGE('',*,*,#2408,.T.);
#1662=ORIENTED_EDGE('',*,*,#2409,.F.);
#1663=ORIENTED_EDGE('',*,*,#2410,.F.);
#1664=ORIENTED_EDGE('',*,*,#2411,.T.);
#1665=ORIENTED_EDGE('',*,*,#2412,.T.);
#1666=ORIENTED_EDGE('',*,*,#2413,.F.);
#1667=ORIENTED_EDGE('',*,*,#2414,.F.);
#1668=ORIENTED_EDGE('',*,*,#2415,.F.);
#1669=ORIENTED_EDGE('',*,*,#2416,.F.);
#1670=ORIENTED_EDGE('',*,*,#2367,.T.);
#1671=ORIENTED_EDGE('',*,*,#2417,.F.);
#1672=ORIENTED_EDGE('',*,*,#2418,.T.);
#1673=ORIENTED_EDGE('',*,*,#2419,.T.);
#1674=ORIENTED_EDGE('',*,*,#2420,.F.);
#1675=ORIENTED_EDGE('',*,*,#2384,.F.);
#1676=ORIENTED_EDGE('',*,*,#2421,.T.);
#1677=ORIENTED_EDGE('',*,*,#2385,.T.);
#1678=ORIENTED_EDGE('',*,*,#2422,.F.);
#1679=ORIENTED_EDGE('',*,*,#2376,.F.);
#1680=ORIENTED_EDGE('',*,*,#2423,.T.);
#1681=ORIENTED_EDGE('',*,*,#2377,.T.);
#1682=ORIENTED_EDGE('',*,*,#2424,.F.);
#1683=ORIENTED_EDGE('',*,*,#2370,.T.);
#1684=ORIENTED_EDGE('',*,*,#2368,.F.);
#1685=ORIENTED_EDGE('',*,*,#2419,.F.);
#1686=ORIENTED_EDGE('',*,*,#2425,.F.);
#1687=ORIENTED_EDGE('',*,*,#2391,.T.);
#1688=ORIENTED_EDGE('',*,*,#2426,.F.);
#1689=ORIENTED_EDGE('',*,*,#2427,.F.);
#1690=ORIENTED_EDGE('',*,*,#2428,.F.);
#1691=ORIENTED_EDGE('',*,*,#2429,.F.);
#1692=ORIENTED_EDGE('',*,*,#2430,.T.);
#1693=ORIENTED_EDGE('',*,*,#2431,.T.);
#1694=ORIENTED_EDGE('',*,*,#2432,.T.);
#1695=ORIENTED_EDGE('',*,*,#2433,.F.);
#1696=ORIENTED_EDGE('',*,*,#2434,.F.);
#1697=ORIENTED_EDGE('',*,*,#2435,.F.);
#1698=ORIENTED_EDGE('',*,*,#2436,.F.);
#1699=ORIENTED_EDGE('',*,*,#2437,.F.);
#1700=ORIENTED_EDGE('',*,*,#2438,.F.);
#1701=ORIENTED_EDGE('',*,*,#2439,.F.);
#1702=ORIENTED_EDGE('',*,*,#2440,.F.);
#1703=ORIENTED_EDGE('',*,*,#2441,.F.);
#1704=ORIENTED_EDGE('',*,*,#2442,.F.);
#1705=ORIENTED_EDGE('',*,*,#2443,.F.);
#1706=ORIENTED_EDGE('',*,*,#2444,.T.);
#1707=ORIENTED_EDGE('',*,*,#2445,.T.);
#1708=ORIENTED_EDGE('',*,*,#2446,.F.);
#1709=ORIENTED_EDGE('',*,*,#2447,.F.);
#1710=ORIENTED_EDGE('',*,*,#2448,.F.);
#1711=ORIENTED_EDGE('',*,*,#2449,.F.);
#1712=ORIENTED_EDGE('',*,*,#2450,.F.);
#1713=ORIENTED_EDGE('',*,*,#2451,.F.);
#1714=ORIENTED_EDGE('',*,*,#2452,.F.);
#1715=ORIENTED_EDGE('',*,*,#2418,.F.);
#1716=ORIENTED_EDGE('',*,*,#2453,.F.);
#1717=ORIENTED_EDGE('',*,*,#2454,.T.);
#1718=ORIENTED_EDGE('',*,*,#2455,.T.);
#1719=ORIENTED_EDGE('',*,*,#2456,.F.);
#1720=ORIENTED_EDGE('',*,*,#2457,.F.);
#1721=ORIENTED_EDGE('',*,*,#2458,.T.);
#1722=ORIENTED_EDGE('',*,*,#2459,.T.);
#1723=ORIENTED_EDGE('',*,*,#2460,.T.);
#1724=ORIENTED_EDGE('',*,*,#2461,.T.);
#1725=ORIENTED_EDGE('',*,*,#2425,.T.);
#1726=ORIENTED_EDGE('',*,*,#2452,.T.);
#1727=ORIENTED_EDGE('',*,*,#2462,.T.);
#1728=ORIENTED_EDGE('',*,*,#2463,.T.);
#1729=ORIENTED_EDGE('',*,*,#2464,.F.);
#1730=ORIENTED_EDGE('',*,*,#2465,.F.);
#1731=ORIENTED_EDGE('',*,*,#2466,.T.);
#1732=ORIENTED_EDGE('',*,*,#2467,.T.);
#1733=ORIENTED_EDGE('',*,*,#2468,.F.);
#1734=ORIENTED_EDGE('',*,*,#2469,.F.);
#1735=ORIENTED_EDGE('',*,*,#2470,.T.);
#1736=ORIENTED_EDGE('',*,*,#2471,.T.);
#1737=ORIENTED_EDGE('',*,*,#2472,.F.);
#1738=ORIENTED_EDGE('',*,*,#2473,.F.);
#1739=ORIENTED_EDGE('',*,*,#2474,.F.);
#1740=ORIENTED_EDGE('',*,*,#2470,.F.);
#1741=ORIENTED_EDGE('',*,*,#2475,.F.);
#1742=ORIENTED_EDGE('',*,*,#2476,.F.);
#1743=ORIENTED_EDGE('',*,*,#2472,.T.);
#1744=ORIENTED_EDGE('',*,*,#2477,.T.);
#1745=ORIENTED_EDGE('',*,*,#2478,.T.);
#1746=ORIENTED_EDGE('',*,*,#2479,.F.);
#1747=ORIENTED_EDGE('',*,*,#2480,.F.);
#1748=ORIENTED_EDGE('',*,*,#2466,.F.);
#1749=ORIENTED_EDGE('',*,*,#2481,.F.);
#1750=ORIENTED_EDGE('',*,*,#2482,.F.);
#1751=ORIENTED_EDGE('',*,*,#2468,.T.);
#1752=ORIENTED_EDGE('',*,*,#2483,.T.);
#1753=ORIENTED_EDGE('',*,*,#2484,.T.);
#1754=ORIENTED_EDGE('',*,*,#2461,.F.);
#1755=ORIENTED_EDGE('',*,*,#2414,.T.);
#1756=ORIENTED_EDGE('',*,*,#2485,.F.);
#1757=ORIENTED_EDGE('',*,*,#2486,.F.);
#1758=ORIENTED_EDGE('',*,*,#2487,.F.);
#1759=ORIENTED_EDGE('',*,*,#2392,.T.);
#1760=ORIENTED_EDGE('',*,*,#2488,.T.);
#1761=ORIENTED_EDGE('',*,*,#2489,.T.);
#1762=ORIENTED_EDGE('',*,*,#2490,.F.);
#1763=ORIENTED_EDGE('',*,*,#2464,.T.);
#1764=ORIENTED_EDGE('',*,*,#2491,.F.);
#1765=ORIENTED_EDGE('',*,*,#2492,.F.);
#1766=ORIENTED_EDGE('',*,*,#2493,.F.);
#1767=ORIENTED_EDGE('',*,*,#2494,.F.);
#1768=ORIENTED_EDGE('',*,*,#2491,.T.);
#1769=ORIENTED_EDGE('',*,*,#2495,.F.);
#1770=ORIENTED_EDGE('',*,*,#2437,.T.);
#1771=ORIENTED_EDGE('',*,*,#2451,.T.);
#1772=ORIENTED_EDGE('',*,*,#2496,.F.);
#1773=ORIENTED_EDGE('',*,*,#2497,.T.);
#1774=ORIENTED_EDGE('',*,*,#2495,.T.);
#1775=ORIENTED_EDGE('',*,*,#2458,.F.);
#1776=ORIENTED_EDGE('',*,*,#2498,.F.);
#1777=ORIENTED_EDGE('',*,*,#2499,.F.);
#1778=ORIENTED_EDGE('',*,*,#2500,.F.);
#1779=ORIENTED_EDGE('',*,*,#2454,.F.);
#1780=ORIENTED_EDGE('',*,*,#2501,.F.);
#1781=ORIENTED_EDGE('',*,*,#2502,.F.);
#1782=ORIENTED_EDGE('',*,*,#2503,.F.);
#1783=ORIENTED_EDGE('',*,*,#2462,.F.);
#1784=ORIENTED_EDGE('',*,*,#2504,.F.);
#1785=ORIENTED_EDGE('',*,*,#2505,.T.);
#1786=ORIENTED_EDGE('',*,*,#2506,.F.);
#1787=ORIENTED_EDGE('',*,*,#2507,.F.);
#1788=ORIENTED_EDGE('',*,*,#2508,.T.);
#1789=ORIENTED_EDGE('',*,*,#2509,.T.);
#1790=ORIENTED_EDGE('',*,*,#2510,.T.);
#1791=ORIENTED_EDGE('',*,*,#2511,.F.);
#1792=ORIENTED_EDGE('',*,*,#2502,.T.);
#1793=ORIENTED_EDGE('',*,*,#2512,.F.);
#1794=ORIENTED_EDGE('',*,*,#2513,.F.);
#1795=ORIENTED_EDGE('',*,*,#2514,.T.);
#1796=ORIENTED_EDGE('',*,*,#2515,.T.);
#1797=ORIENTED_EDGE('',*,*,#2516,.T.);
#1798=ORIENTED_EDGE('',*,*,#2517,.F.);
#1799=ORIENTED_EDGE('',*,*,#2496,.T.);
#1800=ORIENTED_EDGE('',*,*,#2518,.F.);
#1801=ORIENTED_EDGE('',*,*,#2519,.T.);
#1802=ORIENTED_EDGE('',*,*,#2520,.T.);
#1803=ORIENTED_EDGE('',*,*,#2492,.T.);
#1804=ORIENTED_EDGE('',*,*,#2499,.T.);
#1805=ORIENTED_EDGE('',*,*,#2521,.F.);
#1806=ORIENTED_EDGE('',*,*,#2522,.F.);
#1807=ORIENTED_EDGE('',*,*,#2523,.T.);
#1808=ORIENTED_EDGE('',*,*,#2494,.T.);
#1809=ORIENTED_EDGE('',*,*,#2524,.T.);
#1810=ORIENTED_EDGE('',*,*,#2525,.T.);
#1811=ORIENTED_EDGE('',*,*,#2526,.F.);
#1812=ORIENTED_EDGE('',*,*,#2527,.T.);
#1813=ORIENTED_EDGE('',*,*,#2528,.T.);
#1814=ORIENTED_EDGE('',*,*,#2529,.T.);
#1815=ORIENTED_EDGE('',*,*,#2530,.F.);
#1816=ORIENTED_EDGE('',*,*,#2511,.T.);
#1817=ORIENTED_EDGE('',*,*,#2531,.T.);
#1818=ORIENTED_EDGE('',*,*,#2522,.T.);
#1819=ORIENTED_EDGE('',*,*,#2532,.T.);
#1820=ORIENTED_EDGE('',*,*,#2518,.T.);
#1821=ORIENTED_EDGE('',*,*,#2526,.T.);
#1822=ORIENTED_EDGE('',*,*,#2533,.T.);
#1823=ORIENTED_EDGE('',*,*,#2530,.T.);
#1824=ORIENTED_EDGE('',*,*,#2517,.T.);
#1825=ORIENTED_EDGE('',*,*,#2534,.T.);
#1826=ORIENTED_EDGE('',*,*,#2513,.T.);
#1827=ORIENTED_EDGE('',*,*,#2535,.T.);
#1828=ORIENTED_EDGE('',*,*,#2490,.T.);
#1829=ORIENTED_EDGE('',*,*,#2536,.T.);
#1830=ORIENTED_EDGE('',*,*,#2508,.F.);
#1831=ORIENTED_EDGE('',*,*,#2535,.F.);
#1832=ORIENTED_EDGE('',*,*,#2512,.T.);
#1833=ORIENTED_EDGE('',*,*,#2501,.T.);
#1834=ORIENTED_EDGE('',*,*,#2453,.T.);
#1835=ORIENTED_EDGE('',*,*,#2537,.T.);
#1836=ORIENTED_EDGE('',*,*,#2538,.T.);
#1837=ORIENTED_EDGE('',*,*,#2539,.F.);
#1838=ORIENTED_EDGE('',*,*,#2456,.T.);
#1839=ORIENTED_EDGE('',*,*,#2540,.T.);
#1840=ORIENTED_EDGE('',*,*,#2485,.T.);
#1841=ORIENTED_EDGE('',*,*,#2541,.T.);
#1842=ORIENTED_EDGE('',*,*,#2542,.T.);
#1843=ORIENTED_EDGE('',*,*,#2519,.F.);
#1844=ORIENTED_EDGE('',*,*,#2532,.F.);
#1845=ORIENTED_EDGE('',*,*,#2521,.T.);
#1846=ORIENTED_EDGE('',*,*,#2498,.T.);
#1847=ORIENTED_EDGE('',*,*,#2457,.T.);
#1848=ORIENTED_EDGE('',*,*,#2539,.T.);
#1849=ORIENTED_EDGE('',*,*,#2543,.T.);
#1850=ORIENTED_EDGE('',*,*,#2431,.F.);
#1851=ORIENTED_EDGE('',*,*,#2544,.F.);
#1852=ORIENTED_EDGE('',*,*,#2428,.T.);
#1853=ORIENTED_EDGE('',*,*,#2545,.T.);
#1854=ORIENTED_EDGE('',*,*,#2546,.F.);
#1855=ORIENTED_EDGE('',*,*,#2524,.F.);
#1856=ORIENTED_EDGE('',*,*,#2436,.T.);
#1857=ORIENTED_EDGE('',*,*,#2547,.T.);
#1858=ORIENTED_EDGE('',*,*,#2548,.T.);
#1859=ORIENTED_EDGE('',*,*,#2504,.T.);
#1860=ORIENTED_EDGE('',*,*,#2497,.F.);
#1861=ORIENTED_EDGE('',*,*,#2529,.F.);
#1862=ORIENTED_EDGE('',*,*,#2441,.T.);
#1863=ORIENTED_EDGE('',*,*,#2549,.T.);
#1864=ORIENTED_EDGE('',*,*,#2528,.F.);
#1865=ORIENTED_EDGE('',*,*,#2550,.T.);
#1866=ORIENTED_EDGE('',*,*,#2448,.T.);
#1867=ORIENTED_EDGE('',*,*,#2551,.T.);
#1868=ORIENTED_EDGE('',*,*,#2443,.T.);
#1869=ORIENTED_EDGE('',*,*,#2552,.T.);
#1870=ORIENTED_EDGE('',*,*,#2463,.F.);
#1871=ORIENTED_EDGE('',*,*,#2503,.T.);
#1872=ORIENTED_EDGE('',*,*,#2514,.F.);
#1873=ORIENTED_EDGE('',*,*,#2534,.F.);
#1874=ORIENTED_EDGE('',*,*,#2516,.F.);
#1875=ORIENTED_EDGE('',*,*,#2553,.F.);
#1876=ORIENTED_EDGE('',*,*,#2488,.F.);
#1877=ORIENTED_EDGE('',*,*,#2510,.F.);
#1878=ORIENTED_EDGE('',*,*,#2554,.F.);
#1879=ORIENTED_EDGE('',*,*,#2537,.F.);
#1880=ORIENTED_EDGE('',*,*,#2455,.F.);
#1881=ORIENTED_EDGE('',*,*,#2500,.T.);
#1882=ORIENTED_EDGE('',*,*,#2523,.F.);
#1883=ORIENTED_EDGE('',*,*,#2531,.F.);
#1884=ORIENTED_EDGE('',*,*,#2478,.F.);
#1885=ORIENTED_EDGE('',*,*,#2555,.T.);
#1886=ORIENTED_EDGE('',*,*,#2473,.T.);
#1887=ORIENTED_EDGE('',*,*,#2556,.F.);
#1888=ORIENTED_EDGE('',*,*,#2484,.F.);
#1889=ORIENTED_EDGE('',*,*,#2557,.T.);
#1890=ORIENTED_EDGE('',*,*,#2479,.T.);
#1891=ORIENTED_EDGE('',*,*,#2558,.F.);
#1892=ORIENTED_EDGE('',*,*,#2520,.F.);
#1893=ORIENTED_EDGE('',*,*,#2543,.F.);
#1894=ORIENTED_EDGE('',*,*,#2538,.F.);
#1895=ORIENTED_EDGE('',*,*,#2554,.T.);
#1896=ORIENTED_EDGE('',*,*,#2509,.F.);
#1897=ORIENTED_EDGE('',*,*,#2536,.F.);
#1898=ORIENTED_EDGE('',*,*,#2489,.F.);
#1899=ORIENTED_EDGE('',*,*,#2553,.T.);
#1900=ORIENTED_EDGE('',*,*,#2515,.F.);
#1901=ORIENTED_EDGE('',*,*,#2559,.F.);
#1902=ORIENTED_EDGE('',*,*,#2486,.T.);
#1903=ORIENTED_EDGE('',*,*,#2540,.F.);
#1904=ORIENTED_EDGE('',*,*,#2560,.F.);
#1905=ORIENTED_EDGE('',*,*,#2394,.F.);
#1906=ORIENTED_EDGE('',*,*,#2561,.T.);
#1907=ORIENTED_EDGE('',*,*,#2399,.T.);
#1908=ORIENTED_EDGE('',*,*,#2562,.F.);
#1909=ORIENTED_EDGE('',*,*,#2402,.F.);
#1910=ORIENTED_EDGE('',*,*,#2563,.T.);
#1911=ORIENTED_EDGE('',*,*,#2407,.T.);
#1912=ORIENTED_EDGE('',*,*,#2411,.F.);
#1913=ORIENTED_EDGE('',*,*,#2564,.F.);
#1914=ORIENTED_EDGE('',*,*,#2541,.F.);
#1915=ORIENTED_EDGE('',*,*,#2413,.T.);
#1916=ORIENTED_EDGE('',*,*,#2565,.F.);
#1917=ORIENTED_EDGE('',*,*,#2566,.T.);
#1918=ORIENTED_EDGE('',*,*,#2567,.T.);
#1919=ORIENTED_EDGE('',*,*,#2459,.F.);
#1920=ORIENTED_EDGE('',*,*,#2493,.T.);
#1921=ORIENTED_EDGE('',*,*,#2542,.F.);
#1922=ORIENTED_EDGE('',*,*,#2429,.T.);
#1923=ORIENTED_EDGE('',*,*,#2544,.T.);
#1924=ORIENTED_EDGE('',*,*,#2430,.F.);
#1925=ORIENTED_EDGE('',*,*,#2568,.F.);
#1926=ORIENTED_EDGE('',*,*,#2569,.F.);
#1927=ORIENTED_EDGE('',*,*,#2432,.F.);
#1928=ORIENTED_EDGE('',*,*,#2545,.F.);
#1929=ORIENTED_EDGE('',*,*,#2427,.T.);
#1930=ORIENTED_EDGE('',*,*,#2570,.F.);
#1931=ORIENTED_EDGE('',*,*,#2547,.F.);
#1932=ORIENTED_EDGE('',*,*,#2435,.T.);
#1933=ORIENTED_EDGE('',*,*,#2571,.F.);
#1934=ORIENTED_EDGE('',*,*,#2550,.F.);
#1935=ORIENTED_EDGE('',*,*,#2527,.F.);
#1936=ORIENTED_EDGE('',*,*,#2533,.F.);
#1937=ORIENTED_EDGE('',*,*,#2525,.F.);
#1938=ORIENTED_EDGE('',*,*,#2546,.T.);
#1939=ORIENTED_EDGE('',*,*,#2570,.T.);
#1940=ORIENTED_EDGE('',*,*,#2572,.F.);
#1941=ORIENTED_EDGE('',*,*,#2506,.T.);
#1942=ORIENTED_EDGE('',*,*,#2573,.T.);
#1943=ORIENTED_EDGE('',*,*,#2438,.T.);
#1944=ORIENTED_EDGE('',*,*,#2574,.F.);
#1945=ORIENTED_EDGE('',*,*,#2548,.F.);
#1946=ORIENTED_EDGE('',*,*,#2549,.F.);
#1947=ORIENTED_EDGE('',*,*,#2440,.T.);
#1948=ORIENTED_EDGE('',*,*,#2449,.T.);
#1949=ORIENTED_EDGE('',*,*,#2552,.F.);
#1950=ORIENTED_EDGE('',*,*,#2442,.T.);
#1951=ORIENTED_EDGE('',*,*,#2575,.T.);
#1952=ORIENTED_EDGE('',*,*,#2576,.F.);
#1953=ORIENTED_EDGE('',*,*,#2444,.F.);
#1954=ORIENTED_EDGE('',*,*,#2551,.F.);
#1955=ORIENTED_EDGE('',*,*,#2447,.T.);
#1956=ORIENTED_EDGE('',*,*,#2575,.F.);
#1957=ORIENTED_EDGE('',*,*,#2445,.F.);
#1958=ORIENTED_EDGE('',*,*,#2576,.T.);
#1959=ORIENTED_EDGE('',*,*,#2446,.T.);
#1960=ORIENTED_EDGE('',*,*,#2439,.T.);
#1961=ORIENTED_EDGE('',*,*,#2573,.F.);
#1962=ORIENTED_EDGE('',*,*,#2505,.F.);
#1963=ORIENTED_EDGE('',*,*,#2574,.T.);
#1964=ORIENTED_EDGE('',*,*,#2434,.T.);
#1965=ORIENTED_EDGE('',*,*,#2507,.T.);
#1966=ORIENTED_EDGE('',*,*,#2572,.T.);
#1967=ORIENTED_EDGE('',*,*,#2571,.T.);
#1968=ORIENTED_EDGE('',*,*,#2569,.T.);
#1969=ORIENTED_EDGE('',*,*,#2426,.T.);
#1970=ORIENTED_EDGE('',*,*,#2568,.T.);
#1971=ORIENTED_EDGE('',*,*,#2433,.T.);
#1972=ORIENTED_EDGE('',*,*,#2555,.F.);
#1973=ORIENTED_EDGE('',*,*,#2477,.F.);
#1974=ORIENTED_EDGE('',*,*,#2471,.F.);
#1975=ORIENTED_EDGE('',*,*,#2474,.T.);
#1976=ORIENTED_EDGE('',*,*,#2475,.T.);
#1977=ORIENTED_EDGE('',*,*,#2469,.T.);
#1978=ORIENTED_EDGE('',*,*,#2476,.T.);
#1979=ORIENTED_EDGE('',*,*,#2556,.T.);
#1980=ORIENTED_EDGE('',*,*,#2557,.F.);
#1981=ORIENTED_EDGE('',*,*,#2483,.F.);
#1982=ORIENTED_EDGE('',*,*,#2467,.F.);
#1983=ORIENTED_EDGE('',*,*,#2480,.T.);
#1984=ORIENTED_EDGE('',*,*,#2481,.T.);
#1985=ORIENTED_EDGE('',*,*,#2465,.T.);
#1986=ORIENTED_EDGE('',*,*,#2482,.T.);
#1987=ORIENTED_EDGE('',*,*,#2558,.T.);
#1988=ORIENTED_EDGE('',*,*,#2577,.T.);
#1989=ORIENTED_EDGE('',*,*,#2487,.T.);
#1990=ORIENTED_EDGE('',*,*,#2559,.T.);
#1991=ORIENTED_EDGE('',*,*,#2450,.T.);
#1992=ORIENTED_EDGE('',*,*,#2371,.T.);
#1993=ORIENTED_EDGE('',*,*,#2424,.T.);
#1994=ORIENTED_EDGE('',*,*,#2390,.T.);
#1995=ORIENTED_EDGE('',*,*,#2578,.F.);
#1996=ORIENTED_EDGE('',*,*,#2380,.T.);
#1997=ORIENTED_EDGE('',*,*,#2579,.F.);
#1998=ORIENTED_EDGE('',*,*,#2373,.T.);
#1999=ORIENTED_EDGE('',*,*,#2422,.T.);
#2000=ORIENTED_EDGE('',*,*,#2423,.F.);
#2001=ORIENTED_EDGE('',*,*,#2375,.F.);
#2002=ORIENTED_EDGE('',*,*,#2580,.F.);
#2003=ORIENTED_EDGE('',*,*,#2378,.T.);
#2004=ORIENTED_EDGE('',*,*,#2388,.T.);
#2005=ORIENTED_EDGE('',*,*,#2581,.F.);
#2006=ORIENTED_EDGE('',*,*,#2381,.T.);
#2007=ORIENTED_EDGE('',*,*,#2420,.T.);
#2008=ORIENTED_EDGE('',*,*,#2421,.F.);
#2009=ORIENTED_EDGE('',*,*,#2383,.F.);
#2010=ORIENTED_EDGE('',*,*,#2582,.F.);
#2011=ORIENTED_EDGE('',*,*,#2386,.T.);
#2012=ORIENTED_EDGE('',*,*,#2583,.F.);
#2013=ORIENTED_EDGE('',*,*,#2400,.F.);
#2014=ORIENTED_EDGE('',*,*,#2561,.F.);
#2015=ORIENTED_EDGE('',*,*,#2393,.F.);
#2016=ORIENTED_EDGE('',*,*,#2395,.T.);
#2017=ORIENTED_EDGE('',*,*,#2560,.T.);
#2018=ORIENTED_EDGE('',*,*,#2398,.T.);
#2019=ORIENTED_EDGE('',*,*,#2584,.F.);
#2020=ORIENTED_EDGE('',*,*,#2585,.F.);
#2021=ORIENTED_EDGE('',*,*,#2408,.F.);
#2022=ORIENTED_EDGE('',*,*,#2563,.F.);
#2023=ORIENTED_EDGE('',*,*,#2401,.F.);
#2024=ORIENTED_EDGE('',*,*,#2403,.T.);
#2025=ORIENTED_EDGE('',*,*,#2562,.T.);
#2026=ORIENTED_EDGE('',*,*,#2406,.T.);
#2027=ORIENTED_EDGE('',*,*,#2586,.F.);
#2028=ORIENTED_EDGE('',*,*,#2416,.T.);
#2029=ORIENTED_EDGE('',*,*,#2587,.F.);
#2030=ORIENTED_EDGE('',*,*,#2588,.T.);
#2031=ORIENTED_EDGE('',*,*,#2565,.T.);
#2032=ORIENTED_EDGE('',*,*,#2412,.F.);
#2033=ORIENTED_EDGE('',*,*,#2566,.F.);
#2034=ORIENTED_EDGE('',*,*,#2588,.F.);
#2035=ORIENTED_EDGE('',*,*,#2589,.F.);
#2036=ORIENTED_EDGE('',*,*,#2567,.F.);
#2037=ORIENTED_EDGE('',*,*,#2564,.T.);
#2038=ORIENTED_EDGE('',*,*,#2410,.T.);
#2039=ORIENTED_EDGE('',*,*,#2590,.F.);
#2040=ORIENTED_EDGE('',*,*,#2415,.T.);
#2041=ORIENTED_EDGE('',*,*,#2460,.F.);
#2042=ORIENTED_EDGE('',*,*,#2590,.T.);
#2043=ORIENTED_EDGE('',*,*,#2409,.T.);
#2044=ORIENTED_EDGE('',*,*,#2589,.T.);
#2045=ORIENTED_EDGE('',*,*,#2587,.T.);
#2046=ORIENTED_EDGE('',*,*,#2405,.T.);
#2047=ORIENTED_EDGE('',*,*,#2585,.T.);
#2048=ORIENTED_EDGE('',*,*,#2404,.T.);
#2049=ORIENTED_EDGE('',*,*,#2586,.T.);
#2050=ORIENTED_EDGE('',*,*,#2397,.T.);
#2051=ORIENTED_EDGE('',*,*,#2583,.T.);
#2052=ORIENTED_EDGE('',*,*,#2396,.T.);
#2053=ORIENTED_EDGE('',*,*,#2584,.T.);
#2054=ORIENTED_EDGE('',*,*,#2372,.T.);
#2055=ORIENTED_EDGE('',*,*,#2578,.T.);
#2056=ORIENTED_EDGE('',*,*,#2389,.T.);
#2057=ORIENTED_EDGE('',*,*,#2577,.F.);
#2058=ORIENTED_EDGE('',*,*,#2417,.T.);
#2059=ORIENTED_EDGE('',*,*,#2366,.T.);
#2060=ORIENTED_EDGE('',*,*,#2379,.T.);
#2061=ORIENTED_EDGE('',*,*,#2580,.T.);
#2062=ORIENTED_EDGE('',*,*,#2374,.T.);
#2063=ORIENTED_EDGE('',*,*,#2579,.T.);
#2064=ORIENTED_EDGE('',*,*,#2387,.T.);
#2065=ORIENTED_EDGE('',*,*,#2582,.T.);
#2066=ORIENTED_EDGE('',*,*,#2382,.T.);
#2067=ORIENTED_EDGE('',*,*,#2581,.T.);
#2068=EDGE_CURVE('',#2591,#2592,#2939,.T.);
#2069=EDGE_CURVE('',#2593,#2591,#272,.T.);
#2070=EDGE_CURVE('',#2594,#2593,#2940,.F.);
#2071=EDGE_CURVE('',#2592,#2594,#273,.T.);
#2072=EDGE_CURVE('',#2595,#2596,#274,.T.);
#2073=EDGE_CURVE('',#2593,#2595,#275,.T.);
#2074=EDGE_CURVE('',#2591,#2596,#276,.T.);
#2075=EDGE_CURVE('',#2597,#2598,#2941,.F.);
#2076=EDGE_CURVE('',#2599,#2597,#277,.T.);
#2077=EDGE_CURVE('',#2599,#2600,#2942,.T.);
#2078=EDGE_CURVE('',#2600,#2598,#278,.T.);
#2079=EDGE_CURVE('',#2601,#2602,#2943,.T.);
#2080=EDGE_CURVE('',#2603,#2601,#279,.T.);
#2081=EDGE_CURVE('',#2603,#2598,#2944,.T.);
#2082=EDGE_CURVE('',#2598,#2602,#280,.T.);
#2083=EDGE_CURVE('',#2604,#2605,#80,.T.);
#2084=EDGE_CURVE('',#2606,#2604,#281,.T.);
#2085=EDGE_CURVE('',#2606,#2607,#2945,.T.);
#2086=EDGE_CURVE('',#2607,#2605,#282,.T.);
#2087=EDGE_CURVE('',#2608,#2609,#78,.T.);
#2088=EDGE_CURVE('',#2610,#2608,#283,.T.);
#2089=EDGE_CURVE('',#2610,#2611,#58,.T.);
#2090=EDGE_CURVE('',#2611,#2609,#284,.T.);
#2091=EDGE_CURVE('',#2612,#2613,#2946,.T.);
#2092=EDGE_CURVE('',#2614,#2612,#285,.T.);
#2093=EDGE_CURVE('',#2615,#2614,#2947,.F.);
#2094=EDGE_CURVE('',#2613,#2615,#286,.T.);
#2095=EDGE_CURVE('',#2616,#2617,#2948,.T.);
#2096=EDGE_CURVE('',#2617,#2618,#287,.T.);
#2097=EDGE_CURVE('',#2619,#2618,#2949,.T.);
#2098=EDGE_CURVE('',#2619,#2616,#288,.T.);
#2099=EDGE_CURVE('',#2620,#2621,#289,.T.);
#2100=EDGE_CURVE('',#2622,#2620,#290,.T.);
#2101=EDGE_CURVE('',#2622,#2623,#291,.T.);
#2102=EDGE_CURVE('',#2623,#2621,#292,.T.);
#2103=EDGE_CURVE('',#2624,#2625,#293,.T.);
#2104=EDGE_CURVE('',#2626,#2624,#294,.T.);
#2105=EDGE_CURVE('',#2627,#2626,#295,.T.);
#2106=EDGE_CURVE('',#2625,#2627,#296,.T.);
#2107=EDGE_CURVE('',#2628,#2629,#297,.T.);
#2108=EDGE_CURVE('',#2595,#2628,#2950,.T.);
#2109=EDGE_CURVE('',#2596,#2629,#2951,.T.);
#2110=EDGE_CURVE('',#2630,#2631,#298,.T.);
#2111=EDGE_CURVE('',#2632,#2631,#2952,.T.);
#2112=EDGE_CURVE('',#2633,#2632,#299,.T.);
#2113=EDGE_CURVE('',#2633,#2630,#2953,.T.);
#2114=EDGE_CURVE('',#2632,#2628,#300,.T.);
#2115=EDGE_CURVE('',#2629,#2633,#301,.T.);
#2116=EDGE_CURVE('',#2627,#2594,#302,.T.);
#2117=EDGE_CURVE('',#2631,#2599,#303,.T.);
#2118=EDGE_CURVE('',#2597,#2603,#2954,.T.);
#2119=EDGE_CURVE('',#2601,#2606,#2955,.F.);
#2120=EDGE_CURVE('',#2604,#2610,#59,.T.);
#2121=EDGE_CURVE('',#2608,#2615,#304,.T.);
#2122=EDGE_CURVE('',#2614,#2619,#305,.T.);
#2123=EDGE_CURVE('',#2618,#2622,#306,.T.);
#2124=EDGE_CURVE('',#2620,#2625,#307,.T.);
#2125=EDGE_CURVE('',#2600,#2630,#308,.T.);
#2126=EDGE_CURVE('',#2602,#2607,#2956,.T.);
#2127=EDGE_CURVE('',#2605,#2611,#81,.T.);
#2128=EDGE_CURVE('',#2609,#2613,#309,.T.);
#2129=EDGE_CURVE('',#2612,#2616,#310,.T.);
#2130=EDGE_CURVE('',#2623,#2617,#311,.T.);
#2131=EDGE_CURVE('',#2621,#2624,#312,.T.);
#2132=EDGE_CURVE('',#2626,#2592,#313,.T.);
#2133=EDGE_CURVE('',#2634,#2635,#2957,.T.);
#2134=EDGE_CURVE('',#2635,#2636,#314,.T.);
#2135=EDGE_CURVE('',#2637,#2636,#2958,.T.);
#2136=EDGE_CURVE('',#2634,#2637,#315,.T.);
#2137=EDGE_CURVE('',#2638,#2639,#316,.T.);
#2138=EDGE_CURVE('',#2636,#2638,#317,.T.);
#2139=EDGE_CURVE('',#2639,#2635,#318,.T.);
#2140=EDGE_CURVE('',#2640,#2641,#319,.T.);
#2141=EDGE_CURVE('',#2641,#2642,#320,.T.);
#2142=EDGE_CURVE('',#2642,#2643,#321,.T.);
#2143=EDGE_CURVE('',#2640,#2643,#322,.T.);
#2144=EDGE_CURVE('',#2644,#2645,#323,.T.);
#2145=EDGE_CURVE('',#2644,#2646,#324,.T.);
#2146=EDGE_CURVE('',#2646,#2647,#325,.T.);
#2147=EDGE_CURVE('',#2647,#2645,#326,.T.);
#2148=EDGE_CURVE('',#2648,#2649,#327,.T.);
#2149=EDGE_CURVE('',#2649,#2650,#328,.T.);
#2150=EDGE_CURVE('',#2651,#2650,#329,.T.);
#2151=EDGE_CURVE('',#2648,#2651,#330,.T.);
#2152=EDGE_CURVE('',#2652,#2653,#2959,.T.);
#2153=EDGE_CURVE('',#2653,#2654,#331,.T.);
#2154=EDGE_CURVE('',#2655,#2654,#2960,.T.);
#2155=EDGE_CURVE('',#2652,#2655,#332,.T.);
#2156=EDGE_CURVE('',#2655,#2656,#2961,.T.);
#2157=EDGE_CURVE('',#2656,#2657,#333,.T.);
#2158=EDGE_CURVE('',#2658,#2657,#2962,.T.);
#2159=EDGE_CURVE('',#2655,#2658,#334,.T.);
#2160=EDGE_CURVE('',#2659,#2660,#2963,.T.);
#2161=EDGE_CURVE('',#2660,#2661,#335,.T.);
#2162=EDGE_CURVE('',#2662,#2661,#82,.T.);
#2163=EDGE_CURVE('',#2659,#2662,#336,.T.);
#2164=EDGE_CURVE('',#2663,#2664,#60,.T.);
#2165=EDGE_CURVE('',#2664,#2665,#337,.T.);
#2166=EDGE_CURVE('',#2666,#2665,#79,.T.);
#2167=EDGE_CURVE('',#2663,#2666,#338,.T.);
#2168=EDGE_CURVE('',#2667,#2668,#2964,.F.);
#2169=EDGE_CURVE('',#2669,#2667,#339,.T.);
#2170=EDGE_CURVE('',#2670,#2669,#2965,.T.);
#2171=EDGE_CURVE('',#2668,#2670,#340,.T.);
#2172=EDGE_CURVE('',#2671,#2672,#341,.T.);
#2173=EDGE_CURVE('',#2671,#2673,#2966,.T.);
#2174=EDGE_CURVE('',#2673,#2674,#342,.T.);
#2175=EDGE_CURVE('',#2672,#2674,#2967,.T.);
#2176=EDGE_CURVE('',#2650,#2675,#2968,.T.);
#2177=EDGE_CURVE('',#2676,#2675,#343,.T.);
#2178=EDGE_CURVE('',#2676,#2651,#2969,.F.);
#2179=EDGE_CURVE('',#2675,#2671,#344,.T.);
#2180=EDGE_CURVE('',#2672,#2676,#345,.T.);
#2181=EDGE_CURVE('',#2665,#2669,#346,.T.);
#2182=EDGE_CURVE('',#2661,#2664,#83,.T.);
#2183=EDGE_CURVE('',#2657,#2660,#2970,.F.);
#2184=EDGE_CURVE('',#2654,#2656,#2971,.T.);
#2185=EDGE_CURVE('',#2653,#2673,#347,.T.);
#2186=EDGE_CURVE('',#2649,#2647,#2972,.T.);
#2187=EDGE_CURVE('',#2646,#2642,#348,.T.);
#2188=EDGE_CURVE('',#2639,#2641,#349,.T.);
#2189=EDGE_CURVE('',#2670,#2634,#350,.T.);
#2190=EDGE_CURVE('',#2638,#2640,#351,.T.);
#2191=EDGE_CURVE('',#2643,#2644,#352,.T.);
#2192=EDGE_CURVE('',#2645,#2648,#2973,.F.);
#2193=EDGE_CURVE('',#2674,#2652,#353,.T.);
#2194=EDGE_CURVE('',#2658,#2659,#2974,.T.);
#2195=EDGE_CURVE('',#2662,#2663,#61,.T.);
#2196=EDGE_CURVE('',#2666,#2667,#354,.T.);
#2197=EDGE_CURVE('',#2668,#2637,#355,.T.);
#2198=EDGE_CURVE('',#2677,#2678,#356,.T.);
#2199=EDGE_CURVE('',#2678,#2677,#2975,.F.);
#2200=EDGE_CURVE('',#2679,#2680,#2976,.T.);
#2201=EDGE_CURVE('',#2680,#2679,#357,.T.);
#2202=EDGE_CURVE('',#2681,#2682,#2977,.T.);
#2203=EDGE_CURVE('',#2682,#2681,#358,.T.);
#2204=EDGE_CURVE('',#2683,#2684,#359,.T.);
#2205=EDGE_CURVE('',#2683,#2684,#2978,.F.);
#2206=EDGE_CURVE('',#2685,#2685,#2979,.T.);
#2207=EDGE_CURVE('',#2680,#2678,#360,.T.);
#2208=EDGE_CURVE('',#2677,#2679,#361,.T.);
#2209=EDGE_CURVE('',#2686,#2686,#2980,.T.);
#2210=EDGE_CURVE('',#2684,#2681,#362,.T.);
#2211=EDGE_CURVE('',#2682,#2683,#363,.T.);
#2212=EDGE_CURVE('',#2687,#2688,#364,.T.);
#2213=EDGE_CURVE('',#2688,#2687,#2981,.F.);
#2214=EDGE_CURVE('',#2689,#2690,#2982,.T.);
#2215=EDGE_CURVE('',#2690,#2689,#365,.T.);
#2216=EDGE_CURVE('',#2691,#2692,#2983,.T.);
#2217=EDGE_CURVE('',#2692,#2691,#366,.T.);
#2218=EDGE_CURVE('',#2693,#2694,#367,.T.);
#2219=EDGE_CURVE('',#2693,#2694,#2984,.F.);
#2220=EDGE_CURVE('',#2695,#2695,#2985,.T.);
#2221=EDGE_CURVE('',#2690,#2688,#368,.T.);
#2222=EDGE_CURVE('',#2687,#2689,#369,.T.);
#2223=EDGE_CURVE('',#2696,#2696,#2986,.T.);
#2224=EDGE_CURVE('',#2694,#2691,#370,.T.);
#2225=EDGE_CURVE('',#2692,#2693,#371,.T.);
#2226=EDGE_CURVE('',#2697,#2698,#2987,.T.);
#2227=EDGE_CURVE('',#2698,#2697,#372,.T.);
#2228=EDGE_CURVE('',#2699,#2700,#373,.T.);
#2229=EDGE_CURVE('',#2699,#2700,#2988,.F.);
#2230=EDGE_CURVE('',#2701,#2701,#2989,.T.);
#2231=EDGE_CURVE('',#2702,#2703,#374,.T.);
#2232=EDGE_CURVE('',#2703,#2702,#2990,.F.);
#2233=EDGE_CURVE('',#2704,#2705,#2991,.T.);
#2234=EDGE_CURVE('',#2705,#2704,#375,.T.);
#2235=EDGE_CURVE('',#2702,#2704,#376,.T.);
#2236=EDGE_CURVE('',#2705,#2703,#377,.T.);
#2237=EDGE_CURVE('',#2706,#2706,#2992,.T.);
#2238=EDGE_CURVE('',#2698,#2699,#378,.T.);
#2239=EDGE_CURVE('',#2700,#2697,#379,.T.);
#2240=EDGE_CURVE('',#2707,#2708,#2993,.T.);
#2241=EDGE_CURVE('',#2708,#2707,#380,.T.);
#2242=EDGE_CURVE('',#2709,#2710,#381,.T.);
#2243=EDGE_CURVE('',#2709,#2710,#2994,.F.);
#2244=EDGE_CURVE('',#2711,#2711,#2995,.T.);
#2245=EDGE_CURVE('',#2712,#2713,#382,.T.);
#2246=EDGE_CURVE('',#2713,#2712,#2996,.F.);
#2247=EDGE_CURVE('',#2714,#2715,#2997,.T.);
#2248=EDGE_CURVE('',#2715,#2714,#383,.T.);
#2249=EDGE_CURVE('',#2712,#2714,#384,.T.);
#2250=EDGE_CURVE('',#2715,#2713,#385,.T.);
#2251=EDGE_CURVE('',#2716,#2716,#2998,.T.);
#2252=EDGE_CURVE('',#2708,#2709,#386,.T.);
#2253=EDGE_CURVE('',#2710,#2707,#387,.T.);
#2254=EDGE_CURVE('',#2717,#2718,#388,.T.);
#2255=EDGE_CURVE('',#2718,#2717,#2999,.F.);
#2256=EDGE_CURVE('',#2719,#2720,#3000,.T.);
#2257=EDGE_CURVE('',#2720,#2719,#389,.T.);
#2258=EDGE_CURVE('',#2721,#2722,#3001,.T.);
#2259=EDGE_CURVE('',#2722,#2721,#390,.T.);
#2260=EDGE_CURVE('',#2723,#2724,#391,.T.);
#2261=EDGE_CURVE('',#2723,#2724,#3002,.F.);
#2262=EDGE_CURVE('',#2725,#2725,#3003,.T.);
#2263=EDGE_CURVE('',#2720,#2718,#392,.T.);
#2264=EDGE_CURVE('',#2717,#2719,#393,.T.);
#2265=EDGE_CURVE('',#2726,#2726,#3004,.T.);
#2266=EDGE_CURVE('',#2724,#2721,#394,.T.);
#2267=EDGE_CURVE('',#2722,#2723,#395,.T.);
#2268=EDGE_CURVE('',#2727,#2728,#396,.T.);
#2269=EDGE_CURVE('',#2728,#2727,#3005,.F.);
#2270=EDGE_CURVE('',#2729,#2730,#3006,.T.);
#2271=EDGE_CURVE('',#2730,#2729,#397,.T.);
#2272=EDGE_CURVE('',#2731,#2732,#3007,.T.);
#2273=EDGE_CURVE('',#2732,#2731,#398,.T.);
#2274=EDGE_CURVE('',#2733,#2734,#399,.T.);
#2275=EDGE_CURVE('',#2733,#2734,#3008,.F.);
#2276=EDGE_CURVE('',#2735,#2735,#3009,.T.);
#2277=EDGE_CURVE('',#2730,#2728,#400,.T.);
#2278=EDGE_CURVE('',#2727,#2729,#401,.T.);
#2279=EDGE_CURVE('',#2736,#2736,#3010,.T.);
#2280=EDGE_CURVE('',#2734,#2731,#402,.T.);
#2281=EDGE_CURVE('',#2732,#2733,#403,.T.);
#2282=EDGE_CURVE('',#2737,#2738,#404,.T.);
#2283=EDGE_CURVE('',#2738,#2737,#3011,.F.);
#2284=EDGE_CURVE('',#2739,#2740,#3012,.T.);
#2285=EDGE_CURVE('',#2740,#2739,#405,.T.);
#2286=EDGE_CURVE('',#2741,#2742,#3013,.T.);
#2287=EDGE_CURVE('',#2742,#2741,#406,.T.);
#2288=EDGE_CURVE('',#2743,#2744,#407,.T.);
#2289=EDGE_CURVE('',#2743,#2744,#3014,.F.);
#2290=EDGE_CURVE('',#2745,#2745,#3015,.T.);
#2291=EDGE_CURVE('',#2740,#2738,#408,.T.);
#2292=EDGE_CURVE('',#2737,#2739,#409,.T.);
#2293=EDGE_CURVE('',#2746,#2746,#3016,.T.);
#2294=EDGE_CURVE('',#2744,#2741,#410,.T.);
#2295=EDGE_CURVE('',#2742,#2743,#411,.T.);
#2296=EDGE_CURVE('',#2747,#2748,#412,.T.);
#2297=EDGE_CURVE('',#2748,#2747,#3017,.F.);
#2298=EDGE_CURVE('',#2749,#2750,#3018,.T.);
#2299=EDGE_CURVE('',#2750,#2749,#413,.T.);
#2300=EDGE_CURVE('',#2751,#2752,#3019,.T.);
#2301=EDGE_CURVE('',#2752,#2751,#414,.T.);
#2302=EDGE_CURVE('',#2753,#2754,#415,.T.);
#2303=EDGE_CURVE('',#2753,#2754,#3020,.F.);
#2304=EDGE_CURVE('',#2755,#2755,#3021,.T.);
#2305=EDGE_CURVE('',#2750,#2748,#416,.T.);
#2306=EDGE_CURVE('',#2747,#2749,#417,.T.);
#2307=EDGE_CURVE('',#2756,#2756,#3022,.T.);
#2308=EDGE_CURVE('',#2754,#2751,#418,.T.);
#2309=EDGE_CURVE('',#2752,#2753,#419,.T.);
#2310=EDGE_CURVE('',#2757,#2758,#3023,.T.);
#2311=EDGE_CURVE('',#2758,#2757,#420,.T.);
#2312=EDGE_CURVE('',#2759,#2760,#421,.T.);
#2313=EDGE_CURVE('',#2759,#2760,#3024,.F.);
#2314=EDGE_CURVE('',#2761,#2761,#3025,.T.);
#2315=EDGE_CURVE('',#2762,#2763,#422,.T.);
#2316=EDGE_CURVE('',#2763,#2762,#3026,.F.);
#2317=EDGE_CURVE('',#2764,#2765,#3027,.T.);
#2318=EDGE_CURVE('',#2765,#2764,#423,.T.);
#2319=EDGE_CURVE('',#2762,#2764,#424,.T.);
#2320=EDGE_CURVE('',#2765,#2763,#425,.T.);
#2321=EDGE_CURVE('',#2766,#2766,#3028,.T.);
#2322=EDGE_CURVE('',#2758,#2759,#426,.T.);
#2323=EDGE_CURVE('',#2760,#2757,#427,.T.);
#2324=EDGE_CURVE('',#2767,#2768,#3029,.T.);
#2325=EDGE_CURVE('',#2768,#2767,#428,.T.);
#2326=EDGE_CURVE('',#2769,#2770,#429,.T.);
#2327=EDGE_CURVE('',#2769,#2770,#3030,.F.);
#2328=EDGE_CURVE('',#2771,#2771,#3031,.T.);
#2329=EDGE_CURVE('',#2772,#2773,#430,.T.);
#2330=EDGE_CURVE('',#2773,#2772,#3032,.F.);
#2331=EDGE_CURVE('',#2774,#2775,#3033,.T.);
#2332=EDGE_CURVE('',#2775,#2774,#431,.T.);
#2333=EDGE_CURVE('',#2772,#2774,#432,.T.);
#2334=EDGE_CURVE('',#2775,#2773,#433,.T.);
#2335=EDGE_CURVE('',#2776,#2776,#3034,.T.);
#2336=EDGE_CURVE('',#2768,#2769,#434,.T.);
#2337=EDGE_CURVE('',#2770,#2767,#435,.T.);
#2338=EDGE_CURVE('',#2777,#2778,#3035,.T.);
#2339=EDGE_CURVE('',#2778,#2777,#436,.T.);
#2340=EDGE_CURVE('',#2779,#2780,#437,.T.);
#2341=EDGE_CURVE('',#2779,#2780,#3036,.F.);
#2342=EDGE_CURVE('',#2781,#2781,#3037,.T.);
#2343=EDGE_CURVE('',#2782,#2783,#438,.T.);
#2344=EDGE_CURVE('',#2783,#2782,#3038,.F.);
#2345=EDGE_CURVE('',#2784,#2785,#3039,.T.);
#2346=EDGE_CURVE('',#2785,#2784,#439,.T.);
#2347=EDGE_CURVE('',#2782,#2784,#440,.T.);
#2348=EDGE_CURVE('',#2785,#2783,#441,.T.);
#2349=EDGE_CURVE('',#2786,#2786,#3040,.T.);
#2350=EDGE_CURVE('',#2778,#2779,#442,.T.);
#2351=EDGE_CURVE('',#2780,#2777,#443,.T.);
#2352=EDGE_CURVE('',#2787,#2788,#3041,.T.);
#2353=EDGE_CURVE('',#2788,#2787,#444,.T.);
#2354=EDGE_CURVE('',#2789,#2790,#445,.T.);
#2355=EDGE_CURVE('',#2789,#2790,#3042,.F.);
#2356=EDGE_CURVE('',#2791,#2791,#3043,.T.);
#2357=EDGE_CURVE('',#2792,#2793,#446,.T.);
#2358=EDGE_CURVE('',#2793,#2792,#3044,.F.);
#2359=EDGE_CURVE('',#2794,#2795,#3045,.T.);
#2360=EDGE_CURVE('',#2795,#2794,#447,.T.);
#2361=EDGE_CURVE('',#2792,#2794,#448,.T.);
#2362=EDGE_CURVE('',#2795,#2793,#449,.T.);
#2363=EDGE_CURVE('',#2796,#2796,#3046,.T.);
#2364=EDGE_CURVE('',#2788,#2789,#450,.T.);
#2365=EDGE_CURVE('',#2790,#2787,#451,.T.);
#2366=EDGE_CURVE('',#2797,#2798,#452,.T.);
#2367=EDGE_CURVE('',#2799,#2797,#453,.T.);
#2368=EDGE_CURVE('',#2799,#2800,#454,.T.);
#2369=EDGE_CURVE('',#2800,#2798,#455,.T.);
#2370=EDGE_CURVE('',#2801,#2800,#456,.T.);
#2371=EDGE_CURVE('',#2802,#2801,#457,.T.);
#2372=EDGE_CURVE('',#2798,#2802,#458,.T.);
#2373=EDGE_CURVE('',#2803,#2804,#459,.T.);
#2374=EDGE_CURVE('',#2805,#2803,#460,.T.);
#2375=EDGE_CURVE('',#2805,#2806,#461,.T.);
#2376=EDGE_CURVE('',#2806,#2804,#462,.T.);
#2377=EDGE_CURVE('',#2807,#2808,#463,.T.);
#2378=EDGE_CURVE('',#2809,#2807,#464,.T.);
#2379=EDGE_CURVE('',#2810,#2809,#465,.T.);
#2380=EDGE_CURVE('',#2808,#2810,#466,.T.);
#2381=EDGE_CURVE('',#2811,#2812,#467,.T.);
#2382=EDGE_CURVE('',#2813,#2811,#468,.T.);
#2383=EDGE_CURVE('',#2813,#2814,#469,.T.);
#2384=EDGE_CURVE('',#2814,#2812,#470,.T.);
#2385=EDGE_CURVE('',#2815,#2816,#471,.T.);
#2386=EDGE_CURVE('',#2817,#2815,#472,.T.);
#2387=EDGE_CURVE('',#2818,#2817,#473,.T.);
#2388=EDGE_CURVE('',#2816,#2818,#474,.T.);
#2389=EDGE_CURVE('',#2819,#2820,#475,.T.);
#2390=EDGE_CURVE('',#2821,#2819,#476,.T.);
#2391=EDGE_CURVE('',#2822,#2821,#477,.T.);
#2392=EDGE_CURVE('',#2820,#2822,#478,.T.);
#2393=EDGE_CURVE('',#2823,#2824,#479,.T.);
#2394=EDGE_CURVE('',#2824,#2825,#480,.T.);
#2395=EDGE_CURVE('',#2826,#2825,#481,.T.);
#2396=EDGE_CURVE('',#2823,#2826,#482,.T.);
#2397=EDGE_CURVE('',#2827,#2828,#483,.T.);
#2398=EDGE_CURVE('',#2829,#2827,#484,.T.);
#2399=EDGE_CURVE('',#2830,#2829,#485,.T.);
#2400=EDGE_CURVE('',#2830,#2828,#486,.T.);
#2401=EDGE_CURVE('',#2831,#2832,#487,.T.);
#2402=EDGE_CURVE('',#2832,#2833,#488,.T.);
#2403=EDGE_CURVE('',#2834,#2833,#489,.T.);
#2404=EDGE_CURVE('',#2831,#2834,#490,.T.);
#2405=EDGE_CURVE('',#2835,#2836,#491,.T.);
#2406=EDGE_CURVE('',#2837,#2835,#492,.T.);
#2407=EDGE_CURVE('',#2838,#2837,#493,.T.);
#2408=EDGE_CURVE('',#2838,#2836,#494,.T.);
#2409=EDGE_CURVE('',#2839,#2840,#495,.T.);
#2410=EDGE_CURVE('',#2841,#2839,#496,.T.);
#2411=EDGE_CURVE('',#2841,#2842,#497,.T.);
#2412=EDGE_CURVE('',#2842,#2840,#498,.T.);
#2413=EDGE_CURVE('',#2843,#2844,#499,.T.);
#2414=EDGE_CURVE('',#2845,#2843,#500,.T.);
#2415=EDGE_CURVE('',#2846,#2845,#501,.T.);
#2416=EDGE_CURVE('',#2844,#2846,#502,.T.);
#2417=EDGE_CURVE('',#2847,#2797,#503,.T.);
#2418=EDGE_CURVE('',#2847,#2848,#62,.T.);
#2419=EDGE_CURVE('',#2848,#2799,#504,.T.);
#2420=EDGE_CURVE('',#2812,#2816,#505,.T.);
#2421=EDGE_CURVE('',#2814,#2815,#506,.T.);
#2422=EDGE_CURVE('',#2804,#2808,#507,.T.);
#2423=EDGE_CURVE('',#2806,#2807,#508,.T.);
#2424=EDGE_CURVE('',#2801,#2821,#3047,.T.);
#2425=EDGE_CURVE('',#2822,#2848,#509,.T.);
#2426=EDGE_CURVE('',#2849,#2850,#510,.T.);
#2427=EDGE_CURVE('',#2851,#2849,#511,.T.);
#2428=EDGE_CURVE('',#2852,#2851,#512,.T.);
#2429=EDGE_CURVE('',#2850,#2852,#513,.T.);
#2430=EDGE_CURVE('',#2853,#2854,#514,.T.);
#2431=EDGE_CURVE('',#2854,#2855,#515,.T.);
#2432=EDGE_CURVE('',#2855,#2856,#516,.T.);
#2433=EDGE_CURVE('',#2853,#2856,#517,.T.);
#2434=EDGE_CURVE('',#2857,#2858,#518,.T.);
#2435=EDGE_CURVE('',#2859,#2857,#519,.T.);
#2436=EDGE_CURVE('',#2860,#2859,#520,.T.);
#2437=EDGE_CURVE('',#2858,#2860,#63,.T.);
#2438=EDGE_CURVE('',#2861,#2862,#521,.T.);
#2439=EDGE_CURVE('',#2863,#2861,#522,.T.);
#2440=EDGE_CURVE('',#2864,#2863,#523,.T.);
#2441=EDGE_CURVE('',#2862,#2864,#524,.T.);
#2442=EDGE_CURVE('',#2865,#2866,#525,.T.);
#2443=EDGE_CURVE('',#2867,#2865,#526,.T.);
#2444=EDGE_CURVE('',#2867,#2868,#527,.T.);
#2445=EDGE_CURVE('',#2868,#2866,#528,.T.);
#2446=EDGE_CURVE('',#2869,#2870,#529,.T.);
#2447=EDGE_CURVE('',#2871,#2869,#530,.T.);
#2448=EDGE_CURVE('',#2872,#2871,#531,.T.);
#2449=EDGE_CURVE('',#2870,#2872,#532,.T.);
#2450=EDGE_CURVE('',#2873,#2847,#64,.T.);
#2451=EDGE_CURVE('',#2874,#2873,#65,.T.);
#2452=EDGE_CURVE('',#2848,#2874,#66,.T.);
#2453=EDGE_CURVE('',#2875,#2876,#533,.T.);
#2454=EDGE_CURVE('',#2875,#2877,#534,.T.);
#2455=EDGE_CURVE('',#2877,#2878,#535,.T.);
#2456=EDGE_CURVE('',#2879,#2878,#536,.T.);
#2457=EDGE_CURVE('',#2880,#2879,#537,.T.);
#2458=EDGE_CURVE('',#2880,#2881,#538,.T.);
#2459=EDGE_CURVE('',#2881,#2882,#67,.T.);
#2460=EDGE_CURVE('',#2882,#2845,#539,.T.);
#2461=EDGE_CURVE('',#2845,#2822,#540,.T.);
#2462=EDGE_CURVE('',#2874,#2883,#541,.T.);
#2463=EDGE_CURVE('',#2883,#2884,#542,.T.);
#2464=EDGE_CURVE('',#2876,#2884,#543,.T.);
#2465=EDGE_CURVE('',#2885,#2886,#544,.T.);
#2466=EDGE_CURVE('',#2885,#2887,#545,.T.);
#2467=EDGE_CURVE('',#2887,#2888,#546,.T.);
#2468=EDGE_CURVE('',#2886,#2888,#547,.T.);
#2469=EDGE_CURVE('',#2889,#2890,#548,.T.);
#2470=EDGE_CURVE('',#2889,#2891,#549,.T.);
#2471=EDGE_CURVE('',#2891,#2892,#550,.T.);
#2472=EDGE_CURVE('',#2890,#2892,#551,.T.);
#2473=EDGE_CURVE('',#2893,#2894,#552,.T.);
#2474=EDGE_CURVE('',#2891,#2893,#553,.T.);
#2475=EDGE_CURVE('',#2894,#2889,#554,.T.);
#2476=EDGE_CURVE('',#2890,#2895,#555,.T.);
#2477=EDGE_CURVE('',#2892,#2896,#556,.T.);
#2478=EDGE_CURVE('',#2896,#2895,#557,.T.);
#2479=EDGE_CURVE('',#2897,#2898,#558,.T.);
#2480=EDGE_CURVE('',#2887,#2897,#559,.T.);
#2481=EDGE_CURVE('',#2898,#2885,#560,.T.);
#2482=EDGE_CURVE('',#2886,#2899,#561,.T.);
#2483=EDGE_CURVE('',#2888,#2900,#562,.T.);
#2484=EDGE_CURVE('',#2900,#2899,#563,.T.);
#2485=EDGE_CURVE('',#2901,#2843,#3048,.T.);
#2486=EDGE_CURVE('',#2902,#2901,#564,.T.);
#2487=EDGE_CURVE('',#2820,#2902,#3049,.T.);
#2488=EDGE_CURVE('',#2884,#2903,#565,.T.);
#2489=EDGE_CURVE('',#2903,#2904,#566,.T.);
#2490=EDGE_CURVE('',#2876,#2904,#567,.T.);
#2491=EDGE_CURVE('',#2905,#2881,#68,.T.);
#2492=EDGE_CURVE('',#2906,#2905,#3050,.T.);
#2493=EDGE_CURVE('',#2881,#2906,#69,.T.);
#2494=EDGE_CURVE('',#2905,#2860,#70,.T.);
#2495=EDGE_CURVE('',#2858,#2881,#71,.T.);
#2496=EDGE_CURVE('',#2907,#2873,#3051,.F.);
#2497=EDGE_CURVE('',#2907,#2874,#72,.T.);
#2498=EDGE_CURVE('',#2908,#2880,#568,.T.);
#2499=EDGE_CURVE('',#2909,#2908,#569,.T.);
#2500=EDGE_CURVE('',#2877,#2909,#570,.T.);
#2501=EDGE_CURVE('',#2910,#2875,#571,.T.);
#2502=EDGE_CURVE('',#2911,#2910,#572,.T.);
#2503=EDGE_CURVE('',#2883,#2911,#573,.T.);
#2504=EDGE_CURVE('',#2912,#2874,#73,.T.);
#2505=EDGE_CURVE('',#2912,#2913,#574,.T.);
#2506=EDGE_CURVE('',#2914,#2913,#575,.T.);
#2507=EDGE_CURVE('',#2858,#2914,#576,.T.);
#2508=EDGE_CURVE('',#2915,#2916,#3052,.F.);
#2509=EDGE_CURVE('',#2916,#2917,#577,.T.);
#2510=EDGE_CURVE('',#2917,#2918,#3053,.T.);
#2511=EDGE_CURVE('',#2915,#2918,#578,.T.);
#2512=EDGE_CURVE('',#2919,#2910,#579,.T.);
#2513=EDGE_CURVE('',#2920,#2919,#580,.T.);
#2514=EDGE_CURVE('',#2920,#2911,#581,.T.);
#2515=EDGE_CURVE('',#2873,#2921,#582,.T.);
#2516=EDGE_CURVE('',#2921,#2922,#3054,.T.);
#2517=EDGE_CURVE('',#2907,#2922,#583,.T.);
#2518=EDGE_CURVE('',#2923,#2905,#584,.T.);
#2519=EDGE_CURVE('',#2923,#2924,#3055,.F.);
#2520=EDGE_CURVE('',#2924,#2906,#585,.T.);
#2521=EDGE_CURVE('',#2925,#2908,#586,.T.);
#2522=EDGE_CURVE('',#2926,#2925,#587,.T.);
#2523=EDGE_CURVE('',#2926,#2909,#588,.T.);
#2524=EDGE_CURVE('',#2860,#2927,#589,.T.);
#2525=EDGE_CURVE('',#2927,#2928,#3056,.F.);
#2526=EDGE_CURVE('',#2905,#2928,#590,.T.);
#2527=EDGE_CURVE('',#2929,#2930,#3057,.F.);
#2528=EDGE_CURVE('',#2930,#2931,#591,.T.);
#2529=EDGE_CURVE('',#2931,#2907,#74,.T.);
#2530=EDGE_CURVE('',#2929,#2907,#592,.T.);
#2531=EDGE_CURVE('',#2918,#2926,#593,.T.);
#2532=EDGE_CURVE('',#2925,#2923,#594,.T.);
#2533=EDGE_CURVE('',#2928,#2929,#595,.T.);
#2534=EDGE_CURVE('',#2922,#2920,#596,.T.);
#2535=EDGE_CURVE('',#2919,#2915,#597,.T.);
#2536=EDGE_CURVE('',#2904,#2916,#598,.T.);
#2537=EDGE_CURVE('',#2878,#2932,#599,.T.);
#2538=EDGE_CURVE('',#2932,#2933,#600,.T.);
#2539=EDGE_CURVE('',#2879,#2933,#601,.T.);
#2540=EDGE_CURVE('',#2906,#2901,#602,.T.);
#2541=EDGE_CURVE('',#2843,#2934,#603,.T.);
#2542=EDGE_CURVE('',#2934,#2906,#75,.T.);
#2543=EDGE_CURVE('',#2933,#2924,#604,.T.);
#2544=EDGE_CURVE('',#2852,#2854,#605,.T.);
#2545=EDGE_CURVE('',#2851,#2855,#606,.T.);
#2546=EDGE_CURVE('',#2927,#2935,#607,.T.);
#2547=EDGE_CURVE('',#2859,#2935,#608,.T.);
#2548=EDGE_CURVE('',#2931,#2912,#76,.T.);
#2549=EDGE_CURVE('',#2864,#2931,#609,.T.);
#2550=EDGE_CURVE('',#2930,#2862,#610,.T.);
#2551=EDGE_CURVE('',#2871,#2867,#611,.T.);
#2552=EDGE_CURVE('',#2865,#2872,#612,.T.);
#2553=EDGE_CURVE('',#2903,#2921,#613,.T.);
#2554=EDGE_CURVE('',#2932,#2917,#614,.T.);
#2555=EDGE_CURVE('',#2896,#2893,#615,.T.);
#2556=EDGE_CURVE('',#2895,#2894,#616,.T.);
#2557=EDGE_CURVE('',#2900,#2897,#617,.T.);
#2558=EDGE_CURVE('',#2899,#2898,#618,.T.);
#2559=EDGE_CURVE('',#2902,#2873,#619,.T.);
#2560=EDGE_CURVE('',#2825,#2829,#620,.T.);
#2561=EDGE_CURVE('',#2824,#2830,#621,.T.);
#2562=EDGE_CURVE('',#2833,#2837,#622,.T.);
#2563=EDGE_CURVE('',#2832,#2838,#623,.T.);
#2564=EDGE_CURVE('',#2934,#2841,#624,.T.);
#2565=EDGE_CURVE('',#2936,#2844,#3058,.T.);
#2566=EDGE_CURVE('',#2936,#2842,#625,.T.);
#2567=EDGE_CURVE('',#2934,#2882,#77,.T.);
#2568=EDGE_CURVE('',#2850,#2853,#626,.T.);
#2569=EDGE_CURVE('',#2856,#2849,#627,.T.);
#2570=EDGE_CURVE('',#2935,#2937,#628,.T.);
#2571=EDGE_CURVE('',#2937,#2857,#629,.T.);
#2572=EDGE_CURVE('',#2914,#2937,#630,.T.);
#2573=EDGE_CURVE('',#2913,#2861,#631,.T.);
#2574=EDGE_CURVE('',#2912,#2863,#632,.T.);
#2575=EDGE_CURVE('',#2866,#2870,#633,.T.);
#2576=EDGE_CURVE('',#2868,#2869,#634,.T.);
#2577=EDGE_CURVE('',#2847,#2820,#635,.T.);
#2578=EDGE_CURVE('',#2802,#2819,#3059,.T.);
#2579=EDGE_CURVE('',#2803,#2810,#636,.T.);
#2580=EDGE_CURVE('',#2809,#2805,#637,.T.);
#2581=EDGE_CURVE('',#2811,#2818,#638,.T.);
#2582=EDGE_CURVE('',#2817,#2813,#639,.T.);
#2583=EDGE_CURVE('',#2828,#2823,#640,.T.);
#2584=EDGE_CURVE('',#2826,#2827,#641,.T.);
#2585=EDGE_CURVE('',#2836,#2831,#642,.T.);
#2586=EDGE_CURVE('',#2834,#2835,#643,.T.);
#2587=EDGE_CURVE('',#2938,#2846,#3060,.T.);
#2588=EDGE_CURVE('',#2938,#2936,#644,.T.);
#2589=EDGE_CURVE('',#2840,#2938,#645,.T.);
#2590=EDGE_CURVE('',#2882,#2839,#646,.T.);
#2591=VERTEX_POINT('',#5548);
#2592=VERTEX_POINT('',#5549);
#2593=VERTEX_POINT('',#5551);
#2594=VERTEX_POINT('',#5553);
#2595=VERTEX_POINT('',#5557);
#2596=VERTEX_POINT('',#5558);
#2597=VERTEX_POINT('',#5563);
#2598=VERTEX_POINT('',#5564);
#2599=VERTEX_POINT('',#5566);
#2600=VERTEX_POINT('',#5568);
#2601=VERTEX_POINT('',#5572);
#2602=VERTEX_POINT('',#5573);
#2603=VERTEX_POINT('',#5575);
#2604=VERTEX_POINT('',#5583);
#2605=VERTEX_POINT('',#5584);
#2606=VERTEX_POINT('',#5586);
#2607=VERTEX_POINT('',#5588);
#2608=VERTEX_POINT('',#5592);
#2609=VERTEX_POINT('',#5593);
#2610=VERTEX_POINT('',#5595);
#2611=VERTEX_POINT('',#5600);
#2612=VERTEX_POINT('',#5604);
#2613=VERTEX_POINT('',#5605);
#2614=VERTEX_POINT('',#5607);
#2615=VERTEX_POINT('',#5609);
#2616=VERTEX_POINT('',#5613);
#2617=VERTEX_POINT('',#5614);
#2618=VERTEX_POINT('',#5616);
#2619=VERTEX_POINT('',#5618);
#2620=VERTEX_POINT('',#5622);
#2621=VERTEX_POINT('',#5623);
#2622=VERTEX_POINT('',#5625);
#2623=VERTEX_POINT('',#5627);
#2624=VERTEX_POINT('',#5631);
#2625=VERTEX_POINT('',#5632);
#2626=VERTEX_POINT('',#5634);
#2627=VERTEX_POINT('',#5636);
#2628=VERTEX_POINT('',#5640);
#2629=VERTEX_POINT('',#5641);
#2630=VERTEX_POINT('',#5646);
#2631=VERTEX_POINT('',#5647);
#2632=VERTEX_POINT('',#5649);
#2633=VERTEX_POINT('',#5651);
#2634=VERTEX_POINT('',#5708);
#2635=VERTEX_POINT('',#5709);
#2636=VERTEX_POINT('',#5711);
#2637=VERTEX_POINT('',#5713);
#2638=VERTEX_POINT('',#5717);
#2639=VERTEX_POINT('',#5718);
#2640=VERTEX_POINT('',#5723);
#2641=VERTEX_POINT('',#5724);
#2642=VERTEX_POINT('',#5726);
#2643=VERTEX_POINT('',#5728);
#2644=VERTEX_POINT('',#5732);
#2645=VERTEX_POINT('',#5733);
#2646=VERTEX_POINT('',#5735);
#2647=VERTEX_POINT('',#5737);
#2648=VERTEX_POINT('',#5741);
#2649=VERTEX_POINT('',#5742);
#2650=VERTEX_POINT('',#5744);
#2651=VERTEX_POINT('',#5746);
#2652=VERTEX_POINT('',#5750);
#2653=VERTEX_POINT('',#5751);
#2654=VERTEX_POINT('',#5753);
#2655=VERTEX_POINT('',#5755);
#2656=VERTEX_POINT('',#5759);
#2657=VERTEX_POINT('',#5761);
#2658=VERTEX_POINT('',#5763);
#2659=VERTEX_POINT('',#5767);
#2660=VERTEX_POINT('',#5768);
#2661=VERTEX_POINT('',#5770);
#2662=VERTEX_POINT('',#5775);
#2663=VERTEX_POINT('',#5782);
#2664=VERTEX_POINT('',#5783);
#2665=VERTEX_POINT('',#5785);
#2666=VERTEX_POINT('',#5787);
#2667=VERTEX_POINT('',#5791);
#2668=VERTEX_POINT('',#5792);
#2669=VERTEX_POINT('',#5794);
#2670=VERTEX_POINT('',#5796);
#2671=VERTEX_POINT('',#5800);
#2672=VERTEX_POINT('',#5801);
#2673=VERTEX_POINT('',#5803);
#2674=VERTEX_POINT('',#5805);
#2675=VERTEX_POINT('',#5809);
#2676=VERTEX_POINT('',#5811);
#2677=VERTEX_POINT('',#5869);
#2678=VERTEX_POINT('',#5870);
#2679=VERTEX_POINT('',#5874);
#2680=VERTEX_POINT('',#5875);
#2681=VERTEX_POINT('',#5879);
#2682=VERTEX_POINT('',#5880);
#2683=VERTEX_POINT('',#5884);
#2684=VERTEX_POINT('',#5885);
#2685=VERTEX_POINT('',#5889);
#2686=VERTEX_POINT('',#5895);
#2687=VERTEX_POINT('',#5903);
#2688=VERTEX_POINT('',#5904);
#2689=VERTEX_POINT('',#5908);
#2690=VERTEX_POINT('',#5909);
#2691=VERTEX_POINT('',#5913);
#2692=VERTEX_POINT('',#5914);
#2693=VERTEX_POINT('',#5918);
#2694=VERTEX_POINT('',#5919);
#2695=VERTEX_POINT('',#5923);
#2696=VERTEX_POINT('',#5929);
#2697=VERTEX_POINT('',#5937);
#2698=VERTEX_POINT('',#5938);
#2699=VERTEX_POINT('',#5942);
#2700=VERTEX_POINT('',#5943);
#2701=VERTEX_POINT('',#5947);
#2702=VERTEX_POINT('',#5950);
#2703=VERTEX_POINT('',#5951);
#2704=VERTEX_POINT('',#5955);
#2705=VERTEX_POINT('',#5956);
#2706=VERTEX_POINT('',#5963);
#2707=VERTEX_POINT('',#5971);
#2708=VERTEX_POINT('',#5972);
#2709=VERTEX_POINT('',#5976);
#2710=VERTEX_POINT('',#5977);
#2711=VERTEX_POINT('',#5981);
#2712=VERTEX_POINT('',#5984);
#2713=VERTEX_POINT('',#5985);
#2714=VERTEX_POINT('',#5989);
#2715=VERTEX_POINT('',#5990);
#2716=VERTEX_POINT('',#5997);
#2717=VERTEX_POINT('',#6005);
#2718=VERTEX_POINT('',#6006);
#2719=VERTEX_POINT('',#6010);
#2720=VERTEX_POINT('',#6011);
#2721=VERTEX_POINT('',#6015);
#2722=VERTEX_POINT('',#6016);
#2723=VERTEX_POINT('',#6020);
#2724=VERTEX_POINT('',#6021);
#2725=VERTEX_POINT('',#6025);
#2726=VERTEX_POINT('',#6031);
#2727=VERTEX_POINT('',#6039);
#2728=VERTEX_POINT('',#6040);
#2729=VERTEX_POINT('',#6044);
#2730=VERTEX_POINT('',#6045);
#2731=VERTEX_POINT('',#6049);
#2732=VERTEX_POINT('',#6050);
#2733=VERTEX_POINT('',#6054);
#2734=VERTEX_POINT('',#6055);
#2735=VERTEX_POINT('',#6059);
#2736=VERTEX_POINT('',#6065);
#2737=VERTEX_POINT('',#6073);
#2738=VERTEX_POINT('',#6074);
#2739=VERTEX_POINT('',#6078);
#2740=VERTEX_POINT('',#6079);
#2741=VERTEX_POINT('',#6083);
#2742=VERTEX_POINT('',#6084);
#2743=VERTEX_POINT('',#6088);
#2744=VERTEX_POINT('',#6089);
#2745=VERTEX_POINT('',#6093);
#2746=VERTEX_POINT('',#6099);
#2747=VERTEX_POINT('',#6107);
#2748=VERTEX_POINT('',#6108);
#2749=VERTEX_POINT('',#6112);
#2750=VERTEX_POINT('',#6113);
#2751=VERTEX_POINT('',#6117);
#2752=VERTEX_POINT('',#6118);
#2753=VERTEX_POINT('',#6122);
#2754=VERTEX_POINT('',#6123);
#2755=VERTEX_POINT('',#6127);
#2756=VERTEX_POINT('',#6133);
#2757=VERTEX_POINT('',#6141);
#2758=VERTEX_POINT('',#6142);
#2759=VERTEX_POINT('',#6146);
#2760=VERTEX_POINT('',#6147);
#2761=VERTEX_POINT('',#6151);
#2762=VERTEX_POINT('',#6154);
#2763=VERTEX_POINT('',#6155);
#2764=VERTEX_POINT('',#6159);
#2765=VERTEX_POINT('',#6160);
#2766=VERTEX_POINT('',#6167);
#2767=VERTEX_POINT('',#6175);
#2768=VERTEX_POINT('',#6176);
#2769=VERTEX_POINT('',#6180);
#2770=VERTEX_POINT('',#6181);
#2771=VERTEX_POINT('',#6185);
#2772=VERTEX_POINT('',#6188);
#2773=VERTEX_POINT('',#6189);
#2774=VERTEX_POINT('',#6193);
#2775=VERTEX_POINT('',#6194);
#2776=VERTEX_POINT('',#6201);
#2777=VERTEX_POINT('',#6209);
#2778=VERTEX_POINT('',#6210);
#2779=VERTEX_POINT('',#6214);
#2780=VERTEX_POINT('',#6215);
#2781=VERTEX_POINT('',#6219);
#2782=VERTEX_POINT('',#6222);
#2783=VERTEX_POINT('',#6223);
#2784=VERTEX_POINT('',#6227);
#2785=VERTEX_POINT('',#6228);
#2786=VERTEX_POINT('',#6235);
#2787=VERTEX_POINT('',#6243);
#2788=VERTEX_POINT('',#6244);
#2789=VERTEX_POINT('',#6248);
#2790=VERTEX_POINT('',#6249);
#2791=VERTEX_POINT('',#6253);
#2792=VERTEX_POINT('',#6256);
#2793=VERTEX_POINT('',#6257);
#2794=VERTEX_POINT('',#6261);
#2795=VERTEX_POINT('',#6262);
#2796=VERTEX_POINT('',#6269);
#2797=VERTEX_POINT('',#6277);
#2798=VERTEX_POINT('',#6278);
#2799=VERTEX_POINT('',#6280);
#2800=VERTEX_POINT('',#6282);
#2801=VERTEX_POINT('',#6286);
#2802=VERTEX_POINT('',#6288);
#2803=VERTEX_POINT('',#6292);
#2804=VERTEX_POINT('',#6293);
#2805=VERTEX_POINT('',#6295);
#2806=VERTEX_POINT('',#6297);
#2807=VERTEX_POINT('',#6301);
#2808=VERTEX_POINT('',#6302);
#2809=VERTEX_POINT('',#6304);
#2810=VERTEX_POINT('',#6306);
#2811=VERTEX_POINT('',#6310);
#2812=VERTEX_POINT('',#6311);
#2813=VERTEX_POINT('',#6313);
#2814=VERTEX_POINT('',#6315);
#2815=VERTEX_POINT('',#6319);
#2816=VERTEX_POINT('',#6320);
#2817=VERTEX_POINT('',#6322);
#2818=VERTEX_POINT('',#6324);
#2819=VERTEX_POINT('',#6328);
#2820=VERTEX_POINT('',#6329);
#2821=VERTEX_POINT('',#6331);
#2822=VERTEX_POINT('',#6333);
#2823=VERTEX_POINT('',#6337);
#2824=VERTEX_POINT('',#6338);
#2825=VERTEX_POINT('',#6340);
#2826=VERTEX_POINT('',#6342);
#2827=VERTEX_POINT('',#6346);
#2828=VERTEX_POINT('',#6347);
#2829=VERTEX_POINT('',#6349);
#2830=VERTEX_POINT('',#6351);
#2831=VERTEX_POINT('',#6355);
#2832=VERTEX_POINT('',#6356);
#2833=VERTEX_POINT('',#6358);
#2834=VERTEX_POINT('',#6360);
#2835=VERTEX_POINT('',#6364);
#2836=VERTEX_POINT('',#6365);
#2837=VERTEX_POINT('',#6367);
#2838=VERTEX_POINT('',#6369);
#2839=VERTEX_POINT('',#6373);
#2840=VERTEX_POINT('',#6374);
#2841=VERTEX_POINT('',#6376);
#2842=VERTEX_POINT('',#6378);
#2843=VERTEX_POINT('',#6382);
#2844=VERTEX_POINT('',#6383);
#2845=VERTEX_POINT('',#6385);
#2846=VERTEX_POINT('',#6387);
#2847=VERTEX_POINT('',#6391);
#2848=VERTEX_POINT('',#6394);
#2849=VERTEX_POINT('',#6405);
#2850=VERTEX_POINT('',#6406);
#2851=VERTEX_POINT('',#6408);
#2852=VERTEX_POINT('',#6410);
#2853=VERTEX_POINT('',#6414);
#2854=VERTEX_POINT('',#6415);
#2855=VERTEX_POINT('',#6417);
#2856=VERTEX_POINT('',#6419);
#2857=VERTEX_POINT('',#6423);
#2858=VERTEX_POINT('',#6424);
#2859=VERTEX_POINT('',#6426);
#2860=VERTEX_POINT('',#6428);
#2861=VERTEX_POINT('',#6433);
#2862=VERTEX_POINT('',#6434);
#2863=VERTEX_POINT('',#6436);
#2864=VERTEX_POINT('',#6438);
#2865=VERTEX_POINT('',#6442);
#2866=VERTEX_POINT('',#6443);
#2867=VERTEX_POINT('',#6445);
#2868=VERTEX_POINT('',#6447);
#2869=VERTEX_POINT('',#6451);
#2870=VERTEX_POINT('',#6452);
#2871=VERTEX_POINT('',#6454);
#2872=VERTEX_POINT('',#6456);
#2873=VERTEX_POINT('',#6490);
#2874=VERTEX_POINT('',#6493);
#2875=VERTEX_POINT('',#6498);
#2876=VERTEX_POINT('',#6499);
#2877=VERTEX_POINT('',#6501);
#2878=VERTEX_POINT('',#6503);
#2879=VERTEX_POINT('',#6505);
#2880=VERTEX_POINT('',#6507);
#2881=VERTEX_POINT('',#6509);
#2882=VERTEX_POINT('',#6512);
#2883=VERTEX_POINT('',#6516);
#2884=VERTEX_POINT('',#6518);
#2885=VERTEX_POINT('',#6521);
#2886=VERTEX_POINT('',#6522);
#2887=VERTEX_POINT('',#6524);
#2888=VERTEX_POINT('',#6526);
#2889=VERTEX_POINT('',#6529);
#2890=VERTEX_POINT('',#6530);
#2891=VERTEX_POINT('',#6532);
#2892=VERTEX_POINT('',#6534);
#2893=VERTEX_POINT('',#6538);
#2894=VERTEX_POINT('',#6539);
#2895=VERTEX_POINT('',#6544);
#2896=VERTEX_POINT('',#6546);
#2897=VERTEX_POINT('',#6550);
#2898=VERTEX_POINT('',#6551);
#2899=VERTEX_POINT('',#6556);
#2900=VERTEX_POINT('',#6558);
#2901=VERTEX_POINT('',#6562);
#2902=VERTEX_POINT('',#6564);
#2903=VERTEX_POINT('',#6568);
#2904=VERTEX_POINT('',#6570);
#2905=VERTEX_POINT('',#6575);
#2906=VERTEX_POINT('',#6577);
#2907=VERTEX_POINT('',#6621);
#2908=VERTEX_POINT('',#6626);
#2909=VERTEX_POINT('',#6628);
#2910=VERTEX_POINT('',#6631);
#2911=VERTEX_POINT('',#6633);
#2912=VERTEX_POINT('',#6640);
#2913=VERTEX_POINT('',#6642);
#2914=VERTEX_POINT('',#6644);
#2915=VERTEX_POINT('',#6648);
#2916=VERTEX_POINT('',#6649);
#2917=VERTEX_POINT('',#6651);
#2918=VERTEX_POINT('',#6653);
#2919=VERTEX_POINT('',#6657);
#2920=VERTEX_POINT('',#6659);
#2921=VERTEX_POINT('',#6663);
#2922=VERTEX_POINT('',#6665);
#2923=VERTEX_POINT('',#6669);
#2924=VERTEX_POINT('',#6671);
#2925=VERTEX_POINT('',#6675);
#2926=VERTEX_POINT('',#6677);
#2927=VERTEX_POINT('',#6681);
#2928=VERTEX_POINT('',#6683);
#2929=VERTEX_POINT('',#6687);
#2930=VERTEX_POINT('',#6688);
#2931=VERTEX_POINT('',#6690);
#2932=VERTEX_POINT('',#6706);
#2933=VERTEX_POINT('',#6708);
#2934=VERTEX_POINT('',#6713);
#2935=VERTEX_POINT('',#6724);
#2936=VERTEX_POINT('',#6780);
#2937=VERTEX_POINT('',#6820);
#2938=VERTEX_POINT('',#6859);
#2939=CIRCLE('',#4053,0.03);
#2940=CIRCLE('',#4054,0.03);
#2941=CIRCLE('',#4057,0.006);
#2942=CIRCLE('',#4058,0.006);
#2943=CIRCLE('',#4060,0.006);
#2944=CIRCLE('',#4061,0.006);
#2945=CIRCLE('',#4063,0.006);
#2946=CIRCLE('',#4067,0.01);
#2947=CIRCLE('',#4068,0.01);
#2948=CIRCLE('',#4070,0.01);
#2949=CIRCLE('',#4071,0.01);
#2950=CIRCLE('',#4075,0.01);
#2951=CIRCLE('',#4076,0.01);
#2952=CIRCLE('',#4078,0.003);
#2953=CIRCLE('',#4079,0.003);
#2954=CIRCLE('',#4082,0.00203247280679672);
#2955=CIRCLE('',#4083,0.0139675271932646);
#2956=CIRCLE('',#4087,0.016);
#2957=CIRCLE('',#4096,0.01);
#2958=CIRCLE('',#4097,0.01);
#2959=CIRCLE('',#4103,0.006);
#2960=CIRCLE('',#4104,0.006);
#2961=CIRCLE('',#4106,0.006);
#2962=CIRCLE('',#4107,0.006);
#2963=CIRCLE('',#4109,0.006);
#2964=CIRCLE('',#4113,0.01);
#2965=CIRCLE('',#4114,0.01);
#2966=CIRCLE('',#4116,0.003);
#2967=CIRCLE('',#4117,0.003);
#2968=CIRCLE('',#4119,0.01);
#2969=CIRCLE('',#4120,0.01);
#2970=CIRCLE('',#4123,0.0139675271932248);
#2971=CIRCLE('',#4124,0.00203247280679672);
#2972=CIRCLE('',#4125,0.03);
#2973=CIRCLE('',#4129,0.03);
#2974=CIRCLE('',#4133,0.016);
#2975=CIRCLE('',#4139,0.009);
#2976=CIRCLE('',#4141,0.009);
#2977=CIRCLE('',#4143,0.009);
#2978=CIRCLE('',#4145,0.009);
#2979=CIRCLE('',#4147,0.009);
#2980=CIRCLE('',#4150,0.009);
#2981=CIRCLE('',#4155,0.009);
#2982=CIRCLE('',#4157,0.009);
#2983=CIRCLE('',#4159,0.009);
#2984=CIRCLE('',#4161,0.009);
#2985=CIRCLE('',#4163,0.009);
#2986=CIRCLE('',#4166,0.009);
#2987=CIRCLE('',#4171,0.009);
#2988=CIRCLE('',#4173,0.009);
#2989=CIRCLE('',#4175,0.009);
#2990=CIRCLE('',#4177,0.009);
#2991=CIRCLE('',#4179,0.009);
#2992=CIRCLE('',#4182,0.009);
#2993=CIRCLE('',#4187,0.009);
#2994=CIRCLE('',#4189,0.009);
#2995=CIRCLE('',#4191,0.009);
#2996=CIRCLE('',#4193,0.009);
#2997=CIRCLE('',#4195,0.009);
#2998=CIRCLE('',#4198,0.009);
#2999=CIRCLE('',#4203,0.009);
#3000=CIRCLE('',#4205,0.009);
#3001=CIRCLE('',#4207,0.009);
#3002=CIRCLE('',#4209,0.009);
#3003=CIRCLE('',#4211,0.009);
#3004=CIRCLE('',#4214,0.009);
#3005=CIRCLE('',#4219,0.009);
#3006=CIRCLE('',#4221,0.009);
#3007=CIRCLE('',#4223,0.009);
#3008=CIRCLE('',#4225,0.009);
#3009=CIRCLE('',#4227,0.009);
#3010=CIRCLE('',#4230,0.009);
#3011=CIRCLE('',#4235,0.009);
#3012=CIRCLE('',#4237,0.009);
#3013=CIRCLE('',#4239,0.009);
#3014=CIRCLE('',#4241,0.009);
#3015=CIRCLE('',#4243,0.009);
#3016=CIRCLE('',#4246,0.009);
#3017=CIRCLE('',#4251,0.009);
#3018=CIRCLE('',#4253,0.009);
#3019=CIRCLE('',#4255,0.009);
#3020=CIRCLE('',#4257,0.009);
#3021=CIRCLE('',#4259,0.009);
#3022=CIRCLE('',#4262,0.009);
#3023=CIRCLE('',#4267,0.009);
#3024=CIRCLE('',#4269,0.009);
#3025=CIRCLE('',#4271,0.009);
#3026=CIRCLE('',#4273,0.009);
#3027=CIRCLE('',#4275,0.009);
#3028=CIRCLE('',#4278,0.009);
#3029=CIRCLE('',#4283,0.009);
#3030=CIRCLE('',#4285,0.009);
#3031=CIRCLE('',#4287,0.009);
#3032=CIRCLE('',#4289,0.009);
#3033=CIRCLE('',#4291,0.009);
#3034=CIRCLE('',#4294,0.009);
#3035=CIRCLE('',#4299,0.009);
#3036=CIRCLE('',#4301,0.009);
#3037=CIRCLE('',#4303,0.009);
#3038=CIRCLE('',#4305,0.009);
#3039=CIRCLE('',#4307,0.009);
#3040=CIRCLE('',#4310,0.009);
#3041=CIRCLE('',#4315,0.009);
#3042=CIRCLE('',#4317,0.009);
#3043=CIRCLE('',#4319,0.009);
#3044=CIRCLE('',#4321,0.009);
#3045=CIRCLE('',#4323,0.009);
#3046=CIRCLE('',#4326,0.009);
#3047=CIRCLE('',#4345,0.02);
#3048=CIRCLE('',#4358,0.008);
#3049=CIRCLE('',#4359,0.008);
#3050=CIRCLE('',#4362,0.008);
#3051=CIRCLE('',#4364,0.008);
#3052=CIRCLE('',#4367,0.008);
#3053=CIRCLE('',#4368,0.008);
#3054=CIRCLE('',#4371,0.008);
#3055=CIRCLE('',#4373,0.008);
#3056=CIRCLE('',#4376,0.008);
#3057=CIRCLE('',#4378,0.008);
#3058=CIRCLE('',#4390,0.02);
#3059=CIRCLE('',#4406,0.02);
#3060=CIRCLE('',#4416,0.02);
#3061=EDGE_LOOP('',(#1022,#1023,#1024,#1025));
#3062=EDGE_LOOP('',(#1026,#1027,#1028,#1029));
#3063=EDGE_LOOP('',(#1030,#1031,#1032,#1033));
#3064=EDGE_LOOP('',(#1034,#1035,#1036,#1037));
#3065=EDGE_LOOP('',(#1038,#1039,#1040,#1041));
#3066=EDGE_LOOP('',(#1042,#1043,#1044,#1045));
#3067=EDGE_LOOP('',(#1046,#1047,#1048,#1049));
#3068=EDGE_LOOP('',(#1050,#1051,#1052,#1053));
#3069=EDGE_LOOP('',(#1054,#1055,#1056,#1057));
#3070=EDGE_LOOP('',(#1058,#1059,#1060,#1061));
#3071=EDGE_LOOP('',(#1062,#1063,#1064,#1065));
#3072=EDGE_LOOP('',(#1066,#1067,#1068,#1069));
#3073=EDGE_LOOP('',(#1070,#1071,#1072,#1073));
#3074=EDGE_LOOP('',(#1074,#1075,#1076,#1077,#1078,#1079,#1080,#1081,#1082,
#1083,#1084,#1085,#1086,#1087,#1088,#1089,#1090,#1091,#1092,#1093,#1094,
#1095));
#3075=EDGE_LOOP('',(#1096,#1097,#1098,#1099));
#3076=EDGE_LOOP('',(#1100,#1101,#1102));
#3077=EDGE_LOOP('',(#1103,#1104,#1105,#1106));
#3078=EDGE_LOOP('',(#1107,#1108,#1109,#1110));
#3079=EDGE_LOOP('',(#1111,#1112,#1113,#1114));
#3080=EDGE_LOOP('',(#1115,#1116,#1117,#1118));
#3081=EDGE_LOOP('',(#1119,#1120,#1121,#1122));
#3082=EDGE_LOOP('',(#1123,#1124,#1125,#1126));
#3083=EDGE_LOOP('',(#1127,#1128,#1129,#1130));
#3084=EDGE_LOOP('',(#1131,#1132,#1133,#1134,#1135,#1136,#1137,#1138,#1139,
#1140,#1141,#1142,#1143,#1144,#1145,#1146,#1147,#1148,#1149,#1150,#1151));
#3085=EDGE_LOOP('',(#1152,#1153,#1154,#1155));
#3086=EDGE_LOOP('',(#1156,#1157,#1158,#1159));
#3087=EDGE_LOOP('',(#1160,#1161,#1162,#1163));
#3088=EDGE_LOOP('',(#1164,#1165,#1166,#1167));
#3089=EDGE_LOOP('',(#1168,#1169,#1170,#1171));
#3090=EDGE_LOOP('',(#1172,#1173,#1174,#1175));
#3091=EDGE_LOOP('',(#1176,#1177,#1178,#1179));
#3092=EDGE_LOOP('',(#1180,#1181,#1182,#1183));
#3093=EDGE_LOOP('',(#1184,#1185,#1186,#1187));
#3094=EDGE_LOOP('',(#1188,#1189,#1190,#1191));
#3095=EDGE_LOOP('',(#1192,#1193,#1194,#1195));
#3096=EDGE_LOOP('',(#1196,#1197,#1198,#1199));
#3097=EDGE_LOOP('',(#1200,#1201,#1202,#1203));
#3098=EDGE_LOOP('',(#1204,#1205,#1206,#1207,#1208,#1209,#1210,#1211,#1212,
#1213,#1214,#1215,#1216,#1217,#1218,#1219,#1220,#1221,#1222,#1223,#1224,
#1225));
#3099=EDGE_LOOP('',(#1226,#1227,#1228,#1229));
#3100=EDGE_LOOP('',(#1230,#1231,#1232,#1233));
#3101=EDGE_LOOP('',(#1234,#1235,#1236,#1237));
#3102=EDGE_LOOP('',(#1238,#1239,#1240,#1241));
#3103=EDGE_LOOP('',(#1242,#1243,#1244));
#3104=EDGE_LOOP('',(#1245,#1246,#1247,#1248));
#3105=EDGE_LOOP('',(#1249,#1250,#1251,#1252));
#3106=EDGE_LOOP('',(#1253,#1254,#1255,#1256));
#3107=EDGE_LOOP('',(#1257,#1258,#1259,#1260));
#3108=EDGE_LOOP('',(#1261,#1262,#1263,#1264,#1265,#1266,#1267,#1268,#1269,
#1270,#1271,#1272,#1273,#1274,#1275,#1276,#1277,#1278,#1279,#1280,#1281));
#3109=EDGE_LOOP('',(#1282,#1283));
#3110=EDGE_LOOP('',(#1284,#1285));
#3111=EDGE_LOOP('',(#1286,#1287));
#3112=EDGE_LOOP('',(#1288,#1289));
#3113=EDGE_LOOP('',(#1290));
#3114=EDGE_LOOP('',(#1291,#1292,#1293,#1294));
#3115=EDGE_LOOP('',(#1295));
#3116=EDGE_LOOP('',(#1296,#1297,#1298,#1299));
#3117=EDGE_LOOP('',(#1300));
#3118=EDGE_LOOP('',(#1301));
#3119=EDGE_LOOP('',(#1302,#1303,#1304,#1305));
#3120=EDGE_LOOP('',(#1306,#1307,#1308,#1309));
#3121=EDGE_LOOP('',(#1310,#1311));
#3122=EDGE_LOOP('',(#1312,#1313));
#3123=EDGE_LOOP('',(#1314,#1315));
#3124=EDGE_LOOP('',(#1316,#1317));
#3125=EDGE_LOOP('',(#1318));
#3126=EDGE_LOOP('',(#1319,#1320,#1321,#1322));
#3127=EDGE_LOOP('',(#1323));
#3128=EDGE_LOOP('',(#1324,#1325,#1326,#1327));
#3129=EDGE_LOOP('',(#1328));
#3130=EDGE_LOOP('',(#1329));
#3131=EDGE_LOOP('',(#1330,#1331,#1332,#1333));
#3132=EDGE_LOOP('',(#1334,#1335,#1336,#1337));
#3133=EDGE_LOOP('',(#1338,#1339));
#3134=EDGE_LOOP('',(#1340,#1341));
#3135=EDGE_LOOP('',(#1342));
#3136=EDGE_LOOP('',(#1343,#1344));
#3137=EDGE_LOOP('',(#1345,#1346));
#3138=EDGE_LOOP('',(#1347,#1348,#1349,#1350));
#3139=EDGE_LOOP('',(#1351));
#3140=EDGE_LOOP('',(#1352,#1353,#1354,#1355));
#3141=EDGE_LOOP('',(#1356));
#3142=EDGE_LOOP('',(#1357));
#3143=EDGE_LOOP('',(#1358,#1359,#1360,#1361));
#3144=EDGE_LOOP('',(#1362,#1363,#1364,#1365));
#3145=EDGE_LOOP('',(#1366,#1367));
#3146=EDGE_LOOP('',(#1368,#1369));
#3147=EDGE_LOOP('',(#1370));
#3148=EDGE_LOOP('',(#1371,#1372));
#3149=EDGE_LOOP('',(#1373,#1374));
#3150=EDGE_LOOP('',(#1375,#1376,#1377,#1378));
#3151=EDGE_LOOP('',(#1379));
#3152=EDGE_LOOP('',(#1380,#1381,#1382,#1383));
#3153=EDGE_LOOP('',(#1384));
#3154=EDGE_LOOP('',(#1385));
#3155=EDGE_LOOP('',(#1386,#1387,#1388,#1389));
#3156=EDGE_LOOP('',(#1390,#1391,#1392,#1393));
#3157=EDGE_LOOP('',(#1394,#1395));
#3158=EDGE_LOOP('',(#1396,#1397));
#3159=EDGE_LOOP('',(#1398,#1399));
#3160=EDGE_LOOP('',(#1400,#1401));
#3161=EDGE_LOOP('',(#1402));
#3162=EDGE_LOOP('',(#1403,#1404,#1405,#1406));
#3163=EDGE_LOOP('',(#1407));
#3164=EDGE_LOOP('',(#1408,#1409,#1410,#1411));
#3165=EDGE_LOOP('',(#1412));
#3166=EDGE_LOOP('',(#1413));
#3167=EDGE_LOOP('',(#1414,#1415,#1416,#1417));
#3168=EDGE_LOOP('',(#1418,#1419,#1420,#1421));
#3169=EDGE_LOOP('',(#1422,#1423));
#3170=EDGE_LOOP('',(#1424,#1425));
#3171=EDGE_LOOP('',(#1426,#1427));
#3172=EDGE_LOOP('',(#1428,#1429));
#3173=EDGE_LOOP('',(#1430));
#3174=EDGE_LOOP('',(#1431,#1432,#1433,#1434));
#3175=EDGE_LOOP('',(#1435));
#3176=EDGE_LOOP('',(#1436,#1437,#1438,#1439));
#3177=EDGE_LOOP('',(#1440));
#3178=EDGE_LOOP('',(#1441));
#3179=EDGE_LOOP('',(#1442,#1443,#1444,#1445));
#3180=EDGE_LOOP('',(#1446,#1447,#1448,#1449));
#3181=EDGE_LOOP('',(#1450,#1451));
#3182=EDGE_LOOP('',(#1452,#1453));
#3183=EDGE_LOOP('',(#1454,#1455));
#3184=EDGE_LOOP('',(#1456,#1457));
#3185=EDGE_LOOP('',(#1458));
#3186=EDGE_LOOP('',(#1459,#1460,#1461,#1462));
#3187=EDGE_LOOP('',(#1463));
#3188=EDGE_LOOP('',(#1464,#1465,#1466,#1467));
#3189=EDGE_LOOP('',(#1468));
#3190=EDGE_LOOP('',(#1469));
#3191=EDGE_LOOP('',(#1470,#1471,#1472,#1473));
#3192=EDGE_LOOP('',(#1474,#1475,#1476,#1477));
#3193=EDGE_LOOP('',(#1478,#1479));
#3194=EDGE_LOOP('',(#1480,#1481));
#3195=EDGE_LOOP('',(#1482,#1483));
#3196=EDGE_LOOP('',(#1484,#1485));
#3197=EDGE_LOOP('',(#1486));
#3198=EDGE_LOOP('',(#1487,#1488,#1489,#1490));
#3199=EDGE_LOOP('',(#1491));
#3200=EDGE_LOOP('',(#1492,#1493,#1494,#1495));
#3201=EDGE_LOOP('',(#1496));
#3202=EDGE_LOOP('',(#1497));
#3203=EDGE_LOOP('',(#1498,#1499,#1500,#1501));
#3204=EDGE_LOOP('',(#1502,#1503,#1504,#1505));
#3205=EDGE_LOOP('',(#1506,#1507));
#3206=EDGE_LOOP('',(#1508,#1509));
#3207=EDGE_LOOP('',(#1510));
#3208=EDGE_LOOP('',(#1511,#1512));
#3209=EDGE_LOOP('',(#1513,#1514));
#3210=EDGE_LOOP('',(#1515,#1516,#1517,#1518));
#3211=EDGE_LOOP('',(#1519));
#3212=EDGE_LOOP('',(#1520,#1521,#1522,#1523));
#3213=EDGE_LOOP('',(#1524));
#3214=EDGE_LOOP('',(#1525));
#3215=EDGE_LOOP('',(#1526,#1527,#1528,#1529));
#3216=EDGE_LOOP('',(#1530,#1531,#1532,#1533));
#3217=EDGE_LOOP('',(#1534,#1535));
#3218=EDGE_LOOP('',(#1536,#1537));
#3219=EDGE_LOOP('',(#1538));
#3220=EDGE_LOOP('',(#1539,#1540));
#3221=EDGE_LOOP('',(#1541,#1542));
#3222=EDGE_LOOP('',(#1543,#1544,#1545,#1546));
#3223=EDGE_LOOP('',(#1547));
#3224=EDGE_LOOP('',(#1548,#1549,#1550,#1551));
#3225=EDGE_LOOP('',(#1552));
#3226=EDGE_LOOP('',(#1553));
#3227=EDGE_LOOP('',(#1554,#1555,#1556,#1557));
#3228=EDGE_LOOP('',(#1558,#1559,#1560,#1561));
#3229=EDGE_LOOP('',(#1562,#1563));
#3230=EDGE_LOOP('',(#1564,#1565));
#3231=EDGE_LOOP('',(#1566));
#3232=EDGE_LOOP('',(#1567,#1568));
#3233=EDGE_LOOP('',(#1569,#1570));
#3234=EDGE_LOOP('',(#1571,#1572,#1573,#1574));
#3235=EDGE_LOOP('',(#1575));
#3236=EDGE_LOOP('',(#1576,#1577,#1578,#1579));
#3237=EDGE_LOOP('',(#1580));
#3238=EDGE_LOOP('',(#1581));
#3239=EDGE_LOOP('',(#1582,#1583,#1584,#1585));
#3240=EDGE_LOOP('',(#1586,#1587,#1588,#1589));
#3241=EDGE_LOOP('',(#1590,#1591));
#3242=EDGE_LOOP('',(#1592,#1593));
#3243=EDGE_LOOP('',(#1594));
#3244=EDGE_LOOP('',(#1595,#1596));
#3245=EDGE_LOOP('',(#1597,#1598));
#3246=EDGE_LOOP('',(#1599,#1600,#1601,#1602));
#3247=EDGE_LOOP('',(#1603));
#3248=EDGE_LOOP('',(#1604,#1605,#1606,#1607));
#3249=EDGE_LOOP('',(#1608));
#3250=EDGE_LOOP('',(#1609));
#3251=EDGE_LOOP('',(#1610,#1611,#1612,#1613));
#3252=EDGE_LOOP('',(#1614,#1615,#1616,#1617));
#3253=EDGE_LOOP('',(#1618,#1619,#1620,#1621));
#3254=EDGE_LOOP('',(#1622,#1623,#1624,#1625));
#3255=EDGE_LOOP('',(#1626,#1627,#1628,#1629));
#3256=EDGE_LOOP('',(#1630,#1631,#1632,#1633));
#3257=EDGE_LOOP('',(#1634,#1635,#1636,#1637));
#3258=EDGE_LOOP('',(#1638,#1639,#1640,#1641));
#3259=EDGE_LOOP('',(#1642,#1643,#1644,#1645));
#3260=EDGE_LOOP('',(#1646,#1647,#1648,#1649));
#3261=EDGE_LOOP('',(#1650,#1651,#1652,#1653));
#3262=EDGE_LOOP('',(#1654,#1655,#1656,#1657));
#3263=EDGE_LOOP('',(#1658,#1659,#1660,#1661));
#3264=EDGE_LOOP('',(#1662,#1663,#1664,#1665));
#3265=EDGE_LOOP('',(#1666,#1667,#1668,#1669));
#3266=EDGE_LOOP('',(#1670,#1671,#1672,#1673));
#3267=EDGE_LOOP('',(#1674,#1675,#1676,#1677));
#3268=EDGE_LOOP('',(#1678,#1679,#1680,#1681));
#3269=EDGE_LOOP('',(#1682,#1683,#1684,#1685,#1686,#1687));
#3270=EDGE_LOOP('',(#1688,#1689,#1690,#1691));
#3271=EDGE_LOOP('',(#1692,#1693,#1694,#1695));
#3272=EDGE_LOOP('',(#1696,#1697,#1698,#1699));
#3273=EDGE_LOOP('',(#1700,#1701,#1702,#1703));
#3274=EDGE_LOOP('',(#1704,#1705,#1706,#1707));
#3275=EDGE_LOOP('',(#1708,#1709,#1710,#1711));
#3276=EDGE_LOOP('',(#1712,#1713,#1714,#1715));
#3277=EDGE_LOOP('',(#1716,#1717,#1718,#1719,#1720,#1721,#1722,#1723,#1724,
#1725,#1726,#1727,#1728,#1729));
#3278=EDGE_LOOP('',(#1730,#1731,#1732,#1733));
#3279=EDGE_LOOP('',(#1734,#1735,#1736,#1737));
#3280=EDGE_LOOP('',(#1738,#1739,#1740,#1741));
#3281=EDGE_LOOP('',(#1742,#1743,#1744,#1745));
#3282=EDGE_LOOP('',(#1746,#1747,#1748,#1749));
#3283=EDGE_LOOP('',(#1750,#1751,#1752,#1753));
#3284=EDGE_LOOP('',(#1754,#1755,#1756,#1757,#1758,#1759));
#3285=EDGE_LOOP('',(#1760,#1761,#1762,#1763));
#3286=EDGE_LOOP('',(#1764,#1765,#1766));
#3287=EDGE_LOOP('',(#1767,#1768,#1769,#1770));
#3288=EDGE_LOOP('',(#1771,#1772,#1773));
#3289=EDGE_LOOP('',(#1774,#1775,#1776,#1777,#1778,#1779,#1780,#1781,#1782,
#1783,#1784,#1785,#1786,#1787));
#3290=EDGE_LOOP('',(#1788,#1789,#1790,#1791));
#3291=EDGE_LOOP('',(#1792,#1793,#1794,#1795));
#3292=EDGE_LOOP('',(#1796,#1797,#1798,#1799));
#3293=EDGE_LOOP('',(#1800,#1801,#1802,#1803));
#3294=EDGE_LOOP('',(#1804,#1805,#1806,#1807));
#3295=EDGE_LOOP('',(#1808,#1809,#1810,#1811));
#3296=EDGE_LOOP('',(#1812,#1813,#1814,#1815));
#3297=EDGE_LOOP('',(#1816,#1817,#1818,#1819,#1820,#1821,#1822,#1823,#1824,
#1825,#1826,#1827));
#3298=EDGE_LOOP('',(#1828,#1829,#1830,#1831,#1832,#1833,#1834));
#3299=EDGE_LOOP('',(#1835,#1836,#1837,#1838));
#3300=EDGE_LOOP('',(#1839,#1840,#1841,#1842));
#3301=EDGE_LOOP('',(#1843,#1844,#1845,#1846,#1847,#1848,#1849));
#3302=EDGE_LOOP('',(#1850,#1851,#1852,#1853));
#3303=EDGE_LOOP('',(#1854,#1855,#1856,#1857));
#3304=EDGE_LOOP('',(#1858,#1859,#1860,#1861));
#3305=EDGE_LOOP('',(#1862,#1863,#1864,#1865));
#3306=EDGE_LOOP('',(#1866,#1867,#1868,#1869));
#3307=EDGE_LOOP('',(#1870,#1871,#1872,#1873,#1874,#1875,#1876));
#3308=EDGE_LOOP('',(#1877,#1878,#1879,#1880,#1881,#1882,#1883));
#3309=EDGE_LOOP('',(#1884,#1885,#1886,#1887));
#3310=EDGE_LOOP('',(#1888,#1889,#1890,#1891));
#3311=EDGE_LOOP('',(#1892,#1893,#1894,#1895,#1896,#1897,#1898,#1899,#1900,
#1901,#1902,#1903));
#3312=EDGE_LOOP('',(#1904,#1905,#1906,#1907));
#3313=EDGE_LOOP('',(#1908,#1909,#1910,#1911));
#3314=EDGE_LOOP('',(#1912,#1913,#1914,#1915,#1916,#1917));
#3315=EDGE_LOOP('',(#1918,#1919,#1920,#1921));
#3316=EDGE_LOOP('',(#1922,#1923,#1924,#1925));
#3317=EDGE_LOOP('',(#1926,#1927,#1928,#1929));
#3318=EDGE_LOOP('',(#1930,#1931,#1932,#1933));
#3319=EDGE_LOOP('',(#1934,#1935,#1936,#1937,#1938,#1939,#1940,#1941,#1942,
#1943));
#3320=EDGE_LOOP('',(#1944,#1945,#1946,#1947));
#3321=EDGE_LOOP('',(#1948,#1949,#1950,#1951));
#3322=EDGE_LOOP('',(#1952,#1953,#1954,#1955));
#3323=EDGE_LOOP('',(#1956,#1957,#1958,#1959));
#3324=EDGE_LOOP('',(#1960,#1961,#1962,#1963));
#3325=EDGE_LOOP('',(#1964,#1965,#1966,#1967));
#3326=EDGE_LOOP('',(#1968,#1969,#1970,#1971));
#3327=EDGE_LOOP('',(#1972,#1973,#1974,#1975));
#3328=EDGE_LOOP('',(#1976,#1977,#1978,#1979));
#3329=EDGE_LOOP('',(#1980,#1981,#1982,#1983));
#3330=EDGE_LOOP('',(#1984,#1985,#1986,#1987));
#3331=EDGE_LOOP('',(#1988,#1989,#1990,#1991));
#3332=EDGE_LOOP('',(#1992,#1993,#1994,#1995));
#3333=EDGE_LOOP('',(#1996,#1997,#1998,#1999));
#3334=EDGE_LOOP('',(#2000,#2001,#2002,#2003));
#3335=EDGE_LOOP('',(#2004,#2005,#2006,#2007));
#3336=EDGE_LOOP('',(#2008,#2009,#2010,#2011));
#3337=EDGE_LOOP('',(#2012,#2013,#2014,#2015));
#3338=EDGE_LOOP('',(#2016,#2017,#2018,#2019));
#3339=EDGE_LOOP('',(#2020,#2021,#2022,#2023));
#3340=EDGE_LOOP('',(#2024,#2025,#2026,#2027));
#3341=EDGE_LOOP('',(#2028,#2029,#2030,#2031));
#3342=EDGE_LOOP('',(#2032,#2033,#2034,#2035));
#3343=EDGE_LOOP('',(#2036,#2037,#2038,#2039));
#3344=EDGE_LOOP('',(#2040,#2041,#2042,#2043,#2044,#2045));
#3345=EDGE_LOOP('',(#2046,#2047,#2048,#2049));
#3346=EDGE_LOOP('',(#2050,#2051,#2052,#2053));
#3347=EDGE_LOOP('',(#2054,#2055,#2056,#2057,#2058,#2059));
#3348=EDGE_LOOP('',(#2060,#2061,#2062,#2063));
#3349=EDGE_LOOP('',(#2064,#2065,#2066,#2067));
#3350=FACE_BOUND('',#3061,.T.);
#3351=FACE_BOUND('',#3062,.T.);
#3352=FACE_BOUND('',#3063,.T.);
#3353=FACE_BOUND('',#3064,.T.);
#3354=FACE_BOUND('',#3065,.T.);
#3355=FACE_BOUND('',#3066,.T.);
#3356=FACE_BOUND('',#3067,.T.);
#3357=FACE_BOUND('',#3068,.T.);
#3358=FACE_BOUND('',#3069,.T.);
#3359=FACE_BOUND('',#3070,.T.);
#3360=FACE_BOUND('',#3071,.T.);
#3361=FACE_BOUND('',#3072,.T.);
#3362=FACE_BOUND('',#3073,.T.);
#3363=FACE_BOUND('',#3074,.T.);
#3364=FACE_BOUND('',#3075,.T.);
#3365=FACE_BOUND('',#3076,.T.);
#3366=FACE_BOUND('',#3077,.T.);
#3367=FACE_BOUND('',#3078,.T.);
#3368=FACE_BOUND('',#3079,.T.);
#3369=FACE_BOUND('',#3080,.T.);
#3370=FACE_BOUND('',#3081,.T.);
#3371=FACE_BOUND('',#3082,.T.);
#3372=FACE_BOUND('',#3083,.T.);
#3373=FACE_BOUND('',#3084,.T.);
#3374=FACE_BOUND('',#3085,.T.);
#3375=FACE_BOUND('',#3086,.T.);
#3376=FACE_BOUND('',#3087,.T.);
#3377=FACE_BOUND('',#3088,.T.);
#3378=FACE_BOUND('',#3089,.T.);
#3379=FACE_BOUND('',#3090,.T.);
#3380=FACE_BOUND('',#3091,.T.);
#3381=FACE_BOUND('',#3092,.T.);
#3382=FACE_BOUND('',#3093,.T.);
#3383=FACE_BOUND('',#3094,.T.);
#3384=FACE_BOUND('',#3095,.T.);
#3385=FACE_BOUND('',#3096,.T.);
#3386=FACE_BOUND('',#3097,.T.);
#3387=FACE_BOUND('',#3098,.T.);
#3388=FACE_BOUND('',#3099,.T.);
#3389=FACE_BOUND('',#3100,.T.);
#3390=FACE_BOUND('',#3101,.T.);
#3391=FACE_BOUND('',#3102,.T.);
#3392=FACE_BOUND('',#3103,.T.);
#3393=FACE_BOUND('',#3104,.T.);
#3394=FACE_BOUND('',#3105,.T.);
#3395=FACE_BOUND('',#3106,.T.);
#3396=FACE_BOUND('',#3107,.T.);
#3397=FACE_BOUND('',#3108,.T.);
#3398=FACE_BOUND('',#3109,.T.);
#3399=FACE_BOUND('',#3110,.T.);
#3400=FACE_BOUND('',#3111,.T.);
#3401=FACE_BOUND('',#3112,.T.);
#3402=FACE_BOUND('',#3113,.T.);
#3403=FACE_BOUND('',#3114,.T.);
#3404=FACE_BOUND('',#3115,.T.);
#3405=FACE_BOUND('',#3116,.T.);
#3406=FACE_BOUND('',#3117,.T.);
#3407=FACE_BOUND('',#3118,.T.);
#3408=FACE_BOUND('',#3119,.T.);
#3409=FACE_BOUND('',#3120,.T.);
#3410=FACE_BOUND('',#3121,.T.);
#3411=FACE_BOUND('',#3122,.T.);
#3412=FACE_BOUND('',#3123,.T.);
#3413=FACE_BOUND('',#3124,.T.);
#3414=FACE_BOUND('',#3125,.T.);
#3415=FACE_BOUND('',#3126,.T.);
#3416=FACE_BOUND('',#3127,.T.);
#3417=FACE_BOUND('',#3128,.T.);
#3418=FACE_BOUND('',#3129,.T.);
#3419=FACE_BOUND('',#3130,.T.);
#3420=FACE_BOUND('',#3131,.T.);
#3421=FACE_BOUND('',#3132,.T.);
#3422=FACE_BOUND('',#3133,.T.);
#3423=FACE_BOUND('',#3134,.T.);
#3424=FACE_BOUND('',#3135,.T.);
#3425=FACE_BOUND('',#3136,.T.);
#3426=FACE_BOUND('',#3137,.T.);
#3427=FACE_BOUND('',#3138,.T.);
#3428=FACE_BOUND('',#3139,.T.);
#3429=FACE_BOUND('',#3140,.T.);
#3430=FACE_BOUND('',#3141,.T.);
#3431=FACE_BOUND('',#3142,.T.);
#3432=FACE_BOUND('',#3143,.T.);
#3433=FACE_BOUND('',#3144,.T.);
#3434=FACE_BOUND('',#3145,.T.);
#3435=FACE_BOUND('',#3146,.T.);
#3436=FACE_BOUND('',#3147,.T.);
#3437=FACE_BOUND('',#3148,.T.);
#3438=FACE_BOUND('',#3149,.T.);
#3439=FACE_BOUND('',#3150,.T.);
#3440=FACE_BOUND('',#3151,.T.);
#3441=FACE_BOUND('',#3152,.T.);
#3442=FACE_BOUND('',#3153,.T.);
#3443=FACE_BOUND('',#3154,.T.);
#3444=FACE_BOUND('',#3155,.T.);
#3445=FACE_BOUND('',#3156,.T.);
#3446=FACE_BOUND('',#3157,.T.);
#3447=FACE_BOUND('',#3158,.T.);
#3448=FACE_BOUND('',#3159,.T.);
#3449=FACE_BOUND('',#3160,.T.);
#3450=FACE_BOUND('',#3161,.T.);
#3451=FACE_BOUND('',#3162,.T.);
#3452=FACE_BOUND('',#3163,.T.);
#3453=FACE_BOUND('',#3164,.T.);
#3454=FACE_BOUND('',#3165,.T.);
#3455=FACE_BOUND('',#3166,.T.);
#3456=FACE_BOUND('',#3167,.T.);
#3457=FACE_BOUND('',#3168,.T.);
#3458=FACE_BOUND('',#3169,.T.);
#3459=FACE_BOUND('',#3170,.T.);
#3460=FACE_BOUND('',#3171,.T.);
#3461=FACE_BOUND('',#3172,.T.);
#3462=FACE_BOUND('',#3173,.T.);
#3463=FACE_BOUND('',#3174,.T.);
#3464=FACE_BOUND('',#3175,.T.);
#3465=FACE_BOUND('',#3176,.T.);
#3466=FACE_BOUND('',#3177,.T.);
#3467=FACE_BOUND('',#3178,.T.);
#3468=FACE_BOUND('',#3179,.T.);
#3469=FACE_BOUND('',#3180,.T.);
#3470=FACE_BOUND('',#3181,.T.);
#3471=FACE_BOUND('',#3182,.T.);
#3472=FACE_BOUND('',#3183,.T.);
#3473=FACE_BOUND('',#3184,.T.);
#3474=FACE_BOUND('',#3185,.T.);
#3475=FACE_BOUND('',#3186,.T.);
#3476=FACE_BOUND('',#3187,.T.);
#3477=FACE_BOUND('',#3188,.T.);
#3478=FACE_BOUND('',#3189,.T.);
#3479=FACE_BOUND('',#3190,.T.);
#3480=FACE_BOUND('',#3191,.T.);
#3481=FACE_BOUND('',#3192,.T.);
#3482=FACE_BOUND('',#3193,.T.);
#3483=FACE_BOUND('',#3194,.T.);
#3484=FACE_BOUND('',#3195,.T.);
#3485=FACE_BOUND('',#3196,.T.);
#3486=FACE_BOUND('',#3197,.T.);
#3487=FACE_BOUND('',#3198,.T.);
#3488=FACE_BOUND('',#3199,.T.);
#3489=FACE_BOUND('',#3200,.T.);
#3490=FACE_BOUND('',#3201,.T.);
#3491=FACE_BOUND('',#3202,.T.);
#3492=FACE_BOUND('',#3203,.T.);
#3493=FACE_BOUND('',#3204,.T.);
#3494=FACE_BOUND('',#3205,.T.);
#3495=FACE_BOUND('',#3206,.T.);
#3496=FACE_BOUND('',#3207,.T.);
#3497=FACE_BOUND('',#3208,.T.);
#3498=FACE_BOUND('',#3209,.T.);
#3499=FACE_BOUND('',#3210,.T.);
#3500=FACE_BOUND('',#3211,.T.);
#3501=FACE_BOUND('',#3212,.T.);
#3502=FACE_BOUND('',#3213,.T.);
#3503=FACE_BOUND('',#3214,.T.);
#3504=FACE_BOUND('',#3215,.T.);
#3505=FACE_BOUND('',#3216,.T.);
#3506=FACE_BOUND('',#3217,.T.);
#3507=FACE_BOUND('',#3218,.T.);
#3508=FACE_BOUND('',#3219,.T.);
#3509=FACE_BOUND('',#3220,.T.);
#3510=FACE_BOUND('',#3221,.T.);
#3511=FACE_BOUND('',#3222,.T.);
#3512=FACE_BOUND('',#3223,.T.);
#3513=FACE_BOUND('',#3224,.T.);
#3514=FACE_BOUND('',#3225,.T.);
#3515=FACE_BOUND('',#3226,.T.);
#3516=FACE_BOUND('',#3227,.T.);
#3517=FACE_BOUND('',#3228,.T.);
#3518=FACE_BOUND('',#3229,.T.);
#3519=FACE_BOUND('',#3230,.T.);
#3520=FACE_BOUND('',#3231,.T.);
#3521=FACE_BOUND('',#3232,.T.);
#3522=FACE_BOUND('',#3233,.T.);
#3523=FACE_BOUND('',#3234,.T.);
#3524=FACE_BOUND('',#3235,.T.);
#3525=FACE_BOUND('',#3236,.T.);
#3526=FACE_BOUND('',#3237,.T.);
#3527=FACE_BOUND('',#3238,.T.);
#3528=FACE_BOUND('',#3239,.T.);
#3529=FACE_BOUND('',#3240,.T.);
#3530=FACE_BOUND('',#3241,.T.);
#3531=FACE_BOUND('',#3242,.T.);
#3532=FACE_BOUND('',#3243,.T.);
#3533=FACE_BOUND('',#3244,.T.);
#3534=FACE_BOUND('',#3245,.T.);
#3535=FACE_BOUND('',#3246,.T.);
#3536=FACE_BOUND('',#3247,.T.);
#3537=FACE_BOUND('',#3248,.T.);
#3538=FACE_BOUND('',#3249,.T.);
#3539=FACE_BOUND('',#3250,.T.);
#3540=FACE_BOUND('',#3251,.T.);
#3541=FACE_BOUND('',#3252,.T.);
#3542=FACE_BOUND('',#3253,.T.);
#3543=FACE_BOUND('',#3254,.T.);
#3544=FACE_BOUND('',#3255,.T.);
#3545=FACE_BOUND('',#3256,.T.);
#3546=FACE_BOUND('',#3257,.T.);
#3547=FACE_BOUND('',#3258,.T.);
#3548=FACE_BOUND('',#3259,.T.);
#3549=FACE_BOUND('',#3260,.T.);
#3550=FACE_BOUND('',#3261,.T.);
#3551=FACE_BOUND('',#3262,.T.);
#3552=FACE_BOUND('',#3263,.T.);
#3553=FACE_BOUND('',#3264,.T.);
#3554=FACE_BOUND('',#3265,.T.);
#3555=FACE_BOUND('',#3266,.T.);
#3556=FACE_BOUND('',#3267,.T.);
#3557=FACE_BOUND('',#3268,.T.);
#3558=FACE_BOUND('',#3269,.T.);
#3559=FACE_BOUND('',#3270,.T.);
#3560=FACE_BOUND('',#3271,.T.);
#3561=FACE_BOUND('',#3272,.T.);
#3562=FACE_BOUND('',#3273,.T.);
#3563=FACE_BOUND('',#3274,.T.);
#3564=FACE_BOUND('',#3275,.T.);
#3565=FACE_BOUND('',#3276,.T.);
#3566=FACE_BOUND('',#3277,.T.);
#3567=FACE_BOUND('',#3278,.T.);
#3568=FACE_BOUND('',#3279,.T.);
#3569=FACE_BOUND('',#3280,.T.);
#3570=FACE_BOUND('',#3281,.T.);
#3571=FACE_BOUND('',#3282,.T.);
#3572=FACE_BOUND('',#3283,.T.);
#3573=FACE_BOUND('',#3284,.T.);
#3574=FACE_BOUND('',#3285,.T.);
#3575=FACE_BOUND('',#3286,.T.);
#3576=FACE_BOUND('',#3287,.T.);
#3577=FACE_BOUND('',#3288,.T.);
#3578=FACE_BOUND('',#3289,.T.);
#3579=FACE_BOUND('',#3290,.T.);
#3580=FACE_BOUND('',#3291,.T.);
#3581=FACE_BOUND('',#3292,.T.);
#3582=FACE_BOUND('',#3293,.T.);
#3583=FACE_BOUND('',#3294,.T.);
#3584=FACE_BOUND('',#3295,.T.);
#3585=FACE_BOUND('',#3296,.T.);
#3586=FACE_BOUND('',#3297,.T.);
#3587=FACE_BOUND('',#3298,.T.);
#3588=FACE_BOUND('',#3299,.T.);
#3589=FACE_BOUND('',#3300,.T.);
#3590=FACE_BOUND('',#3301,.T.);
#3591=FACE_BOUND('',#3302,.T.);
#3592=FACE_BOUND('',#3303,.T.);
#3593=FACE_BOUND('',#3304,.T.);
#3594=FACE_BOUND('',#3305,.T.);
#3595=FACE_BOUND('',#3306,.T.);
#3596=FACE_BOUND('',#3307,.T.);
#3597=FACE_BOUND('',#3308,.T.);
#3598=FACE_BOUND('',#3309,.T.);
#3599=FACE_BOUND('',#3310,.T.);
#3600=FACE_BOUND('',#3311,.T.);
#3601=FACE_BOUND('',#3312,.T.);
#3602=FACE_BOUND('',#3313,.T.);
#3603=FACE_BOUND('',#3314,.T.);
#3604=FACE_BOUND('',#3315,.T.);
#3605=FACE_BOUND('',#3316,.T.);
#3606=FACE_BOUND('',#3317,.T.);
#3607=FACE_BOUND('',#3318,.T.);
#3608=FACE_BOUND('',#3319,.T.);
#3609=FACE_BOUND('',#3320,.T.);
#3610=FACE_BOUND('',#3321,.T.);
#3611=FACE_BOUND('',#3322,.T.);
#3612=FACE_BOUND('',#3323,.T.);
#3613=FACE_BOUND('',#3324,.T.);
#3614=FACE_BOUND('',#3325,.T.);
#3615=FACE_BOUND('',#3326,.T.);
#3616=FACE_BOUND('',#3327,.T.);
#3617=FACE_BOUND('',#3328,.T.);
#3618=FACE_BOUND('',#3329,.T.);
#3619=FACE_BOUND('',#3330,.T.);
#3620=FACE_BOUND('',#3331,.T.);
#3621=FACE_BOUND('',#3332,.T.);
#3622=FACE_BOUND('',#3333,.T.);
#3623=FACE_BOUND('',#3334,.T.);
#3624=FACE_BOUND('',#3335,.T.);
#3625=FACE_BOUND('',#3336,.T.);
#3626=FACE_BOUND('',#3337,.T.);
#3627=FACE_BOUND('',#3338,.T.);
#3628=FACE_BOUND('',#3339,.T.);
#3629=FACE_BOUND('',#3340,.T.);
#3630=FACE_BOUND('',#3341,.T.);
#3631=FACE_BOUND('',#3342,.T.);
#3632=FACE_BOUND('',#3343,.T.);
#3633=FACE_BOUND('',#3344,.T.);
#3634=FACE_BOUND('',#3345,.T.);
#3635=FACE_BOUND('',#3346,.T.);
#3636=FACE_BOUND('',#3347,.T.);
#3637=FACE_BOUND('',#3348,.T.);
#3638=FACE_BOUND('',#3349,.T.);
#3639=CYLINDRICAL_SURFACE('',#4052,0.03);
#3640=CYLINDRICAL_SURFACE('',#4056,0.006);
#3641=CYLINDRICAL_SURFACE('',#4059,0.006);
#3642=CYLINDRICAL_SURFACE('',#4062,0.006);
#3643=CYLINDRICAL_SURFACE('',#4064,0.006);
#3644=CYLINDRICAL_SURFACE('',#4066,0.01);
#3645=CYLINDRICAL_SURFACE('',#4069,0.01);
#3646=CYLINDRICAL_SURFACE('',#4074,0.01);
#3647=CYLINDRICAL_SURFACE('',#4077,0.003);
#3648=CYLINDRICAL_SURFACE('',#4095,0.01);
#3649=CYLINDRICAL_SURFACE('',#4102,0.006);
#3650=CYLINDRICAL_SURFACE('',#4105,0.006);
#3651=CYLINDRICAL_SURFACE('',#4108,0.006);
#3652=CYLINDRICAL_SURFACE('',#4110,0.006);
#3653=CYLINDRICAL_SURFACE('',#4112,0.01);
#3654=CYLINDRICAL_SURFACE('',#4115,0.003);
#3655=CYLINDRICAL_SURFACE('',#4118,0.01);
#3656=CYLINDRICAL_SURFACE('',#4128,0.03);
#3657=CYLINDRICAL_SURFACE('',#4152,0.009);
#3658=CYLINDRICAL_SURFACE('',#4168,0.009);
#3659=CYLINDRICAL_SURFACE('',#4184,0.009);
#3660=CYLINDRICAL_SURFACE('',#4200,0.009);
#3661=CYLINDRICAL_SURFACE('',#4216,0.009);
#3662=CYLINDRICAL_SURFACE('',#4232,0.009);
#3663=CYLINDRICAL_SURFACE('',#4248,0.009);
#3664=CYLINDRICAL_SURFACE('',#4264,0.009);
#3665=CYLINDRICAL_SURFACE('',#4280,0.009);
#3666=CYLINDRICAL_SURFACE('',#4296,0.009);
#3667=CYLINDRICAL_SURFACE('',#4312,0.009);
#3668=CYLINDRICAL_SURFACE('',#4328,0.009);
#3669=CYLINDRICAL_SURFACE('',#4366,0.008);
#3670=CYLINDRICAL_SURFACE('',#4370,0.008);
#3671=CYLINDRICAL_SURFACE('',#4372,0.008);
#3672=CYLINDRICAL_SURFACE('',#4375,0.008);
#3673=CYLINDRICAL_SURFACE('',#4377,0.008);
#3674=CYLINDRICAL_SURFACE('',#4382,0.008);
#3675=CYLINDRICAL_SURFACE('',#4404,0.008);
#3676=CYLINDRICAL_SURFACE('',#4405,0.02);
#3677=CYLINDRICAL_SURFACE('',#4415,0.02);
#3678=ADVANCED_FACE('',(#3350),#3639,.F.);
#3679=ADVANCED_FACE('',(#3351),#84,.T.);
#3680=ADVANCED_FACE('',(#3352),#3640,.T.);
#3681=ADVANCED_FACE('',(#3353),#3641,.T.);
#3682=ADVANCED_FACE('',(#3354),#3642,.T.);
#3683=ADVANCED_FACE('',(#3355),#3643,.T.);
#3684=ADVANCED_FACE('',(#3356),#3644,.F.);
#3685=ADVANCED_FACE('',(#3357),#3645,.T.);
#3686=ADVANCED_FACE('',(#3358),#85,.T.);
#3687=ADVANCED_FACE('',(#3359),#86,.F.);
#3688=ADVANCED_FACE('',(#3360),#3646,.T.);
#3689=ADVANCED_FACE('',(#3361),#3647,.T.);
#3690=ADVANCED_FACE('',(#3362),#87,.T.);
#3691=ADVANCED_FACE('',(#3363),#88,.T.);
#3692=ADVANCED_FACE('',(#3364),#89,.F.);
#3693=ADVANCED_FACE('',(#3365),#56,.T.);
#3694=ADVANCED_FACE('',(#3366),#54,.T.);
#3695=ADVANCED_FACE('',(#3367),#52,.T.);
#3696=ADVANCED_FACE('',(#3368),#90,.T.);
#3697=ADVANCED_FACE('',(#3369),#91,.T.);
#3698=ADVANCED_FACE('',(#3370),#92,.F.);
#3699=ADVANCED_FACE('',(#3371),#93,.T.);
#3700=ADVANCED_FACE('',(#3372),#94,.T.);
#3701=ADVANCED_FACE('',(#3373),#95,.F.);
#3702=ADVANCED_FACE('',(#3374),#3648,.T.);
#3703=ADVANCED_FACE('',(#3375),#96,.F.);
#3704=ADVANCED_FACE('',(#3376),#97,.T.);
#3705=ADVANCED_FACE('',(#3377),#98,.T.);
#3706=ADVANCED_FACE('',(#3378),#99,.T.);
#3707=ADVANCED_FACE('',(#3379),#3649,.T.);
#3708=ADVANCED_FACE('',(#3380),#3650,.T.);
#3709=ADVANCED_FACE('',(#3381),#3651,.T.);
#3710=ADVANCED_FACE('',(#3382),#3652,.T.);
#3711=ADVANCED_FACE('',(#3383),#3653,.F.);
#3712=ADVANCED_FACE('',(#3384),#3654,.T.);
#3713=ADVANCED_FACE('',(#3385),#3655,.T.);
#3714=ADVANCED_FACE('',(#3386),#100,.T.);
#3715=ADVANCED_FACE('',(#3387),#101,.F.);
#3716=ADVANCED_FACE('',(#3388),#102,.T.);
#3717=ADVANCED_FACE('',(#3389),#103,.F.);
#3718=ADVANCED_FACE('',(#3390),#3656,.F.);
#3719=ADVANCED_FACE('',(#3391),#104,.F.);
#3720=ADVANCED_FACE('',(#3392),#57,.T.);
#3721=ADVANCED_FACE('',(#3393),#55,.T.);
#3722=ADVANCED_FACE('',(#3394),#53,.T.);
#3723=ADVANCED_FACE('',(#3395),#105,.T.);
#3724=ADVANCED_FACE('',(#3396),#106,.T.);
#3725=ADVANCED_FACE('',(#3397),#107,.T.);
#3726=ADVANCED_FACE('',(#3398),#108,.T.);
#3727=ADVANCED_FACE('',(#3399),#109,.F.);
#3728=ADVANCED_FACE('',(#3400),#110,.F.);
#3729=ADVANCED_FACE('',(#3401),#111,.T.);
#3730=ADVANCED_FACE('',(#3402),#112,.T.);
#3731=ADVANCED_FACE('',(#3403),#113,.T.);
#3732=ADVANCED_FACE('',(#3404),#114,.F.);
#3733=ADVANCED_FACE('',(#3405),#115,.F.);
#3734=ADVANCED_FACE('',(#3406,#3407,#3408,#3409),#3657,.T.);
#3735=ADVANCED_FACE('',(#3410),#116,.T.);
#3736=ADVANCED_FACE('',(#3411),#117,.F.);
#3737=ADVANCED_FACE('',(#3412),#118,.F.);
#3738=ADVANCED_FACE('',(#3413),#119,.T.);
#3739=ADVANCED_FACE('',(#3414),#120,.T.);
#3740=ADVANCED_FACE('',(#3415),#121,.T.);
#3741=ADVANCED_FACE('',(#3416),#122,.F.);
#3742=ADVANCED_FACE('',(#3417),#123,.F.);
#3743=ADVANCED_FACE('',(#3418,#3419,#3420,#3421),#3658,.T.);
#3744=ADVANCED_FACE('',(#3422),#124,.F.);
#3745=ADVANCED_FACE('',(#3423),#125,.T.);
#3746=ADVANCED_FACE('',(#3424),#126,.T.);
#3747=ADVANCED_FACE('',(#3425),#127,.T.);
#3748=ADVANCED_FACE('',(#3426),#128,.F.);
#3749=ADVANCED_FACE('',(#3427),#129,.T.);
#3750=ADVANCED_FACE('',(#3428),#130,.F.);
#3751=ADVANCED_FACE('',(#3429),#131,.F.);
#3752=ADVANCED_FACE('',(#3430,#3431,#3432,#3433),#3659,.T.);
#3753=ADVANCED_FACE('',(#3434),#132,.F.);
#3754=ADVANCED_FACE('',(#3435),#133,.T.);
#3755=ADVANCED_FACE('',(#3436),#134,.T.);
#3756=ADVANCED_FACE('',(#3437),#135,.T.);
#3757=ADVANCED_FACE('',(#3438),#136,.F.);
#3758=ADVANCED_FACE('',(#3439),#137,.T.);
#3759=ADVANCED_FACE('',(#3440),#138,.F.);
#3760=ADVANCED_FACE('',(#3441),#139,.F.);
#3761=ADVANCED_FACE('',(#3442,#3443,#3444,#3445),#3660,.T.);
#3762=ADVANCED_FACE('',(#3446),#140,.T.);
#3763=ADVANCED_FACE('',(#3447),#141,.F.);
#3764=ADVANCED_FACE('',(#3448),#142,.F.);
#3765=ADVANCED_FACE('',(#3449),#143,.T.);
#3766=ADVANCED_FACE('',(#3450),#144,.T.);
#3767=ADVANCED_FACE('',(#3451),#145,.T.);
#3768=ADVANCED_FACE('',(#3452),#146,.F.);
#3769=ADVANCED_FACE('',(#3453),#147,.F.);
#3770=ADVANCED_FACE('',(#3454,#3455,#3456,#3457),#3661,.T.);
#3771=ADVANCED_FACE('',(#3458),#148,.T.);
#3772=ADVANCED_FACE('',(#3459),#149,.F.);
#3773=ADVANCED_FACE('',(#3460),#150,.F.);
#3774=ADVANCED_FACE('',(#3461),#151,.T.);
#3775=ADVANCED_FACE('',(#3462),#152,.T.);
#3776=ADVANCED_FACE('',(#3463),#153,.T.);
#3777=ADVANCED_FACE('',(#3464),#154,.F.);
#3778=ADVANCED_FACE('',(#3465),#155,.F.);
#3779=ADVANCED_FACE('',(#3466,#3467,#3468,#3469),#3662,.T.);
#3780=ADVANCED_FACE('',(#3470),#156,.T.);
#3781=ADVANCED_FACE('',(#3471),#157,.F.);
#3782=ADVANCED_FACE('',(#3472),#158,.F.);
#3783=ADVANCED_FACE('',(#3473),#159,.T.);
#3784=ADVANCED_FACE('',(#3474),#160,.T.);
#3785=ADVANCED_FACE('',(#3475),#161,.T.);
#3786=ADVANCED_FACE('',(#3476),#162,.F.);
#3787=ADVANCED_FACE('',(#3477),#163,.F.);
#3788=ADVANCED_FACE('',(#3478,#3479,#3480,#3481),#3663,.T.);
#3789=ADVANCED_FACE('',(#3482),#164,.T.);
#3790=ADVANCED_FACE('',(#3483),#165,.F.);
#3791=ADVANCED_FACE('',(#3484),#166,.F.);
#3792=ADVANCED_FACE('',(#3485),#167,.T.);
#3793=ADVANCED_FACE('',(#3486),#168,.T.);
#3794=ADVANCED_FACE('',(#3487),#169,.T.);
#3795=ADVANCED_FACE('',(#3488),#170,.F.);
#3796=ADVANCED_FACE('',(#3489),#171,.F.);
#3797=ADVANCED_FACE('',(#3490,#3491,#3492,#3493),#3664,.T.);
#3798=ADVANCED_FACE('',(#3494),#172,.F.);
#3799=ADVANCED_FACE('',(#3495),#173,.T.);
#3800=ADVANCED_FACE('',(#3496),#174,.T.);
#3801=ADVANCED_FACE('',(#3497),#175,.T.);
#3802=ADVANCED_FACE('',(#3498),#176,.F.);
#3803=ADVANCED_FACE('',(#3499),#177,.T.);
#3804=ADVANCED_FACE('',(#3500),#178,.F.);
#3805=ADVANCED_FACE('',(#3501),#179,.F.);
#3806=ADVANCED_FACE('',(#3502,#3503,#3504,#3505),#3665,.T.);
#3807=ADVANCED_FACE('',(#3506),#180,.F.);
#3808=ADVANCED_FACE('',(#3507),#181,.T.);
#3809=ADVANCED_FACE('',(#3508),#182,.T.);
#3810=ADVANCED_FACE('',(#3509),#183,.T.);
#3811=ADVANCED_FACE('',(#3510),#184,.F.);
#3812=ADVANCED_FACE('',(#3511),#185,.T.);
#3813=ADVANCED_FACE('',(#3512),#186,.F.);
#3814=ADVANCED_FACE('',(#3513),#187,.F.);
#3815=ADVANCED_FACE('',(#3514,#3515,#3516,#3517),#3666,.T.);
#3816=ADVANCED_FACE('',(#3518),#188,.F.);
#3817=ADVANCED_FACE('',(#3519),#189,.T.);
#3818=ADVANCED_FACE('',(#3520),#190,.T.);
#3819=ADVANCED_FACE('',(#3521),#191,.T.);
#3820=ADVANCED_FACE('',(#3522),#192,.F.);
#3821=ADVANCED_FACE('',(#3523),#193,.T.);
#3822=ADVANCED_FACE('',(#3524),#194,.F.);
#3823=ADVANCED_FACE('',(#3525),#195,.F.);
#3824=ADVANCED_FACE('',(#3526,#3527,#3528,#3529),#3667,.T.);
#3825=ADVANCED_FACE('',(#3530),#196,.F.);
#3826=ADVANCED_FACE('',(#3531),#197,.T.);
#3827=ADVANCED_FACE('',(#3532),#198,.T.);
#3828=ADVANCED_FACE('',(#3533),#199,.T.);
#3829=ADVANCED_FACE('',(#3534),#200,.F.);
#3830=ADVANCED_FACE('',(#3535),#201,.T.);
#3831=ADVANCED_FACE('',(#3536),#202,.F.);
#3832=ADVANCED_FACE('',(#3537),#203,.F.);
#3833=ADVANCED_FACE('',(#3538,#3539,#3540,#3541),#3668,.T.);
#3834=ADVANCED_FACE('',(#3542),#204,.T.);
#3835=ADVANCED_FACE('',(#3543),#205,.F.);
#3836=ADVANCED_FACE('',(#3544),#206,.T.);
#3837=ADVANCED_FACE('',(#3545),#207,.F.);
#3838=ADVANCED_FACE('',(#3546),#208,.T.);
#3839=ADVANCED_FACE('',(#3547),#209,.F.);
#3840=ADVANCED_FACE('',(#3548),#210,.F.);
#3841=ADVANCED_FACE('',(#3549),#211,.T.);
#3842=ADVANCED_FACE('',(#3550),#212,.F.);
#3843=ADVANCED_FACE('',(#3551),#213,.T.);
#3844=ADVANCED_FACE('',(#3552),#214,.F.);
#3845=ADVANCED_FACE('',(#3553),#215,.T.);
#3846=ADVANCED_FACE('',(#3554),#216,.F.);
#3847=ADVANCED_FACE('',(#3555),#217,.T.);
#3848=ADVANCED_FACE('',(#3556,#3557,#3558),#218,.F.);
#3849=ADVANCED_FACE('',(#3559),#219,.F.);
#3850=ADVANCED_FACE('',(#3560),#220,.T.);
#3851=ADVANCED_FACE('',(#3561),#221,.F.);
#3852=ADVANCED_FACE('',(#3562),#222,.F.);
#3853=ADVANCED_FACE('',(#3563),#223,.T.);
#3854=ADVANCED_FACE('',(#3564),#224,.F.);
#3855=ADVANCED_FACE('',(#3565),#18,.F.);
#3856=ADVANCED_FACE('',(#3566,#3567,#3568),#225,.T.);
#3857=ADVANCED_FACE('',(#3569),#226,.F.);
#3858=ADVANCED_FACE('',(#3570),#227,.T.);
#3859=ADVANCED_FACE('',(#3571),#228,.F.);
#3860=ADVANCED_FACE('',(#3572),#229,.T.);
#3861=ADVANCED_FACE('',(#3573),#230,.F.);
#3862=ADVANCED_FACE('',(#3574),#231,.T.);
#3863=ADVANCED_FACE('',(#3575),#232,.F.);
#3864=ADVANCED_FACE('',(#3576),#19,.F.);
#3865=ADVANCED_FACE('',(#3577),#233,.T.);
#3866=ADVANCED_FACE('',(#3578),#234,.F.);
#3867=ADVANCED_FACE('',(#3579),#3669,.T.);
#3868=ADVANCED_FACE('',(#3580),#235,.F.);
#3869=ADVANCED_FACE('',(#3581),#3670,.T.);
#3870=ADVANCED_FACE('',(#3582),#3671,.T.);
#3871=ADVANCED_FACE('',(#3583),#236,.F.);
#3872=ADVANCED_FACE('',(#3584),#3672,.T.);
#3873=ADVANCED_FACE('',(#3585),#3673,.T.);
#3874=ADVANCED_FACE('',(#3586),#237,.T.);
#3875=ADVANCED_FACE('',(#3587),#238,.T.);
#3876=ADVANCED_FACE('',(#3588),#239,.T.);
#3877=ADVANCED_FACE('',(#3589),#3674,.T.);
#3878=ADVANCED_FACE('',(#3590),#240,.T.);
#3879=ADVANCED_FACE('',(#3591,#3592),#241,.F.);
#3880=ADVANCED_FACE('',(#3593),#20,.T.);
#3881=ADVANCED_FACE('',(#3594,#3595),#242,.T.);
#3882=ADVANCED_FACE('',(#3596),#243,.F.);
#3883=ADVANCED_FACE('',(#3597),#244,.F.);
#3884=ADVANCED_FACE('',(#3598,#3599,#3600),#245,.F.);
#3885=ADVANCED_FACE('',(#3601,#3602,#3603),#246,.F.);
#3886=ADVANCED_FACE('',(#3604),#21,.T.);
#3887=ADVANCED_FACE('',(#3605),#247,.T.);
#3888=ADVANCED_FACE('',(#3606),#248,.F.);
#3889=ADVANCED_FACE('',(#3607),#249,.F.);
#3890=ADVANCED_FACE('',(#3608),#250,.T.);
#3891=ADVANCED_FACE('',(#3609),#251,.F.);
#3892=ADVANCED_FACE('',(#3610),#252,.T.);
#3893=ADVANCED_FACE('',(#3611),#253,.F.);
#3894=ADVANCED_FACE('',(#3612,#3613),#254,.F.);
#3895=ADVANCED_FACE('',(#3614,#3615),#255,.T.);
#3896=ADVANCED_FACE('',(#3616),#256,.F.);
#3897=ADVANCED_FACE('',(#3617),#257,.T.);
#3898=ADVANCED_FACE('',(#3618),#258,.F.);
#3899=ADVANCED_FACE('',(#3619),#259,.T.);
#3900=ADVANCED_FACE('',(#3620),#3675,.T.);
#3901=ADVANCED_FACE('',(#3621),#3676,.T.);
#3902=ADVANCED_FACE('',(#3622),#260,.T.);
#3903=ADVANCED_FACE('',(#3623),#261,.F.);
#3904=ADVANCED_FACE('',(#3624),#262,.T.);
#3905=ADVANCED_FACE('',(#3625),#263,.F.);
#3906=ADVANCED_FACE('',(#3626),#264,.F.);
#3907=ADVANCED_FACE('',(#3627),#265,.T.);
#3908=ADVANCED_FACE('',(#3628),#266,.F.);
#3909=ADVANCED_FACE('',(#3629),#267,.T.);
#3910=ADVANCED_FACE('',(#3630),#3677,.T.);
#3911=ADVANCED_FACE('',(#3631),#268,.F.);
#3912=ADVANCED_FACE('',(#3632),#269,.T.);
#3913=ADVANCED_FACE('',(#3633,#3634,#3635),#270,.T.);
#3914=ADVANCED_FACE('',(#3636,#3637,#3638),#271,.T.);
#3915=CLOSED_SHELL('',(#3678,#3679,#3680,#3681,#3682,#3683,#3684,#3685,
#3686,#3687,#3688,#3689,#3690,#3691,#3692,#3693,#3694,#3695,#3696,#3697,
#3698,#3699,#3700,#3701));
#3916=CLOSED_SHELL('',(#3702,#3703,#3704,#3705,#3706,#3707,#3708,#3709,
#3710,#3711,#3712,#3713,#3714,#3715,#3716,#3717,#3718,#3719,#3720,#3721,
#3722,#3723,#3724,#3725));
#3917=CLOSED_SHELL('',(#3726,#3727,#3728,#3729,#3730,#3731,#3732,#3733,
#3734));
#3918=CLOSED_SHELL('',(#3735,#3736,#3737,#3738,#3739,#3740,#3741,#3742,
#3743));
#3919=CLOSED_SHELL('',(#3744,#3745,#3746,#3747,#3748,#3749,#3750,#3751,
#3752));
#3920=CLOSED_SHELL('',(#3753,#3754,#3755,#3756,#3757,#3758,#3759,#3760,
#3761));
#3921=CLOSED_SHELL('',(#3762,#3763,#3764,#3765,#3766,#3767,#3768,#3769,
#3770));
#3922=CLOSED_SHELL('',(#3771,#3772,#3773,#3774,#3775,#3776,#3777,#3778,
#3779));
#3923=CLOSED_SHELL('',(#3780,#3781,#3782,#3783,#3784,#3785,#3786,#3787,
#3788));
#3924=CLOSED_SHELL('',(#3789,#3790,#3791,#3792,#3793,#3794,#3795,#3796,
#3797));
#3925=CLOSED_SHELL('',(#3798,#3799,#3800,#3801,#3802,#3803,#3804,#3805,
#3806));
#3926=CLOSED_SHELL('',(#3807,#3808,#3809,#3810,#3811,#3812,#3813,#3814,
#3815));
#3927=CLOSED_SHELL('',(#3816,#3817,#3818,#3819,#3820,#3821,#3822,#3823,
#3824));
#3928=CLOSED_SHELL('',(#3825,#3826,#3827,#3828,#3829,#3830,#3831,#3832,
#3833));
#3929=CLOSED_SHELL('',(#3834,#3835,#3836,#3837,#3838,#3839,#3840,#3841,
#3842,#3843,#3844,#3845,#3846,#3847,#3848,#3849,#3850,#3851,#3852,#3853,
#3854,#3855,#3856,#3857,#3858,#3859,#3860,#3861,#3862,#3863,#3864,#3865,
#3866,#3867,#3868,#3869,#3870,#3871,#3872,#3873,#3874,#3875,#3876,#3877,
#3878,#3879,#3880,#3881,#3882,#3883,#3884,#3885,#3886,#3887,#3888,#3889,
#3890,#3891,#3892,#3893,#3894,#3895,#3896,#3897,#3898,#3899,#3900,#3901,
#3902,#3903,#3904,#3905,#3906,#3907,#3908,#3909,#3910,#3911,#3912,#3913,
#3914));
#3930=MANIFOLD_SOLID_BREP('1',#3915);
#3931=MANIFOLD_SOLID_BREP('1',#3916);
#3932=MANIFOLD_SOLID_BREP('1',#3917);
#3933=MANIFOLD_SOLID_BREP('1',#3918);
#3934=MANIFOLD_SOLID_BREP('1',#3919);
#3935=MANIFOLD_SOLID_BREP('1',#3920);
#3936=MANIFOLD_SOLID_BREP('1',#3921);
#3937=MANIFOLD_SOLID_BREP('1',#3922);
#3938=MANIFOLD_SOLID_BREP('1',#3923);
#3939=MANIFOLD_SOLID_BREP('1',#3924);
#3940=MANIFOLD_SOLID_BREP('1',#3925);
#3941=MANIFOLD_SOLID_BREP('1',#3926);
#3942=MANIFOLD_SOLID_BREP('1',#3927);
#3943=MANIFOLD_SOLID_BREP('1',#3928);
#3944=MANIFOLD_SOLID_BREP('1',#3929);
#3945=CONTEXT_DEPENDENT_SHAPE_REPRESENTATION(#3979,#6912);
#3946=CONTEXT_DEPENDENT_SHAPE_REPRESENTATION(#3980,#6914);
#3947=CONTEXT_DEPENDENT_SHAPE_REPRESENTATION(#3981,#6916);
#3948=CONTEXT_DEPENDENT_SHAPE_REPRESENTATION(#3982,#6918);
#3949=CONTEXT_DEPENDENT_SHAPE_REPRESENTATION(#3983,#6920);
#3950=CONTEXT_DEPENDENT_SHAPE_REPRESENTATION(#3984,#6922);
#3951=CONTEXT_DEPENDENT_SHAPE_REPRESENTATION(#3985,#6924);
#3952=CONTEXT_DEPENDENT_SHAPE_REPRESENTATION(#3986,#6926);
#3953=CONTEXT_DEPENDENT_SHAPE_REPRESENTATION(#3987,#6928);
#3954=CONTEXT_DEPENDENT_SHAPE_REPRESENTATION(#3988,#6930);
#3955=CONTEXT_DEPENDENT_SHAPE_REPRESENTATION(#3989,#6932);
#3956=CONTEXT_DEPENDENT_SHAPE_REPRESENTATION(#3990,#6934);
#3957=CONTEXT_DEPENDENT_SHAPE_REPRESENTATION(#3991,#6936);
#3958=CONTEXT_DEPENDENT_SHAPE_REPRESENTATION(#3992,#6938);
#3959=CONTEXT_DEPENDENT_SHAPE_REPRESENTATION(#3993,#6940);
#3960=CONTEXT_DEPENDENT_SHAPE_REPRESENTATION(#3994,#6942);
#3961=CONTEXT_DEPENDENT_SHAPE_REPRESENTATION(#3995,#6944);
#3962=NEXT_ASSEMBLY_USAGE_OCCURRENCE('NAUO1','0821-1G1T-43-F_PART1',
'0821-1G1T-43-F_PART1',#6945,#6946,'');
#3963=NEXT_ASSEMBLY_USAGE_OCCURRENCE('NAUO2','0821-1G1T-43-F_PART2',
'0821-1G1T-43-F_PART2',#6945,#6947,'');
#3964=NEXT_ASSEMBLY_USAGE_OCCURRENCE('NAUO3','0821-1G1T-43-F_PART3',
'0821-1G1T-43-F_PART3',#6945,#6948,'');
#3965=NEXT_ASSEMBLY_USAGE_OCCURRENCE('NAUO4','0821-1G1T-43-F_PART4',
'0821-1G1T-43-F_PART4',#6945,#6949,'');
#3966=NEXT_ASSEMBLY_USAGE_OCCURRENCE('NAUO5','0821-1G1T-43-F_PART5',
'0821-1G1T-43-F_PART5',#6945,#6950,'');
#3967=NEXT_ASSEMBLY_USAGE_OCCURRENCE('NAUO6','0821-1G1T-43-F_PART6',
'0821-1G1T-43-F_PART6',#6945,#6951,'');
#3968=NEXT_ASSEMBLY_USAGE_OCCURRENCE('NAUO7','0821-1G1T-43-F_PART7',
'0821-1G1T-43-F_PART7',#6945,#6952,'');
#3969=NEXT_ASSEMBLY_USAGE_OCCURRENCE('NAUO8','0821-1G1T-43-F_PART8',
'0821-1G1T-43-F_PART8',#6945,#6953,'');
#3970=NEXT_ASSEMBLY_USAGE_OCCURRENCE('NAUO9','0821-1G1T-43-F_PART9',
'0821-1G1T-43-F_PART9',#6945,#6954,'');
#3971=NEXT_ASSEMBLY_USAGE_OCCURRENCE('NAUO10','0821-1G1T-43-F_PART10',
'0821-1G1T-43-F_PART10',#6945,#6955,'');
#3972=NEXT_ASSEMBLY_USAGE_OCCURRENCE('NAUO11','0821-1G1T-43-F_PART11',
'0821-1G1T-43-F_PART11',#6945,#6956,'');
#3973=NEXT_ASSEMBLY_USAGE_OCCURRENCE('NAUO12','0821-1G1T-43-F_PART12',
'0821-1G1T-43-F_PART12',#6945,#6957,'');
#3974=NEXT_ASSEMBLY_USAGE_OCCURRENCE('NAUO13','0821-1G1T-43-F_PART13',
'0821-1G1T-43-F_PART13',#6945,#6958,'');
#3975=NEXT_ASSEMBLY_USAGE_OCCURRENCE('NAUO14','0821-1G1T-43-F_PART14',
'0821-1G1T-43-F_PART14',#6945,#6959,'');
#3976=NEXT_ASSEMBLY_USAGE_OCCURRENCE('NAUO15','0821-1G1T-43-F_PART15',
'0821-1G1T-43-F_PART15',#6945,#6960,'');
#3977=NEXT_ASSEMBLY_USAGE_OCCURRENCE('NAUO16','0821-1G1T-43-F_PART16',
'0821-1G1T-43-F_PART16',#6945,#6961,'');
#3978=NEXT_ASSEMBLY_USAGE_OCCURRENCE('NAUO17','0821-1G1T-43-F_PART17',
'0821-1G1T-43-F_PART17',#6945,#6962,'');
#3979=(
REPRESENTATION_RELATIONSHIP(' ',' ',#4032,#4031)
REPRESENTATION_RELATIONSHIP_WITH_TRANSFORMATION(#3996)
SHAPE_REPRESENTATION_RELATIONSHIP()
);
#3980=(
REPRESENTATION_RELATIONSHIP(' ',' ',#4033,#4031)
REPRESENTATION_RELATIONSHIP_WITH_TRANSFORMATION(#3997)
SHAPE_REPRESENTATION_RELATIONSHIP()
);
#3981=(
REPRESENTATION_RELATIONSHIP(' ',' ',#4034,#4031)
REPRESENTATION_RELATIONSHIP_WITH_TRANSFORMATION(#3998)
SHAPE_REPRESENTATION_RELATIONSHIP()
);
#3982=(
REPRESENTATION_RELATIONSHIP(' ',' ',#4035,#4031)
REPRESENTATION_RELATIONSHIP_WITH_TRANSFORMATION(#3999)
SHAPE_REPRESENTATION_RELATIONSHIP()
);
#3983=(
REPRESENTATION_RELATIONSHIP(' ',' ',#4036,#4031)
REPRESENTATION_RELATIONSHIP_WITH_TRANSFORMATION(#4000)
SHAPE_REPRESENTATION_RELATIONSHIP()
);
#3984=(
REPRESENTATION_RELATIONSHIP(' ',' ',#4037,#4031)
REPRESENTATION_RELATIONSHIP_WITH_TRANSFORMATION(#4001)
SHAPE_REPRESENTATION_RELATIONSHIP()
);
#3985=(
REPRESENTATION_RELATIONSHIP(' ',' ',#4038,#4031)
REPRESENTATION_RELATIONSHIP_WITH_TRANSFORMATION(#4002)
SHAPE_REPRESENTATION_RELATIONSHIP()
);
#3986=(
REPRESENTATION_RELATIONSHIP(' ',' ',#4039,#4031)
REPRESENTATION_RELATIONSHIP_WITH_TRANSFORMATION(#4003)
SHAPE_REPRESENTATION_RELATIONSHIP()
);
#3987=(
REPRESENTATION_RELATIONSHIP(' ',' ',#4040,#4031)
REPRESENTATION_RELATIONSHIP_WITH_TRANSFORMATION(#4004)
SHAPE_REPRESENTATION_RELATIONSHIP()
);
#3988=(
REPRESENTATION_RELATIONSHIP(' ',' ',#4041,#4031)
REPRESENTATION_RELATIONSHIP_WITH_TRANSFORMATION(#4005)
SHAPE_REPRESENTATION_RELATIONSHIP()
);
#3989=(
REPRESENTATION_RELATIONSHIP(' ',' ',#4042,#4031)
REPRESENTATION_RELATIONSHIP_WITH_TRANSFORMATION(#4006)
SHAPE_REPRESENTATION_RELATIONSHIP()
);
#3990=(
REPRESENTATION_RELATIONSHIP(' ',' ',#4043,#4031)
REPRESENTATION_RELATIONSHIP_WITH_TRANSFORMATION(#4007)
SHAPE_REPRESENTATION_RELATIONSHIP()
);
#3991=(
REPRESENTATION_RELATIONSHIP(' ',' ',#4044,#4031)
REPRESENTATION_RELATIONSHIP_WITH_TRANSFORMATION(#4008)
SHAPE_REPRESENTATION_RELATIONSHIP()
);
#3992=(
REPRESENTATION_RELATIONSHIP(' ',' ',#4045,#4031)
REPRESENTATION_RELATIONSHIP_WITH_TRANSFORMATION(#4009)
SHAPE_REPRESENTATION_RELATIONSHIP()
);
#3993=(
REPRESENTATION_RELATIONSHIP(' ',' ',#4046,#4031)
REPRESENTATION_RELATIONSHIP_WITH_TRANSFORMATION(#4010)
SHAPE_REPRESENTATION_RELATIONSHIP()
);
#3994=(
REPRESENTATION_RELATIONSHIP(' ',' ',#4047,#4031)
REPRESENTATION_RELATIONSHIP_WITH_TRANSFORMATION(#4011)
SHAPE_REPRESENTATION_RELATIONSHIP()
);
#3995=(
REPRESENTATION_RELATIONSHIP(' ',' ',#4048,#4031)
REPRESENTATION_RELATIONSHIP_WITH_TRANSFORMATION(#4012)
SHAPE_REPRESENTATION_RELATIONSHIP()
);
#3996=ITEM_DEFINED_TRANSFORMATION(' ',' ',#4049,#4050);
#3997=ITEM_DEFINED_TRANSFORMATION(' ',' ',#4049,#4051);
#3998=ITEM_DEFINED_TRANSFORMATION(' ',' ',#4049,#4094);
#3999=ITEM_DEFINED_TRANSFORMATION(' ',' ',#4049,#4137);
#4000=ITEM_DEFINED_TRANSFORMATION(' ',' ',#4049,#4153);
#4001=ITEM_DEFINED_TRANSFORMATION(' ',' ',#4049,#4169);
#4002=ITEM_DEFINED_TRANSFORMATION(' ',' ',#4049,#4185);
#4003=ITEM_DEFINED_TRANSFORMATION(' ',' ',#4049,#4201);
#4004=ITEM_DEFINED_TRANSFORMATION(' ',' ',#4049,#4217);
#4005=ITEM_DEFINED_TRANSFORMATION(' ',' ',#4049,#4233);
#4006=ITEM_DEFINED_TRANSFORMATION(' ',' ',#4049,#4249);
#4007=ITEM_DEFINED_TRANSFORMATION(' ',' ',#4049,#4265);
#4008=ITEM_DEFINED_TRANSFORMATION(' ',' ',#4049,#4281);
#4009=ITEM_DEFINED_TRANSFORMATION(' ',' ',#4049,#4297);
#4010=ITEM_DEFINED_TRANSFORMATION(' ',' ',#4049,#4313);
#4011=ITEM_DEFINED_TRANSFORMATION(' ',' ',#4049,#4329);
#4012=ITEM_DEFINED_TRANSFORMATION(' ',' ',#4049,#4421);
#4013=SHAPE_DEFINITION_REPRESENTATION(#6910,#4031);
#4014=SHAPE_DEFINITION_REPRESENTATION(#6911,#4032);
#4015=SHAPE_DEFINITION_REPRESENTATION(#6913,#4033);
#4016=SHAPE_DEFINITION_REPRESENTATION(#6915,#4034);
#4017=SHAPE_DEFINITION_REPRESENTATION(#6917,#4035);
#4018=SHAPE_DEFINITION_REPRESENTATION(#6919,#4036);
#4019=SHAPE_DEFINITION_REPRESENTATION(#6921,#4037);
#4020=SHAPE_DEFINITION_REPRESENTATION(#6923,#4038);
#4021=SHAPE_DEFINITION_REPRESENTATION(#6925,#4039);
#4022=SHAPE_DEFINITION_REPRESENTATION(#6927,#4040);
#4023=SHAPE_DEFINITION_REPRESENTATION(#6929,#4041);
#4024=SHAPE_DEFINITION_REPRESENTATION(#6931,#4042);
#4025=SHAPE_DEFINITION_REPRESENTATION(#6933,#4043);
#4026=SHAPE_DEFINITION_REPRESENTATION(#6935,#4044);
#4027=SHAPE_DEFINITION_REPRESENTATION(#6937,#4045);
#4028=SHAPE_DEFINITION_REPRESENTATION(#6939,#4046);
#4029=SHAPE_DEFINITION_REPRESENTATION(#6941,#4047);
#4030=SHAPE_DEFINITION_REPRESENTATION(#6943,#4048);
#4031=SHAPE_REPRESENTATION('0821-1G1T-43-F',(#4049,#4050,#4051,#4094,#4137,
#4153,#4169,#4185,#4201,#4217,#4233,#4249,#4265,#4281,#4297,#4313,#4329,
#4421),#6868);
#4032=SHAPE_REPRESENTATION('0821-1G1T-43-F_PART1',(#4049),#6869);
#4033=SHAPE_REPRESENTATION('0821-1G1T-43-F_PART2',(#4049),#6870);
#4034=SHAPE_REPRESENTATION('0821-1G1T-43-F_PART3',(#4049),#6871);
#4035=SHAPE_REPRESENTATION('0821-1G1T-43-F_PART4',(#4049),#6872);
#4036=SHAPE_REPRESENTATION('0821-1G1T-43-F_PART5',(#4049),#6873);
#4037=SHAPE_REPRESENTATION('0821-1G1T-43-F_PART6',(#4049),#6874);
#4038=SHAPE_REPRESENTATION('0821-1G1T-43-F_PART7',(#4049),#6875);
#4039=SHAPE_REPRESENTATION('0821-1G1T-43-F_PART8',(#4049),#6876);
#4040=SHAPE_REPRESENTATION('0821-1G1T-43-F_PART9',(#4049),#6877);
#4041=SHAPE_REPRESENTATION('0821-1G1T-43-F_PART10',(#4049),#6878);
#4042=SHAPE_REPRESENTATION('0821-1G1T-43-F_PART11',(#4049),#6879);
#4043=SHAPE_REPRESENTATION('0821-1G1T-43-F_PART12',(#4049),#6880);
#4044=SHAPE_REPRESENTATION('0821-1G1T-43-F_PART13',(#4049),#6881);
#4045=SHAPE_REPRESENTATION('0821-1G1T-43-F_PART14',(#4049),#6882);
#4046=SHAPE_REPRESENTATION('0821-1G1T-43-F_PART15',(#4049),#6883);
#4047=SHAPE_REPRESENTATION('0821-1G1T-43-F_PART16',(#4049),#6884);
#4048=SHAPE_REPRESENTATION('0821-1G1T-43-F_PART17',(#4049),#6885);
#4049=AXIS2_PLACEMENT_3D('',#5543,#4422,#4423);
#4050=AXIS2_PLACEMENT_3D('',#5544,#4424,#4425);
#4051=AXIS2_PLACEMENT_3D('',#5545,#4426,#4427);
#4052=AXIS2_PLACEMENT_3D('',#5546,#4428,#4429);
#4053=AXIS2_PLACEMENT_3D('',#5547,#4430,#4431);
#4054=AXIS2_PLACEMENT_3D('',#5552,#4433,#4434);
#4055=AXIS2_PLACEMENT_3D('',#5555,#4436,#4437);
#4056=AXIS2_PLACEMENT_3D('',#5561,#4441,#4442);
#4057=AXIS2_PLACEMENT_3D('',#5562,#4443,#4444);
#4058=AXIS2_PLACEMENT_3D('',#5567,#4446,#4447);
#4059=AXIS2_PLACEMENT_3D('',#5570,#4449,#4450);
#4060=AXIS2_PLACEMENT_3D('',#5571,#4451,#4452);
#4061=AXIS2_PLACEMENT_3D('',#5576,#4454,#4455);
#4062=AXIS2_PLACEMENT_3D('',#5578,#4457,#4458);
#4063=AXIS2_PLACEMENT_3D('',#5587,#4460,#4461);
#4064=AXIS2_PLACEMENT_3D('',#5590,#4463,#4464);
#4065=AXIS2_PLACEMENT_3D('',#5591,#4465,#4466);
#4066=AXIS2_PLACEMENT_3D('',#5602,#4469,#4470);
#4067=AXIS2_PLACEMENT_3D('',#5603,#4471,#4472);
#4068=AXIS2_PLACEMENT_3D('',#5608,#4474,#4475);
#4069=AXIS2_PLACEMENT_3D('',#5611,#4477,#4478);
#4070=AXIS2_PLACEMENT_3D('',#5612,#4479,#4480);
#4071=AXIS2_PLACEMENT_3D('',#5617,#4482,#4483);
#4072=AXIS2_PLACEMENT_3D('',#5620,#4485,#4486);
#4073=AXIS2_PLACEMENT_3D('',#5629,#4491,#4492);
#4074=AXIS2_PLACEMENT_3D('',#5638,#4497,#4498);
#4075=AXIS2_PLACEMENT_3D('',#5642,#4500,#4501);
#4076=AXIS2_PLACEMENT_3D('',#5643,#4502,#4503);
#4077=AXIS2_PLACEMENT_3D('',#5644,#4504,#4505);
#4078=AXIS2_PLACEMENT_3D('',#5648,#4507,#4508);
#4079=AXIS2_PLACEMENT_3D('',#5652,#4510,#4511);
#4080=AXIS2_PLACEMENT_3D('',#5653,#4512,#4513);
#4081=AXIS2_PLACEMENT_3D('',#5656,#4516,#4517);
#4082=AXIS2_PLACEMENT_3D('',#5659,#4520,#4521);
#4083=AXIS2_PLACEMENT_3D('',#5660,#4522,#4523);
#4084=AXIS2_PLACEMENT_3D('',#5669,#4528,#4529);
#4085=AXIS2_PLACEMENT_3D('',#5671,#4531,#4532);
#4086=AXIS2_PLACEMENT_3D('',#5672,#4533,#4534);
#4087=AXIS2_PLACEMENT_3D('',#5673,#4535,#4536);
#4088=AXIS2_PLACEMENT_3D('',#5694,#4537,#4538);
#4089=AXIS2_PLACEMENT_3D('',#5696,#4540,#4541);
#4090=AXIS2_PLACEMENT_3D('',#5698,#4543,#4544);
#4091=AXIS2_PLACEMENT_3D('',#5700,#4546,#4547);
#4092=AXIS2_PLACEMENT_3D('',#5702,#4549,#4550);
#4093=AXIS2_PLACEMENT_3D('',#5704,#4552,#4553);
#4094=AXIS2_PLACEMENT_3D('',#5705,#4554,#4555);
#4095=AXIS2_PLACEMENT_3D('',#5706,#4556,#4557);
#4096=AXIS2_PLACEMENT_3D('',#5707,#4558,#4559);
#4097=AXIS2_PLACEMENT_3D('',#5712,#4561,#4562);
#4098=AXIS2_PLACEMENT_3D('',#5715,#4564,#4565);
#4099=AXIS2_PLACEMENT_3D('',#5721,#4569,#4570);
#4100=AXIS2_PLACEMENT_3D('',#5730,#4575,#4576);
#4101=AXIS2_PLACEMENT_3D('',#5739,#4581,#4582);
#4102=AXIS2_PLACEMENT_3D('',#5748,#4587,#4588);
#4103=AXIS2_PLACEMENT_3D('',#5749,#4589,#4590);
#4104=AXIS2_PLACEMENT_3D('',#5754,#4592,#4593);
#4105=AXIS2_PLACEMENT_3D('',#5757,#4595,#4596);
#4106=AXIS2_PLACEMENT_3D('',#5758,#4597,#4598);
#4107=AXIS2_PLACEMENT_3D('',#5762,#4600,#4601);
#4108=AXIS2_PLACEMENT_3D('',#5765,#4603,#4604);
#4109=AXIS2_PLACEMENT_3D('',#5766,#4605,#4606);
#4110=AXIS2_PLACEMENT_3D('',#5777,#4609,#4610);
#4111=AXIS2_PLACEMENT_3D('',#5786,#4612,#4613);
#4112=AXIS2_PLACEMENT_3D('',#5789,#4615,#4616);
#4113=AXIS2_PLACEMENT_3D('',#5790,#4617,#4618);
#4114=AXIS2_PLACEMENT_3D('',#5795,#4620,#4621);
#4115=AXIS2_PLACEMENT_3D('',#5798,#4623,#4624);
#4116=AXIS2_PLACEMENT_3D('',#5802,#4626,#4627);
#4117=AXIS2_PLACEMENT_3D('',#5806,#4629,#4630);
#4118=AXIS2_PLACEMENT_3D('',#5807,#4631,#4632);
#4119=AXIS2_PLACEMENT_3D('',#5808,#4633,#4634);
#4120=AXIS2_PLACEMENT_3D('',#5812,#4636,#4637);
#4121=AXIS2_PLACEMENT_3D('',#5813,#4638,#4639);
#4122=AXIS2_PLACEMENT_3D('',#5816,#4642,#4643);
#4123=AXIS2_PLACEMENT_3D('',#5822,#4645,#4646);
#4124=AXIS2_PLACEMENT_3D('',#5823,#4647,#4648);
#4125=AXIS2_PLACEMENT_3D('',#5825,#4650,#4651);
#4126=AXIS2_PLACEMENT_3D('',#5829,#4655,#4656);
#4127=AXIS2_PLACEMENT_3D('',#5831,#4658,#4659);
#4128=AXIS2_PLACEMENT_3D('',#5833,#4661,#4662);
#4129=AXIS2_PLACEMENT_3D('',#5834,#4663,#4664);
#4130=AXIS2_PLACEMENT_3D('',#5835,#4665,#4666);
#4131=AXIS2_PLACEMENT_3D('',#5837,#4668,#4669);
#4132=AXIS2_PLACEMENT_3D('',#5838,#4670,#4671);
#4133=AXIS2_PLACEMENT_3D('',#5839,#4672,#4673);
#4134=AXIS2_PLACEMENT_3D('',#5861,#4674,#4675);
#4135=AXIS2_PLACEMENT_3D('',#5863,#4677,#4678);
#4136=AXIS2_PLACEMENT_3D('',#5865,#4680,#4681);
#4137=AXIS2_PLACEMENT_3D('',#5866,#4682,#4683);
#4138=AXIS2_PLACEMENT_3D('',#5867,#4684,#4685);
#4139=AXIS2_PLACEMENT_3D('',#5871,#4687,#4688);
#4140=AXIS2_PLACEMENT_3D('',#5872,#4689,#4690);
#4141=AXIS2_PLACEMENT_3D('',#5873,#4691,#4692);
#4142=AXIS2_PLACEMENT_3D('',#5877,#4694,#4695);
#4143=AXIS2_PLACEMENT_3D('',#5878,#4696,#4697);
#4144=AXIS2_PLACEMENT_3D('',#5882,#4699,#4700);
#4145=AXIS2_PLACEMENT_3D('',#5886,#4702,#4703);
#4146=AXIS2_PLACEMENT_3D('',#5887,#4704,#4705);
#4147=AXIS2_PLACEMENT_3D('',#5888,#4706,#4707);
#4148=AXIS2_PLACEMENT_3D('',#5890,#4708,#4709);
#4149=AXIS2_PLACEMENT_3D('',#5893,#4712,#4713);
#4150=AXIS2_PLACEMENT_3D('',#5894,#4714,#4715);
#4151=AXIS2_PLACEMENT_3D('',#5896,#4716,#4717);
#4152=AXIS2_PLACEMENT_3D('',#5899,#4720,#4721);
#4153=AXIS2_PLACEMENT_3D('',#5900,#4722,#4723);
#4154=AXIS2_PLACEMENT_3D('',#5901,#4724,#4725);
#4155=AXIS2_PLACEMENT_3D('',#5905,#4727,#4728);
#4156=AXIS2_PLACEMENT_3D('',#5906,#4729,#4730);
#4157=AXIS2_PLACEMENT_3D('',#5907,#4731,#4732);
#4158=AXIS2_PLACEMENT_3D('',#5911,#4734,#4735);
#4159=AXIS2_PLACEMENT_3D('',#5912,#4736,#4737);
#4160=AXIS2_PLACEMENT_3D('',#5916,#4739,#4740);
#4161=AXIS2_PLACEMENT_3D('',#5920,#4742,#4743);
#4162=AXIS2_PLACEMENT_3D('',#5921,#4744,#4745);
#4163=AXIS2_PLACEMENT_3D('',#5922,#4746,#4747);
#4164=AXIS2_PLACEMENT_3D('',#5924,#4748,#4749);
#4165=AXIS2_PLACEMENT_3D('',#5927,#4752,#4753);
#4166=AXIS2_PLACEMENT_3D('',#5928,#4754,#4755);
#4167=AXIS2_PLACEMENT_3D('',#5930,#4756,#4757);
#4168=AXIS2_PLACEMENT_3D('',#5933,#4760,#4761);
#4169=AXIS2_PLACEMENT_3D('',#5934,#4762,#4763);
#4170=AXIS2_PLACEMENT_3D('',#5935,#4764,#4765);
#4171=AXIS2_PLACEMENT_3D('',#5936,#4766,#4767);
#4172=AXIS2_PLACEMENT_3D('',#5940,#4769,#4770);
#4173=AXIS2_PLACEMENT_3D('',#5944,#4772,#4773);
#4174=AXIS2_PLACEMENT_3D('',#5945,#4774,#4775);
#4175=AXIS2_PLACEMENT_3D('',#5946,#4776,#4777);
#4176=AXIS2_PLACEMENT_3D('',#5948,#4778,#4779);
#4177=AXIS2_PLACEMENT_3D('',#5952,#4781,#4782);
#4178=AXIS2_PLACEMENT_3D('',#5953,#4783,#4784);
#4179=AXIS2_PLACEMENT_3D('',#5954,#4785,#4786);
#4180=AXIS2_PLACEMENT_3D('',#5958,#4788,#4789);
#4181=AXIS2_PLACEMENT_3D('',#5961,#4792,#4793);
#4182=AXIS2_PLACEMENT_3D('',#5962,#4794,#4795);
#4183=AXIS2_PLACEMENT_3D('',#5964,#4796,#4797);
#4184=AXIS2_PLACEMENT_3D('',#5967,#4800,#4801);
#4185=AXIS2_PLACEMENT_3D('',#5968,#4802,#4803);
#4186=AXIS2_PLACEMENT_3D('',#5969,#4804,#4805);
#4187=AXIS2_PLACEMENT_3D('',#5970,#4806,#4807);
#4188=AXIS2_PLACEMENT_3D('',#5974,#4809,#4810);
#4189=AXIS2_PLACEMENT_3D('',#5978,#4812,#4813);
#4190=AXIS2_PLACEMENT_3D('',#5979,#4814,#4815);
#4191=AXIS2_PLACEMENT_3D('',#5980,#4816,#4817);
#4192=AXIS2_PLACEMENT_3D('',#5982,#4818,#4819);
#4193=AXIS2_PLACEMENT_3D('',#5986,#4821,#4822);
#4194=AXIS2_PLACEMENT_3D('',#5987,#4823,#4824);
#4195=AXIS2_PLACEMENT_3D('',#5988,#4825,#4826);
#4196=AXIS2_PLACEMENT_3D('',#5992,#4828,#4829);
#4197=AXIS2_PLACEMENT_3D('',#5995,#4832,#4833);
#4198=AXIS2_PLACEMENT_3D('',#5996,#4834,#4835);
#4199=AXIS2_PLACEMENT_3D('',#5998,#4836,#4837);
#4200=AXIS2_PLACEMENT_3D('',#6001,#4840,#4841);
#4201=AXIS2_PLACEMENT_3D('',#6002,#4842,#4843);
#4202=AXIS2_PLACEMENT_3D('',#6003,#4844,#4845);
#4203=AXIS2_PLACEMENT_3D('',#6007,#4847,#4848);
#4204=AXIS2_PLACEMENT_3D('',#6008,#4849,#4850);
#4205=AXIS2_PLACEMENT_3D('',#6009,#4851,#4852);
#4206=AXIS2_PLACEMENT_3D('',#6013,#4854,#4855);
#4207=AXIS2_PLACEMENT_3D('',#6014,#4856,#4857);
#4208=AXIS2_PLACEMENT_3D('',#6018,#4859,#4860);
#4209=AXIS2_PLACEMENT_3D('',#6022,#4862,#4863);
#4210=AXIS2_PLACEMENT_3D('',#6023,#4864,#4865);
#4211=AXIS2_PLACEMENT_3D('',#6024,#4866,#4867);
#4212=AXIS2_PLACEMENT_3D('',#6026,#4868,#4869);
#4213=AXIS2_PLACEMENT_3D('',#6029,#4872,#4873);
#4214=AXIS2_PLACEMENT_3D('',#6030,#4874,#4875);
#4215=AXIS2_PLACEMENT_3D('',#6032,#4876,#4877);
#4216=AXIS2_PLACEMENT_3D('',#6035,#4880,#4881);
#4217=AXIS2_PLACEMENT_3D('',#6036,#4882,#4883);
#4218=AXIS2_PLACEMENT_3D('',#6037,#4884,#4885);
#4219=AXIS2_PLACEMENT_3D('',#6041,#4887,#4888);
#4220=AXIS2_PLACEMENT_3D('',#6042,#4889,#4890);
#4221=AXIS2_PLACEMENT_3D('',#6043,#4891,#4892);
#4222=AXIS2_PLACEMENT_3D('',#6047,#4894,#4895);
#4223=AXIS2_PLACEMENT_3D('',#6048,#4896,#4897);
#4224=AXIS2_PLACEMENT_3D('',#6052,#4899,#4900);
#4225=AXIS2_PLACEMENT_3D('',#6056,#4902,#4903);
#4226=AXIS2_PLACEMENT_3D('',#6057,#4904,#4905);
#4227=AXIS2_PLACEMENT_3D('',#6058,#4906,#4907);
#4228=AXIS2_PLACEMENT_3D('',#6060,#4908,#4909);
#4229=AXIS2_PLACEMENT_3D('',#6063,#4912,#4913);
#4230=AXIS2_PLACEMENT_3D('',#6064,#4914,#4915);
#4231=AXIS2_PLACEMENT_3D('',#6066,#4916,#4917);
#4232=AXIS2_PLACEMENT_3D('',#6069,#4920,#4921);
#4233=AXIS2_PLACEMENT_3D('',#6070,#4922,#4923);
#4234=AXIS2_PLACEMENT_3D('',#6071,#4924,#4925);
#4235=AXIS2_PLACEMENT_3D('',#6075,#4927,#4928);
#4236=AXIS2_PLACEMENT_3D('',#6076,#4929,#4930);
#4237=AXIS2_PLACEMENT_3D('',#6077,#4931,#4932);
#4238=AXIS2_PLACEMENT_3D('',#6081,#4934,#4935);
#4239=AXIS2_PLACEMENT_3D('',#6082,#4936,#4937);
#4240=AXIS2_PLACEMENT_3D('',#6086,#4939,#4940);
#4241=AXIS2_PLACEMENT_3D('',#6090,#4942,#4943);
#4242=AXIS2_PLACEMENT_3D('',#6091,#4944,#4945);
#4243=AXIS2_PLACEMENT_3D('',#6092,#4946,#4947);
#4244=AXIS2_PLACEMENT_3D('',#6094,#4948,#4949);
#4245=AXIS2_PLACEMENT_3D('',#6097,#4952,#4953);
#4246=AXIS2_PLACEMENT_3D('',#6098,#4954,#4955);
#4247=AXIS2_PLACEMENT_3D('',#6100,#4956,#4957);
#4248=AXIS2_PLACEMENT_3D('',#6103,#4960,#4961);
#4249=AXIS2_PLACEMENT_3D('',#6104,#4962,#4963);
#4250=AXIS2_PLACEMENT_3D('',#6105,#4964,#4965);
#4251=AXIS2_PLACEMENT_3D('',#6109,#4967,#4968);
#4252=AXIS2_PLACEMENT_3D('',#6110,#4969,#4970);
#4253=AXIS2_PLACEMENT_3D('',#6111,#4971,#4972);
#4254=AXIS2_PLACEMENT_3D('',#6115,#4974,#4975);
#4255=AXIS2_PLACEMENT_3D('',#6116,#4976,#4977);
#4256=AXIS2_PLACEMENT_3D('',#6120,#4979,#4980);
#4257=AXIS2_PLACEMENT_3D('',#6124,#4982,#4983);
#4258=AXIS2_PLACEMENT_3D('',#6125,#4984,#4985);
#4259=AXIS2_PLACEMENT_3D('',#6126,#4986,#4987);
#4260=AXIS2_PLACEMENT_3D('',#6128,#4988,#4989);
#4261=AXIS2_PLACEMENT_3D('',#6131,#4992,#4993);
#4262=AXIS2_PLACEMENT_3D('',#6132,#4994,#4995);
#4263=AXIS2_PLACEMENT_3D('',#6134,#4996,#4997);
#4264=AXIS2_PLACEMENT_3D('',#6137,#5000,#5001);
#4265=AXIS2_PLACEMENT_3D('',#6138,#5002,#5003);
#4266=AXIS2_PLACEMENT_3D('',#6139,#5004,#5005);
#4267=AXIS2_PLACEMENT_3D('',#6140,#5006,#5007);
#4268=AXIS2_PLACEMENT_3D('',#6144,#5009,#5010);
#4269=AXIS2_PLACEMENT_3D('',#6148,#5012,#5013);
#4270=AXIS2_PLACEMENT_3D('',#6149,#5014,#5015);
#4271=AXIS2_PLACEMENT_3D('',#6150,#5016,#5017);
#4272=AXIS2_PLACEMENT_3D('',#6152,#5018,#5019);
#4273=AXIS2_PLACEMENT_3D('',#6156,#5021,#5022);
#4274=AXIS2_PLACEMENT_3D('',#6157,#5023,#5024);
#4275=AXIS2_PLACEMENT_3D('',#6158,#5025,#5026);
#4276=AXIS2_PLACEMENT_3D('',#6162,#5028,#5029);
#4277=AXIS2_PLACEMENT_3D('',#6165,#5032,#5033);
#4278=AXIS2_PLACEMENT_3D('',#6166,#5034,#5035);
#4279=AXIS2_PLACEMENT_3D('',#6168,#5036,#5037);
#4280=AXIS2_PLACEMENT_3D('',#6171,#5040,#5041);
#4281=AXIS2_PLACEMENT_3D('',#6172,#5042,#5043);
#4282=AXIS2_PLACEMENT_3D('',#6173,#5044,#5045);
#4283=AXIS2_PLACEMENT_3D('',#6174,#5046,#5047);
#4284=AXIS2_PLACEMENT_3D('',#6178,#5049,#5050);
#4285=AXIS2_PLACEMENT_3D('',#6182,#5052,#5053);
#4286=AXIS2_PLACEMENT_3D('',#6183,#5054,#5055);
#4287=AXIS2_PLACEMENT_3D('',#6184,#5056,#5057);
#4288=AXIS2_PLACEMENT_3D('',#6186,#5058,#5059);
#4289=AXIS2_PLACEMENT_3D('',#6190,#5061,#5062);
#4290=AXIS2_PLACEMENT_3D('',#6191,#5063,#5064);
#4291=AXIS2_PLACEMENT_3D('',#6192,#5065,#5066);
#4292=AXIS2_PLACEMENT_3D('',#6196,#5068,#5069);
#4293=AXIS2_PLACEMENT_3D('',#6199,#5072,#5073);
#4294=AXIS2_PLACEMENT_3D('',#6200,#5074,#5075);
#4295=AXIS2_PLACEMENT_3D('',#6202,#5076,#5077);
#4296=AXIS2_PLACEMENT_3D('',#6205,#5080,#5081);
#4297=AXIS2_PLACEMENT_3D('',#6206,#5082,#5083);
#4298=AXIS2_PLACEMENT_3D('',#6207,#5084,#5085);
#4299=AXIS2_PLACEMENT_3D('',#6208,#5086,#5087);
#4300=AXIS2_PLACEMENT_3D('',#6212,#5089,#5090);
#4301=AXIS2_PLACEMENT_3D('',#6216,#5092,#5093);
#4302=AXIS2_PLACEMENT_3D('',#6217,#5094,#5095);
#4303=AXIS2_PLACEMENT_3D('',#6218,#5096,#5097);
#4304=AXIS2_PLACEMENT_3D('',#6220,#5098,#5099);
#4305=AXIS2_PLACEMENT_3D('',#6224,#5101,#5102);
#4306=AXIS2_PLACEMENT_3D('',#6225,#5103,#5104);
#4307=AXIS2_PLACEMENT_3D('',#6226,#5105,#5106);
#4308=AXIS2_PLACEMENT_3D('',#6230,#5108,#5109);
#4309=AXIS2_PLACEMENT_3D('',#6233,#5112,#5113);
#4310=AXIS2_PLACEMENT_3D('',#6234,#5114,#5115);
#4311=AXIS2_PLACEMENT_3D('',#6236,#5116,#5117);
#4312=AXIS2_PLACEMENT_3D('',#6239,#5120,#5121);
#4313=AXIS2_PLACEMENT_3D('',#6240,#5122,#5123);
#4314=AXIS2_PLACEMENT_3D('',#6241,#5124,#5125);
#4315=AXIS2_PLACEMENT_3D('',#6242,#5126,#5127);
#4316=AXIS2_PLACEMENT_3D('',#6246,#5129,#5130);
#4317=AXIS2_PLACEMENT_3D('',#6250,#5132,#5133);
#4318=AXIS2_PLACEMENT_3D('',#6251,#5134,#5135);
#4319=AXIS2_PLACEMENT_3D('',#6252,#5136,#5137);
#4320=AXIS2_PLACEMENT_3D('',#6254,#5138,#5139);
#4321=AXIS2_PLACEMENT_3D('',#6258,#5141,#5142);
#4322=AXIS2_PLACEMENT_3D('',#6259,#5143,#5144);
#4323=AXIS2_PLACEMENT_3D('',#6260,#5145,#5146);
#4324=AXIS2_PLACEMENT_3D('',#6264,#5148,#5149);
#4325=AXIS2_PLACEMENT_3D('',#6267,#5152,#5153);
#4326=AXIS2_PLACEMENT_3D('',#6268,#5154,#5155);
#4327=AXIS2_PLACEMENT_3D('',#6270,#5156,#5157);
#4328=AXIS2_PLACEMENT_3D('',#6273,#5160,#5161);
#4329=AXIS2_PLACEMENT_3D('',#6274,#5162,#5163);
#4330=AXIS2_PLACEMENT_3D('',#6275,#5164,#5165);
#4331=AXIS2_PLACEMENT_3D('',#6284,#5170,#5171);
#4332=AXIS2_PLACEMENT_3D('',#6290,#5175,#5176);
#4333=AXIS2_PLACEMENT_3D('',#6299,#5181,#5182);
#4334=AXIS2_PLACEMENT_3D('',#6308,#5187,#5188);
#4335=AXIS2_PLACEMENT_3D('',#6317,#5193,#5194);
#4336=AXIS2_PLACEMENT_3D('',#6326,#5199,#5200);
#4337=AXIS2_PLACEMENT_3D('',#6335,#5205,#5206);
#4338=AXIS2_PLACEMENT_3D('',#6344,#5211,#5212);
#4339=AXIS2_PLACEMENT_3D('',#6353,#5217,#5218);
#4340=AXIS2_PLACEMENT_3D('',#6362,#5223,#5224);
#4341=AXIS2_PLACEMENT_3D('',#6371,#5229,#5230);
#4342=AXIS2_PLACEMENT_3D('',#6380,#5235,#5236);
#4343=AXIS2_PLACEMENT_3D('',#6389,#5241,#5242);
#4344=AXIS2_PLACEMENT_3D('',#6396,#5245,#5246);
#4345=AXIS2_PLACEMENT_3D('',#6401,#5251,#5252);
#4346=AXIS2_PLACEMENT_3D('',#6403,#5254,#5255);
#4347=AXIS2_PLACEMENT_3D('',#6412,#5260,#5261);
#4348=AXIS2_PLACEMENT_3D('',#6421,#5266,#5267);
#4349=AXIS2_PLACEMENT_3D('',#6431,#5271,#5272);
#4350=AXIS2_PLACEMENT_3D('',#6440,#5277,#5278);
#4351=AXIS2_PLACEMENT_3D('',#6449,#5283,#5284);
#4352=AXIS2_PLACEMENT_3D('',#6496,#5289,#5290);
#4353=AXIS2_PLACEMENT_3D('',#6536,#5310,#5311);
#4354=AXIS2_PLACEMENT_3D('',#6542,#5315,#5316);
#4355=AXIS2_PLACEMENT_3D('',#6548,#5320,#5321);
#4356=AXIS2_PLACEMENT_3D('',#6554,#5325,#5326);
#4357=AXIS2_PLACEMENT_3D('',#6560,#5330,#5331);
#4358=AXIS2_PLACEMENT_3D('',#6561,#5332,#5333);
#4359=AXIS2_PLACEMENT_3D('',#6565,#5335,#5336);
#4360=AXIS2_PLACEMENT_3D('',#6566,#5337,#5338);
#4361=AXIS2_PLACEMENT_3D('',#6572,#5342,#5343);
#4362=AXIS2_PLACEMENT_3D('',#6576,#5344,#5345);
#4363=AXIS2_PLACEMENT_3D('',#6619,#5346,#5347);
#4364=AXIS2_PLACEMENT_3D('',#6620,#5348,#5349);
#4365=AXIS2_PLACEMENT_3D('',#6624,#5350,#5351);
#4366=AXIS2_PLACEMENT_3D('',#6646,#5361,#5362);
#4367=AXIS2_PLACEMENT_3D('',#6647,#5363,#5364);
#4368=AXIS2_PLACEMENT_3D('',#6652,#5366,#5367);
#4369=AXIS2_PLACEMENT_3D('',#6655,#5369,#5370);
#4370=AXIS2_PLACEMENT_3D('',#6661,#5374,#5375);
#4371=AXIS2_PLACEMENT_3D('',#6664,#5377,#5378);
#4372=AXIS2_PLACEMENT_3D('',#6667,#5380,#5381);
#4373=AXIS2_PLACEMENT_3D('',#6670,#5383,#5384);
#4374=AXIS2_PLACEMENT_3D('',#6673,#5386,#5387);
#4375=AXIS2_PLACEMENT_3D('',#6679,#5391,#5392);
#4376=AXIS2_PLACEMENT_3D('',#6682,#5394,#5395);
#4377=AXIS2_PLACEMENT_3D('',#6685,#5397,#5398);
#4378=AXIS2_PLACEMENT_3D('',#6686,#5399,#5400);
#4379=AXIS2_PLACEMENT_3D('',#6696,#5403,#5404);
#4380=AXIS2_PLACEMENT_3D('',#6702,#5410,#5411);
#4381=AXIS2_PLACEMENT_3D('',#6704,#5413,#5414);
#4382=AXIS2_PLACEMENT_3D('',#6710,#5418,#5419);
#4383=AXIS2_PLACEMENT_3D('',#6718,#5422,#5423);
#4384=AXIS2_PLACEMENT_3D('',#6720,#5425,#5426);
#4385=AXIS2_PLACEMENT_3D('',#6758,#5431,#5432);
#4386=AXIS2_PLACEMENT_3D('',#6763,#5437,#5438);
#4387=AXIS2_PLACEMENT_3D('',#6765,#5440,#5441);
#4388=AXIS2_PLACEMENT_3D('',#6767,#5443,#5444);
#4389=AXIS2_PLACEMENT_3D('',#6773,#5450,#5451);
#4390=AXIS2_PLACEMENT_3D('',#6779,#5457,#5458);
#4391=AXIS2_PLACEMENT_3D('',#6814,#5460,#5461);
#4392=AXIS2_PLACEMENT_3D('',#6816,#5463,#5464);
#4393=AXIS2_PLACEMENT_3D('',#6818,#5466,#5467);
#4394=AXIS2_PLACEMENT_3D('',#6822,#5470,#5471);
#4395=AXIS2_PLACEMENT_3D('',#6825,#5474,#5475);
#4396=AXIS2_PLACEMENT_3D('',#6827,#5477,#5478);
#4397=AXIS2_PLACEMENT_3D('',#6829,#5480,#5481);
#4398=AXIS2_PLACEMENT_3D('',#6831,#5483,#5484);
#4399=AXIS2_PLACEMENT_3D('',#6832,#5485,#5486);
#4400=AXIS2_PLACEMENT_3D('',#6833,#5487,#5488);
#4401=AXIS2_PLACEMENT_3D('',#6834,#5489,#5490);
#4402=AXIS2_PLACEMENT_3D('',#6835,#5491,#5492);
#4403=AXIS2_PLACEMENT_3D('',#6836,#5493,#5494);
#4404=AXIS2_PLACEMENT_3D('',#6837,#5495,#5496);
#4405=AXIS2_PLACEMENT_3D('',#6839,#5498,#5499);
#4406=AXIS2_PLACEMENT_3D('',#6840,#5500,#5501);
#4407=AXIS2_PLACEMENT_3D('',#6841,#5502,#5503);
#4408=AXIS2_PLACEMENT_3D('',#6843,#5505,#5506);
#4409=AXIS2_PLACEMENT_3D('',#6845,#5508,#5509);
#4410=AXIS2_PLACEMENT_3D('',#6847,#5511,#5512);
#4411=AXIS2_PLACEMENT_3D('',#6849,#5514,#5515);
#4412=AXIS2_PLACEMENT_3D('',#6851,#5517,#5518);
#4413=AXIS2_PLACEMENT_3D('',#6853,#5520,#5521);
#4414=AXIS2_PLACEMENT_3D('',#6855,#5523,#5524);
#4415=AXIS2_PLACEMENT_3D('',#6857,#5526,#5527);
#4416=AXIS2_PLACEMENT_3D('',#6858,#5528,#5529);
#4417=AXIS2_PLACEMENT_3D('',#6861,#5531,#5532);
#4418=AXIS2_PLACEMENT_3D('',#6863,#5534,#5535);
#4419=AXIS2_PLACEMENT_3D('',#6865,#5537,#5538);
#4420=AXIS2_PLACEMENT_3D('',#6866,#5539,#5540);
#4421=AXIS2_PLACEMENT_3D('',#6867,#5541,#5542);
#4422=DIRECTION('',(0.,0.,1.));
#4423=DIRECTION('',(1.,0.,0.));
#4424=DIRECTION('',(0.,0.,1.));
#4425=DIRECTION('',(1.,0.,0.));
#4426=DIRECTION('',(0.,0.,1.));
#4427=DIRECTION('',(1.,0.,0.));
#4428=DIRECTION('',(1.,0.,0.));
#4429=DIRECTION('',(0.,0.,-1.));
#4430=DIRECTION('',(1.,0.,0.));
#4431=DIRECTION('',(0.,0.,-1.));
#4432=DIRECTION('',(-1.,0.,0.));
#4433=DIRECTION('',(1.,0.,0.));
#4434=DIRECTION('',(0.,0.,-1.));
#4435=DIRECTION('',(1.,0.,0.));
#4436=DIRECTION('',(0.,1.,0.));
#4437=DIRECTION('',(1.,0.,0.));
#4438=DIRECTION('',(-1.,0.,0.));
#4439=DIRECTION('',(0.,0.,1.));
#4440=DIRECTION('',(0.,0.,1.));
#4441=DIRECTION('',(0.,-1.,0.));
#4442=DIRECTION('',(0.,0.,-1.));
#4443=DIRECTION('',(0.,-1.,0.));
#4444=DIRECTION('',(0.,0.,-1.));
#4445=DIRECTION('',(0.,1.,0.));
#4446=DIRECTION('',(0.,1.,0.));
#4447=DIRECTION('',(0.,0.,1.));
#4448=DIRECTION('',(0.,1.,0.));
#4449=DIRECTION('',(0.,0.,1.));
#4450=DIRECTION('',(-1.,0.,0.));
#4451=DIRECTION('',(0.,0.,1.));
#4452=DIRECTION('',(1.,0.,0.));
#4453=DIRECTION('',(0.,0.,1.));
#4454=DIRECTION('',(0.,0.,1.));
#4455=DIRECTION('',(1.,0.,0.));
#4456=DIRECTION('',(0.,0.,1.));
#4457=DIRECTION('',(0.,1.,0.));
#4458=DIRECTION('',(-1.,0.,0.));
#4459=DIRECTION('',(0.,1.,0.));
#4460=DIRECTION('',(0.,1.,0.));
#4461=DIRECTION('',(0.,0.,1.));
#4462=DIRECTION('',(0.,1.,0.));
#4463=DIRECTION('',(2.28165477151361E-25,0.116841247567397,0.993150604322876));
#4464=DIRECTION('',(-1.,0.,7.741891531727E-13));
#4465=DIRECTION('',(0.,0.,1.));
#4466=DIRECTION('',(1.95278193190936E-24,1.,0.));
#4467=DIRECTION('',(2.28165477151361E-25,0.116841247567397,0.993150604322876));
#4468=DIRECTION('',(2.28165477151361E-25,0.116841247567397,0.993150604322876));
#4469=DIRECTION('',(1.,0.,0.));
#4470=DIRECTION('',(0.,0.,-1.));
#4471=DIRECTION('',(1.,0.,0.));
#4472=DIRECTION('',(0.,0.,-1.));
#4473=DIRECTION('',(-1.,0.,0.));
#4474=DIRECTION('',(1.,0.,0.));
#4475=DIRECTION('',(0.,0.,-1.));
#4476=DIRECTION('',(1.,0.,0.));
#4477=DIRECTION('',(1.,0.,0.));
#4478=DIRECTION('',(0.,0.,1.));
#4479=DIRECTION('',(1.,0.,0.));
#4480=DIRECTION('',(0.,0.,-1.));
#4481=DIRECTION('',(1.,0.,0.));
#4482=DIRECTION('',(1.,0.,0.));
#4483=DIRECTION('',(0.,0.,-1.));
#4484=DIRECTION('',(-1.,0.,0.));
#4485=DIRECTION('',(0.,1.,0.));
#4486=DIRECTION('',(1.,0.,0.));
#4487=DIRECTION('',(-1.,0.,0.));
#4488=DIRECTION('',(0.,0.,1.));
#4489=DIRECTION('',(-1.,0.,0.));
#4490=DIRECTION('',(0.,0.,1.));
#4491=DIRECTION('',(0.,1.,0.));
#4492=DIRECTION('',(1.,0.,0.));
#4493=DIRECTION('',(1.,0.,0.));
#4494=DIRECTION('',(0.,0.,1.));
#4495=DIRECTION('',(-1.,0.,0.));
#4496=DIRECTION('',(0.,0.,-1.));
#4497=DIRECTION('',(1.,0.,0.));
#4498=DIRECTION('',(0.,0.,1.));
#4499=DIRECTION('',(-1.,0.,0.));
#4500=DIRECTION('',(1.,0.,0.));
#4501=DIRECTION('',(0.,0.,-1.));
#4502=DIRECTION('',(1.,0.,0.));
#4503=DIRECTION('',(0.,0.,-1.));
#4504=DIRECTION('',(-1.,0.,0.));
#4505=DIRECTION('',(0.,0.,1.));
#4506=DIRECTION('',(1.,0.,0.));
#4507=DIRECTION('',(1.,0.,0.));
#4508=DIRECTION('',(0.,0.,-1.));
#4509=DIRECTION('',(1.,0.,0.));
#4510=DIRECTION('',(1.,0.,0.));
#4511=DIRECTION('',(0.,0.,-1.));
#4512=DIRECTION('',(0.,0.,1.));
#4513=DIRECTION('',(1.,0.,0.));
#4514=DIRECTION('',(0.,1.,0.));
#4515=DIRECTION('',(0.,-1.,0.));
#4516=DIRECTION('',(1.,0.,0.));
#4517=DIRECTION('',(0.,1.,0.));
#4518=DIRECTION('',(0.,-1.,0.));
#4519=DIRECTION('',(0.,0.,-1.));
#4520=DIRECTION('',(1.,0.,0.));
#4521=DIRECTION('',(0.,0.,-1.));
#4522=DIRECTION('',(1.,0.,0.));
#4523=DIRECTION('',(0.,0.,-1.));
#4524=DIRECTION('',(0.,-1.,0.));
#4525=DIRECTION('',(0.,0.,1.));
#4526=DIRECTION('',(0.,1.,0.));
#4527=DIRECTION('',(0.,-1.,0.));
#4528=DIRECTION('',(0.,1.,0.));
#4529=DIRECTION('',(1.,0.,0.));
#4530=DIRECTION('',(0.,0.,1.));
#4531=DIRECTION('',(-0.707106781186548,-0.707106781186548,0.));
#4532=DIRECTION('',(-0.707106781186548,0.707106781186548,0.));
#4533=DIRECTION('',(1.,0.,0.));
#4534=DIRECTION('',(0.,-0.999830757020755,-0.0183972094433792));
#4535=DIRECTION('',(-1.,0.,0.));
#4536=DIRECTION('',(0.,0.,-1.));
#4537=DIRECTION('',(0.,0.,1.));
#4538=DIRECTION('',(1.,0.,0.));
#4539=DIRECTION('',(0.,-1.,0.));
#4540=DIRECTION('',(0.,1.,0.));
#4541=DIRECTION('',(1.,0.,0.));
#4542=DIRECTION('',(0.,0.,1.));
#4543=DIRECTION('',(0.,0.,1.));
#4544=DIRECTION('',(1.,0.,0.));
#4545=DIRECTION('',(0.,-1.,0.));
#4546=DIRECTION('',(0.,0.,1.));
#4547=DIRECTION('',(1.,0.,0.));
#4548=DIRECTION('',(0.,-1.,0.));
#4549=DIRECTION('',(0.,0.,1.));
#4550=DIRECTION('',(1.,0.,0.));
#4551=DIRECTION('',(0.,-1.,0.));
#4552=DIRECTION('',(1.,0.,0.));
#4553=DIRECTION('',(0.,1.,0.));
#4554=DIRECTION('',(0.,0.,1.));
#4555=DIRECTION('',(1.,0.,0.));
#4556=DIRECTION('',(1.,0.,0.));
#4557=DIRECTION('',(0.,0.,1.));
#4558=DIRECTION('',(1.,0.,0.));
#4559=DIRECTION('',(0.,0.,-1.));
#4560=DIRECTION('',(1.,0.,0.));
#4561=DIRECTION('',(1.,0.,0.));
#4562=DIRECTION('',(0.,0.,-1.));
#4563=DIRECTION('',(1.,0.,0.));
#4564=DIRECTION('',(0.,0.,1.));
#4565=DIRECTION('',(1.,0.,0.));
#4566=DIRECTION('',(-1.,0.,0.));
#4567=DIRECTION('',(0.,1.,0.));
#4568=DIRECTION('',(0.,-1.,0.));
#4569=DIRECTION('',(0.,0.,1.));
#4570=DIRECTION('',(1.,0.,0.));
#4571=DIRECTION('',(-1.,0.,0.));
#4572=DIRECTION('',(0.,-1.,0.));
#4573=DIRECTION('',(1.,0.,0.));
#4574=DIRECTION('',(0.,-1.,0.));
#4575=DIRECTION('',(0.,0.,1.));
#4576=DIRECTION('',(1.,0.,0.));
#4577=DIRECTION('',(0.,-1.,0.));
#4578=DIRECTION('',(-1.,0.,0.));
#4579=DIRECTION('',(0.,-1.,0.));
#4580=DIRECTION('',(1.,0.,0.));
#4581=DIRECTION('',(0.,1.,0.));
#4582=DIRECTION('',(1.,0.,0.));
#4583=DIRECTION('',(-1.,0.,0.));
#4584=DIRECTION('',(0.,0.,1.));
#4585=DIRECTION('',(-1.,0.,0.));
#4586=DIRECTION('',(0.,0.,1.));
#4587=DIRECTION('',(0.,1.,0.));
#4588=DIRECTION('',(0.,0.,-1.));
#4589=DIRECTION('',(0.,1.,0.));
#4590=DIRECTION('',(0.,0.,1.));
#4591=DIRECTION('',(0.,1.,0.));
#4592=DIRECTION('',(0.,1.,0.));
#4593=DIRECTION('',(0.,0.,1.));
#4594=DIRECTION('',(0.,1.,0.));
#4595=DIRECTION('',(0.,0.,-1.));
#4596=DIRECTION('',(1.,0.,0.));
#4597=DIRECTION('',(0.,0.,1.));
#4598=DIRECTION('',(-1.,0.,0.));
#4599=DIRECTION('',(0.,0.,1.));
#4600=DIRECTION('',(0.,0.,1.));
#4601=DIRECTION('',(-1.,0.,0.));
#4602=DIRECTION('',(0.,0.,1.));
#4603=DIRECTION('',(0.,-1.,0.));
#4604=DIRECTION('',(1.,0.,0.));
#4605=DIRECTION('',(0.,1.,0.));
#4606=DIRECTION('',(0.,0.,-1.));
#4607=DIRECTION('',(0.,1.,0.));
#4608=DIRECTION('',(0.,1.,0.));
#4609=DIRECTION('',(-1.27622370808683E-26,-0.116841247567299,-0.993150604322888));
#4610=DIRECTION('',(1.,0.,5.829509537369E-13));
#4611=DIRECTION('',(1.27622370808683E-26,0.116841247567299,0.993150604322888));
#4612=DIRECTION('',(0.,0.,1.));
#4613=DIRECTION('',(-1.09227155192069E-25,-1.,0.));
#4614=DIRECTION('',(1.27622370808683E-26,0.116841247567299,0.993150604322888));
#4615=DIRECTION('',(1.,0.,0.));
#4616=DIRECTION('',(0.,0.,-1.));
#4617=DIRECTION('',(1.,0.,0.));
#4618=DIRECTION('',(0.,0.,-1.));
#4619=DIRECTION('',(1.,0.,0.));
#4620=DIRECTION('',(1.,0.,0.));
#4621=DIRECTION('',(0.,0.,-1.));
#4622=DIRECTION('',(-1.,0.,0.));
#4623=DIRECTION('',(-1.,0.,0.));
#4624=DIRECTION('',(0.,0.,1.));
#4625=DIRECTION('',(1.,0.,0.));
#4626=DIRECTION('',(1.,0.,0.));
#4627=DIRECTION('',(0.,0.,-1.));
#4628=DIRECTION('',(1.,0.,0.));
#4629=DIRECTION('',(1.,0.,0.));
#4630=DIRECTION('',(0.,0.,-1.));
#4631=DIRECTION('',(1.,0.,0.));
#4632=DIRECTION('',(0.,0.,1.));
#4633=DIRECTION('',(1.,0.,0.));
#4634=DIRECTION('',(0.,0.,-1.));
#4635=DIRECTION('',(-1.,0.,0.));
#4636=DIRECTION('',(1.,0.,0.));
#4637=DIRECTION('',(0.,0.,-1.));
#4638=DIRECTION('',(0.,0.,1.));
#4639=DIRECTION('',(1.,0.,0.));
#4640=DIRECTION('',(0.,-1.,0.));
#4641=DIRECTION('',(0.,1.,0.));
#4642=DIRECTION('',(1.,0.,0.));
#4643=DIRECTION('',(0.,1.,0.));
#4644=DIRECTION('',(0.,-1.,0.));
#4645=DIRECTION('',(1.,0.,0.));
#4646=DIRECTION('',(0.,0.,-1.));
#4647=DIRECTION('',(1.,0.,0.));
#4648=DIRECTION('',(0.,0.,-1.));
#4649=DIRECTION('',(0.,0.,1.));
#4650=DIRECTION('',(1.,0.,0.));
#4651=DIRECTION('',(0.,0.,-1.));
#4652=DIRECTION('',(0.,0.,1.));
#4653=DIRECTION('',(0.,0.,1.));
#4654=DIRECTION('',(0.,0.,1.));
#4655=DIRECTION('',(0.,1.,0.));
#4656=DIRECTION('',(1.,0.,0.));
#4657=DIRECTION('',(0.,0.,1.));
#4658=DIRECTION('',(0.,1.,0.));
#4659=DIRECTION('',(1.,0.,0.));
#4660=DIRECTION('',(0.,0.,-1.));
#4661=DIRECTION('',(1.,0.,0.));
#4662=DIRECTION('',(0.,0.,-1.));
#4663=DIRECTION('',(1.,0.,0.));
#4664=DIRECTION('',(0.,0.,-1.));
#4665=DIRECTION('',(0.,1.,0.));
#4666=DIRECTION('',(1.,0.,0.));
#4667=DIRECTION('',(0.,0.,-1.));
#4668=DIRECTION('',(-0.707106781186298,0.707106781186798,0.));
#4669=DIRECTION('',(0.707106781186798,0.707106781186298,0.));
#4670=DIRECTION('',(1.,0.,0.));
#4671=DIRECTION('',(0.,-0.999830757020747,-0.0183972094438109));
#4672=DIRECTION('',(-1.,0.,0.));
#4673=DIRECTION('',(0.,0.,-1.));
#4674=DIRECTION('',(0.,0.,1.));
#4675=DIRECTION('',(1.,0.,0.));
#4676=DIRECTION('',(0.,-1.,0.));
#4677=DIRECTION('',(0.,1.,0.));
#4678=DIRECTION('',(1.,0.,0.));
#4679=DIRECTION('',(0.,0.,1.));
#4680=DIRECTION('',(1.,0.,0.));
#4681=DIRECTION('',(0.,1.,0.));
#4682=DIRECTION('',(0.,0.,1.));
#4683=DIRECTION('',(1.,0.,0.));
#4684=DIRECTION('',(0.,1.,0.));
#4685=DIRECTION('',(1.,0.,0.));
#4686=DIRECTION('',(1.,0.,0.));
#4687=DIRECTION('',(0.,1.,0.));
#4688=DIRECTION('',(0.,0.,1.));
#4689=DIRECTION('',(0.,1.,0.));
#4690=DIRECTION('',(1.,0.,0.));
#4691=DIRECTION('',(0.,1.,0.));
#4692=DIRECTION('',(0.,0.,1.));
#4693=DIRECTION('',(-1.,0.,0.));
#4694=DIRECTION('',(0.,1.,0.));
#4695=DIRECTION('',(1.,0.,0.));
#4696=DIRECTION('',(0.,1.,0.));
#4697=DIRECTION('',(0.,0.,1.));
#4698=DIRECTION('',(1.,0.,0.));
#4699=DIRECTION('',(0.,1.,0.));
#4700=DIRECTION('',(1.,0.,0.));
#4701=DIRECTION('',(1.,0.,0.));
#4702=DIRECTION('',(0.,1.,0.));
#4703=DIRECTION('',(0.,0.,1.));
#4704=DIRECTION('',(0.,1.,0.));
#4705=DIRECTION('',(1.,0.,0.));
#4706=DIRECTION('',(0.,1.,0.));
#4707=DIRECTION('',(0.,0.,1.));
#4708=DIRECTION('',(0.,0.,1.));
#4709=DIRECTION('',(1.,0.,0.));
#4710=DIRECTION('',(0.,-1.,0.));
#4711=DIRECTION('',(0.,1.,0.));
#4712=DIRECTION('',(0.,1.,0.));
#4713=DIRECTION('',(1.,0.,0.));
#4714=DIRECTION('',(0.,1.,0.));
#4715=DIRECTION('',(0.,0.,1.));
#4716=DIRECTION('',(0.,0.,1.));
#4717=DIRECTION('',(1.,0.,0.));
#4718=DIRECTION('',(0.,1.,0.));
#4719=DIRECTION('',(0.,-1.,0.));
#4720=DIRECTION('',(0.,1.,0.));
#4721=DIRECTION('',(-1.,0.,0.));
#4722=DIRECTION('',(0.,0.,1.));
#4723=DIRECTION('',(1.,0.,0.));
#4724=DIRECTION('',(0.,1.,0.));
#4725=DIRECTION('',(1.,0.,0.));
#4726=DIRECTION('',(1.,0.,0.));
#4727=DIRECTION('',(0.,1.,0.));
#4728=DIRECTION('',(0.,0.,1.));
#4729=DIRECTION('',(0.,1.,0.));
#4730=DIRECTION('',(1.,0.,0.));
#4731=DIRECTION('',(0.,1.,0.));
#4732=DIRECTION('',(0.,0.,1.));
#4733=DIRECTION('',(-1.,0.,0.));
#4734=DIRECTION('',(0.,1.,0.));
#4735=DIRECTION('',(1.,0.,0.));
#4736=DIRECTION('',(0.,1.,0.));
#4737=DIRECTION('',(0.,0.,1.));
#4738=DIRECTION('',(1.,0.,0.));
#4739=DIRECTION('',(0.,1.,0.));
#4740=DIRECTION('',(1.,0.,0.));
#4741=DIRECTION('',(1.,0.,0.));
#4742=DIRECTION('',(0.,1.,0.));
#4743=DIRECTION('',(0.,0.,1.));
#4744=DIRECTION('',(0.,1.,0.));
#4745=DIRECTION('',(1.,0.,0.));
#4746=DIRECTION('',(0.,1.,0.));
#4747=DIRECTION('',(0.,0.,1.));
#4748=DIRECTION('',(0.,0.,1.));
#4749=DIRECTION('',(1.,0.,0.));
#4750=DIRECTION('',(0.,-1.,0.));
#4751=DIRECTION('',(0.,1.,0.));
#4752=DIRECTION('',(0.,1.,0.));
#4753=DIRECTION('',(1.,0.,0.));
#4754=DIRECTION('',(0.,1.,0.));
#4755=DIRECTION('',(0.,0.,1.));
#4756=DIRECTION('',(0.,0.,1.));
#4757=DIRECTION('',(1.,0.,0.));
#4758=DIRECTION('',(0.,1.,0.));
#4759=DIRECTION('',(0.,-1.,0.));
#4760=DIRECTION('',(0.,1.,0.));
#4761=DIRECTION('',(-1.,0.,0.));
#4762=DIRECTION('',(0.,0.,1.));
#4763=DIRECTION('',(1.,0.,0.));
#4764=DIRECTION('',(0.,1.,0.));
#4765=DIRECTION('',(1.,0.,0.));
#4766=DIRECTION('',(0.,1.,0.));
#4767=DIRECTION('',(0.,0.,1.));
#4768=DIRECTION('',(1.,0.,0.));
#4769=DIRECTION('',(0.,1.,0.));
#4770=DIRECTION('',(1.,0.,0.));
#4771=DIRECTION('',(1.,0.,0.));
#4772=DIRECTION('',(0.,1.,0.));
#4773=DIRECTION('',(0.,0.,1.));
#4774=DIRECTION('',(0.,1.,0.));
#4775=DIRECTION('',(1.,0.,0.));
#4776=DIRECTION('',(0.,1.,0.));
#4777=DIRECTION('',(0.,0.,1.));
#4778=DIRECTION('',(0.,1.,0.));
#4779=DIRECTION('',(1.,0.,0.));
#4780=DIRECTION('',(1.,0.,0.));
#4781=DIRECTION('',(0.,1.,0.));
#4782=DIRECTION('',(0.,0.,1.));
#4783=DIRECTION('',(0.,1.,0.));
#4784=DIRECTION('',(1.,0.,0.));
#4785=DIRECTION('',(0.,1.,0.));
#4786=DIRECTION('',(0.,0.,1.));
#4787=DIRECTION('',(-1.,0.,0.));
#4788=DIRECTION('',(0.,0.,1.));
#4789=DIRECTION('',(1.,0.,0.));
#4790=DIRECTION('',(0.,1.,0.));
#4791=DIRECTION('',(0.,-1.,0.));
#4792=DIRECTION('',(0.,1.,0.));
#4793=DIRECTION('',(1.,0.,0.));
#4794=DIRECTION('',(0.,1.,0.));
#4795=DIRECTION('',(0.,0.,1.));
#4796=DIRECTION('',(0.,0.,1.));
#4797=DIRECTION('',(1.,0.,0.));
#4798=DIRECTION('',(0.,-1.,0.));
#4799=DIRECTION('',(0.,1.,0.));
#4800=DIRECTION('',(0.,-1.,0.));
#4801=DIRECTION('',(1.,0.,0.));
#4802=DIRECTION('',(0.,0.,1.));
#4803=DIRECTION('',(1.,0.,0.));
#4804=DIRECTION('',(0.,1.,0.));
#4805=DIRECTION('',(1.,0.,0.));
#4806=DIRECTION('',(0.,1.,0.));
#4807=DIRECTION('',(0.,0.,1.));
#4808=DIRECTION('',(1.,0.,0.));
#4809=DIRECTION('',(0.,1.,0.));
#4810=DIRECTION('',(1.,0.,0.));
#4811=DIRECTION('',(1.,0.,0.));
#4812=DIRECTION('',(0.,1.,0.));
#4813=DIRECTION('',(0.,0.,1.));
#4814=DIRECTION('',(0.,1.,0.));
#4815=DIRECTION('',(1.,0.,0.));
#4816=DIRECTION('',(0.,1.,0.));
#4817=DIRECTION('',(0.,0.,1.));
#4818=DIRECTION('',(0.,1.,0.));
#4819=DIRECTION('',(1.,0.,0.));
#4820=DIRECTION('',(1.,0.,0.));
#4821=DIRECTION('',(0.,1.,0.));
#4822=DIRECTION('',(0.,0.,1.));
#4823=DIRECTION('',(0.,1.,0.));
#4824=DIRECTION('',(1.,0.,0.));
#4825=DIRECTION('',(0.,1.,0.));
#4826=DIRECTION('',(0.,0.,1.));
#4827=DIRECTION('',(-1.,0.,0.));
#4828=DIRECTION('',(0.,0.,1.));
#4829=DIRECTION('',(1.,0.,0.));
#4830=DIRECTION('',(0.,1.,0.));
#4831=DIRECTION('',(0.,-1.,0.));
#4832=DIRECTION('',(0.,1.,0.));
#4833=DIRECTION('',(1.,0.,0.));
#4834=DIRECTION('',(0.,1.,0.));
#4835=DIRECTION('',(0.,0.,1.));
#4836=DIRECTION('',(0.,0.,1.));
#4837=DIRECTION('',(1.,0.,0.));
#4838=DIRECTION('',(0.,-1.,0.));
#4839=DIRECTION('',(0.,1.,0.));
#4840=DIRECTION('',(0.,-1.,0.));
#4841=DIRECTION('',(1.,0.,0.));
#4842=DIRECTION('',(0.,0.,1.));
#4843=DIRECTION('',(1.,0.,0.));
#4844=DIRECTION('',(0.,1.,0.));
#4845=DIRECTION('',(1.,0.,0.));
#4846=DIRECTION('',(1.,0.,0.));
#4847=DIRECTION('',(0.,1.,0.));
#4848=DIRECTION('',(0.,0.,1.));
#4849=DIRECTION('',(0.,1.,0.));
#4850=DIRECTION('',(1.,0.,0.));
#4851=DIRECTION('',(0.,1.,0.));
#4852=DIRECTION('',(0.,0.,1.));
#4853=DIRECTION('',(-1.,0.,0.));
#4854=DIRECTION('',(0.,1.,0.));
#4855=DIRECTION('',(1.,0.,0.));
#4856=DIRECTION('',(0.,1.,0.));
#4857=DIRECTION('',(0.,0.,1.));
#4858=DIRECTION('',(1.,0.,0.));
#4859=DIRECTION('',(0.,1.,0.));
#4860=DIRECTION('',(1.,0.,0.));
#4861=DIRECTION('',(1.,0.,0.));
#4862=DIRECTION('',(0.,1.,0.));
#4863=DIRECTION('',(0.,0.,1.));
#4864=DIRECTION('',(0.,1.,0.));
#4865=DIRECTION('',(1.,0.,0.));
#4866=DIRECTION('',(0.,1.,0.));
#4867=DIRECTION('',(0.,0.,1.));
#4868=DIRECTION('',(0.,0.,1.));
#4869=DIRECTION('',(1.,0.,0.));
#4870=DIRECTION('',(0.,-1.,0.));
#4871=DIRECTION('',(0.,1.,0.));
#4872=DIRECTION('',(0.,1.,0.));
#4873=DIRECTION('',(1.,0.,0.));
#4874=DIRECTION('',(0.,1.,0.));
#4875=DIRECTION('',(0.,0.,1.));
#4876=DIRECTION('',(0.,0.,1.));
#4877=DIRECTION('',(1.,0.,0.));
#4878=DIRECTION('',(0.,1.,0.));
#4879=DIRECTION('',(0.,-1.,0.));
#4880=DIRECTION('',(0.,1.,0.));
#4881=DIRECTION('',(-1.,0.,0.));
#4882=DIRECTION('',(0.,0.,1.));
#4883=DIRECTION('',(1.,0.,0.));
#4884=DIRECTION('',(0.,1.,0.));
#4885=DIRECTION('',(1.,0.,0.));
#4886=DIRECTION('',(1.,0.,0.));
#4887=DIRECTION('',(0.,1.,0.));
#4888=DIRECTION('',(0.,0.,1.));
#4889=DIRECTION('',(0.,1.,0.));
#4890=DIRECTION('',(1.,0.,0.));
#4891=DIRECTION('',(0.,1.,0.));
#4892=DIRECTION('',(0.,0.,1.));
#4893=DIRECTION('',(-1.,0.,0.));
#4894=DIRECTION('',(0.,1.,0.));
#4895=DIRECTION('',(1.,0.,0.));
#4896=DIRECTION('',(0.,1.,0.));
#4897=DIRECTION('',(0.,0.,1.));
#4898=DIRECTION('',(1.,0.,0.));
#4899=DIRECTION('',(0.,1.,0.));
#4900=DIRECTION('',(1.,0.,0.));
#4901=DIRECTION('',(1.,0.,0.));
#4902=DIRECTION('',(0.,1.,0.));
#4903=DIRECTION('',(0.,0.,1.));
#4904=DIRECTION('',(0.,1.,0.));
#4905=DIRECTION('',(1.,0.,0.));
#4906=DIRECTION('',(0.,1.,0.));
#4907=DIRECTION('',(0.,0.,1.));
#4908=DIRECTION('',(0.,0.,1.));
#4909=DIRECTION('',(1.,0.,0.));
#4910=DIRECTION('',(0.,-1.,0.));
#4911=DIRECTION('',(0.,1.,0.));
#4912=DIRECTION('',(0.,1.,0.));
#4913=DIRECTION('',(1.,0.,0.));
#4914=DIRECTION('',(0.,1.,0.));
#4915=DIRECTION('',(0.,0.,1.));
#4916=DIRECTION('',(0.,0.,1.));
#4917=DIRECTION('',(1.,0.,0.));
#4918=DIRECTION('',(0.,1.,0.));
#4919=DIRECTION('',(0.,-1.,0.));
#4920=DIRECTION('',(0.,1.,0.));
#4921=DIRECTION('',(-1.,0.,0.));
#4922=DIRECTION('',(0.,0.,1.));
#4923=DIRECTION('',(1.,0.,0.));
#4924=DIRECTION('',(0.,1.,0.));
#4925=DIRECTION('',(1.,0.,0.));
#4926=DIRECTION('',(1.,0.,0.));
#4927=DIRECTION('',(0.,1.,0.));
#4928=DIRECTION('',(0.,0.,1.));
#4929=DIRECTION('',(0.,1.,0.));
#4930=DIRECTION('',(1.,0.,0.));
#4931=DIRECTION('',(0.,1.,0.));
#4932=DIRECTION('',(0.,0.,1.));
#4933=DIRECTION('',(-1.,0.,0.));
#4934=DIRECTION('',(0.,1.,0.));
#4935=DIRECTION('',(1.,0.,0.));
#4936=DIRECTION('',(0.,1.,0.));
#4937=DIRECTION('',(0.,0.,1.));
#4938=DIRECTION('',(1.,0.,0.));
#4939=DIRECTION('',(0.,1.,0.));
#4940=DIRECTION('',(1.,0.,0.));
#4941=DIRECTION('',(1.,0.,0.));
#4942=DIRECTION('',(0.,1.,0.));
#4943=DIRECTION('',(0.,0.,1.));
#4944=DIRECTION('',(0.,1.,0.));
#4945=DIRECTION('',(1.,0.,0.));
#4946=DIRECTION('',(0.,1.,0.));
#4947=DIRECTION('',(0.,0.,1.));
#4948=DIRECTION('',(0.,0.,1.));
#4949=DIRECTION('',(1.,0.,0.));
#4950=DIRECTION('',(0.,-1.,0.));
#4951=DIRECTION('',(0.,1.,0.));
#4952=DIRECTION('',(0.,1.,0.));
#4953=DIRECTION('',(1.,0.,0.));
#4954=DIRECTION('',(0.,1.,0.));
#4955=DIRECTION('',(0.,0.,1.));
#4956=DIRECTION('',(0.,0.,1.));
#4957=DIRECTION('',(1.,0.,0.));
#4958=DIRECTION('',(0.,1.,0.));
#4959=DIRECTION('',(0.,-1.,0.));
#4960=DIRECTION('',(0.,1.,0.));
#4961=DIRECTION('',(-1.,0.,0.));
#4962=DIRECTION('',(0.,0.,1.));
#4963=DIRECTION('',(1.,0.,0.));
#4964=DIRECTION('',(0.,1.,0.));
#4965=DIRECTION('',(1.,0.,0.));
#4966=DIRECTION('',(1.,0.,0.));
#4967=DIRECTION('',(0.,1.,0.));
#4968=DIRECTION('',(0.,0.,1.));
#4969=DIRECTION('',(0.,1.,0.));
#4970=DIRECTION('',(1.,0.,0.));
#4971=DIRECTION('',(0.,1.,0.));
#4972=DIRECTION('',(0.,0.,1.));
#4973=DIRECTION('',(-1.,0.,0.));
#4974=DIRECTION('',(0.,1.,0.));
#4975=DIRECTION('',(1.,0.,0.));
#4976=DIRECTION('',(0.,1.,0.));
#4977=DIRECTION('',(0.,0.,1.));
#4978=DIRECTION('',(1.,0.,0.));
#4979=DIRECTION('',(0.,1.,0.));
#4980=DIRECTION('',(1.,0.,0.));
#4981=DIRECTION('',(1.,0.,0.));
#4982=DIRECTION('',(0.,1.,0.));
#4983=DIRECTION('',(0.,0.,1.));
#4984=DIRECTION('',(0.,1.,0.));
#4985=DIRECTION('',(1.,0.,0.));
#4986=DIRECTION('',(0.,1.,0.));
#4987=DIRECTION('',(0.,0.,1.));
#4988=DIRECTION('',(0.,0.,1.));
#4989=DIRECTION('',(1.,0.,0.));
#4990=DIRECTION('',(0.,-1.,0.));
#4991=DIRECTION('',(0.,1.,0.));
#4992=DIRECTION('',(0.,1.,0.));
#4993=DIRECTION('',(1.,0.,0.));
#4994=DIRECTION('',(0.,1.,0.));
#4995=DIRECTION('',(0.,0.,1.));
#4996=DIRECTION('',(0.,0.,1.));
#4997=DIRECTION('',(1.,0.,0.));
#4998=DIRECTION('',(0.,1.,0.));
#4999=DIRECTION('',(0.,-1.,0.));
#5000=DIRECTION('',(0.,1.,0.));
#5001=DIRECTION('',(-1.,0.,0.));
#5002=DIRECTION('',(0.,0.,1.));
#5003=DIRECTION('',(1.,0.,0.));
#5004=DIRECTION('',(0.,1.,0.));
#5005=DIRECTION('',(1.,0.,0.));
#5006=DIRECTION('',(0.,1.,0.));
#5007=DIRECTION('',(0.,0.,1.));
#5008=DIRECTION('',(1.,0.,0.));
#5009=DIRECTION('',(0.,1.,0.));
#5010=DIRECTION('',(1.,0.,0.));
#5011=DIRECTION('',(1.,0.,0.));
#5012=DIRECTION('',(0.,1.,0.));
#5013=DIRECTION('',(0.,0.,1.));
#5014=DIRECTION('',(0.,1.,0.));
#5015=DIRECTION('',(1.,0.,0.));
#5016=DIRECTION('',(0.,1.,0.));
#5017=DIRECTION('',(0.,0.,1.));
#5018=DIRECTION('',(0.,1.,0.));
#5019=DIRECTION('',(1.,0.,0.));
#5020=DIRECTION('',(1.,0.,0.));
#5021=DIRECTION('',(0.,1.,0.));
#5022=DIRECTION('',(0.,0.,1.));
#5023=DIRECTION('',(0.,1.,0.));
#5024=DIRECTION('',(1.,0.,0.));
#5025=DIRECTION('',(0.,1.,0.));
#5026=DIRECTION('',(0.,0.,1.));
#5027=DIRECTION('',(-1.,0.,0.));
#5028=DIRECTION('',(0.,0.,1.));
#5029=DIRECTION('',(1.,0.,0.));
#5030=DIRECTION('',(0.,1.,0.));
#5031=DIRECTION('',(0.,-1.,0.));
#5032=DIRECTION('',(0.,1.,0.));
#5033=DIRECTION('',(1.,0.,0.));
#5034=DIRECTION('',(0.,1.,0.));
#5035=DIRECTION('',(0.,0.,1.));
#5036=DIRECTION('',(0.,0.,1.));
#5037=DIRECTION('',(1.,0.,0.));
#5038=DIRECTION('',(0.,-1.,0.));
#5039=DIRECTION('',(0.,1.,0.));
#5040=DIRECTION('',(0.,-1.,0.));
#5041=DIRECTION('',(1.,0.,0.));
#5042=DIRECTION('',(0.,0.,1.));
#5043=DIRECTION('',(1.,0.,0.));
#5044=DIRECTION('',(0.,1.,0.));
#5045=DIRECTION('',(1.,0.,0.));
#5046=DIRECTION('',(0.,1.,0.));
#5047=DIRECTION('',(0.,0.,1.));
#5048=DIRECTION('',(1.,0.,0.));
#5049=DIRECTION('',(0.,1.,0.));
#5050=DIRECTION('',(1.,0.,0.));
#5051=DIRECTION('',(1.,0.,0.));
#5052=DIRECTION('',(0.,1.,0.));
#5053=DIRECTION('',(0.,0.,1.));
#5054=DIRECTION('',(0.,1.,0.));
#5055=DIRECTION('',(1.,0.,0.));
#5056=DIRECTION('',(0.,1.,0.));
#5057=DIRECTION('',(0.,0.,1.));
#5058=DIRECTION('',(0.,1.,0.));
#5059=DIRECTION('',(1.,0.,0.));
#5060=DIRECTION('',(1.,0.,0.));
#5061=DIRECTION('',(0.,1.,0.));
#5062=DIRECTION('',(0.,0.,1.));
#5063=DIRECTION('',(0.,1.,0.));
#5064=DIRECTION('',(1.,0.,0.));
#5065=DIRECTION('',(0.,1.,0.));
#5066=DIRECTION('',(0.,0.,1.));
#5067=DIRECTION('',(-1.,0.,0.));
#5068=DIRECTION('',(0.,0.,1.));
#5069=DIRECTION('',(1.,0.,0.));
#5070=DIRECTION('',(0.,1.,0.));
#5071=DIRECTION('',(0.,-1.,0.));
#5072=DIRECTION('',(0.,1.,0.));
#5073=DIRECTION('',(1.,0.,0.));
#5074=DIRECTION('',(0.,1.,0.));
#5075=DIRECTION('',(0.,0.,1.));
#5076=DIRECTION('',(0.,0.,1.));
#5077=DIRECTION('',(1.,0.,0.));
#5078=DIRECTION('',(0.,-1.,0.));
#5079=DIRECTION('',(0.,1.,0.));
#5080=DIRECTION('',(0.,-1.,0.));
#5081=DIRECTION('',(1.,0.,0.));
#5082=DIRECTION('',(0.,0.,1.));
#5083=DIRECTION('',(1.,0.,0.));
#5084=DIRECTION('',(0.,1.,0.));
#5085=DIRECTION('',(1.,0.,0.));
#5086=DIRECTION('',(0.,1.,0.));
#5087=DIRECTION('',(0.,0.,1.));
#5088=DIRECTION('',(1.,0.,0.));
#5089=DIRECTION('',(0.,1.,0.));
#5090=DIRECTION('',(1.,0.,0.));
#5091=DIRECTION('',(1.,0.,0.));
#5092=DIRECTION('',(0.,1.,0.));
#5093=DIRECTION('',(0.,0.,1.));
#5094=DIRECTION('',(0.,1.,0.));
#5095=DIRECTION('',(1.,0.,0.));
#5096=DIRECTION('',(0.,1.,0.));
#5097=DIRECTION('',(0.,0.,1.));
#5098=DIRECTION('',(0.,1.,0.));
#5099=DIRECTION('',(1.,0.,0.));
#5100=DIRECTION('',(1.,0.,0.));
#5101=DIRECTION('',(0.,1.,0.));
#5102=DIRECTION('',(0.,0.,1.));
#5103=DIRECTION('',(0.,1.,0.));
#5104=DIRECTION('',(1.,0.,0.));
#5105=DIRECTION('',(0.,1.,0.));
#5106=DIRECTION('',(0.,0.,1.));
#5107=DIRECTION('',(-1.,0.,0.));
#5108=DIRECTION('',(0.,0.,1.));
#5109=DIRECTION('',(1.,0.,0.));
#5110=DIRECTION('',(0.,1.,0.));
#5111=DIRECTION('',(0.,-1.,0.));
#5112=DIRECTION('',(0.,1.,0.));
#5113=DIRECTION('',(1.,0.,0.));
#5114=DIRECTION('',(0.,1.,0.));
#5115=DIRECTION('',(0.,0.,1.));
#5116=DIRECTION('',(0.,0.,1.));
#5117=DIRECTION('',(1.,0.,0.));
#5118=DIRECTION('',(0.,-1.,0.));
#5119=DIRECTION('',(0.,1.,0.));
#5120=DIRECTION('',(0.,-1.,0.));
#5121=DIRECTION('',(1.,0.,0.));
#5122=DIRECTION('',(0.,0.,1.));
#5123=DIRECTION('',(1.,0.,0.));
#5124=DIRECTION('',(0.,1.,0.));
#5125=DIRECTION('',(1.,0.,0.));
#5126=DIRECTION('',(0.,1.,0.));
#5127=DIRECTION('',(0.,0.,1.));
#5128=DIRECTION('',(1.,0.,0.));
#5129=DIRECTION('',(0.,1.,0.));
#5130=DIRECTION('',(1.,0.,0.));
#5131=DIRECTION('',(1.,0.,0.));
#5132=DIRECTION('',(0.,1.,0.));
#5133=DIRECTION('',(0.,0.,1.));
#5134=DIRECTION('',(0.,1.,0.));
#5135=DIRECTION('',(1.,0.,0.));
#5136=DIRECTION('',(0.,1.,0.));
#5137=DIRECTION('',(0.,0.,1.));
#5138=DIRECTION('',(0.,1.,0.));
#5139=DIRECTION('',(1.,0.,0.));
#5140=DIRECTION('',(1.,0.,0.));
#5141=DIRECTION('',(0.,1.,0.));
#5142=DIRECTION('',(0.,0.,1.));
#5143=DIRECTION('',(0.,1.,0.));
#5144=DIRECTION('',(1.,0.,0.));
#5145=DIRECTION('',(0.,1.,0.));
#5146=DIRECTION('',(0.,0.,1.));
#5147=DIRECTION('',(-1.,0.,0.));
#5148=DIRECTION('',(0.,0.,1.));
#5149=DIRECTION('',(1.,0.,0.));
#5150=DIRECTION('',(0.,1.,0.));
#5151=DIRECTION('',(0.,-1.,0.));
#5152=DIRECTION('',(0.,1.,0.));
#5153=DIRECTION('',(1.,0.,0.));
#5154=DIRECTION('',(0.,1.,0.));
#5155=DIRECTION('',(0.,0.,1.));
#5156=DIRECTION('',(0.,0.,1.));
#5157=DIRECTION('',(1.,0.,0.));
#5158=DIRECTION('',(0.,-1.,0.));
#5159=DIRECTION('',(0.,1.,0.));
#5160=DIRECTION('',(0.,-1.,0.));
#5161=DIRECTION('',(1.,0.,0.));
#5162=DIRECTION('',(0.,0.,1.));
#5163=DIRECTION('',(1.,0.,0.));
#5164=DIRECTION('',(0.,0.,1.));
#5165=DIRECTION('',(1.,0.,0.));
#5166=DIRECTION('',(0.,-1.,0.));
#5167=DIRECTION('',(1.,0.,0.));
#5168=DIRECTION('',(0.,-1.,0.));
#5169=DIRECTION('',(1.,0.,0.));
#5170=DIRECTION('',(0.,1.,0.));
#5171=DIRECTION('',(1.,0.,0.));
#5172=DIRECTION('',(0.,0.,1.));
#5173=DIRECTION('',(-1.,0.,0.));
#5174=DIRECTION('',(0.,0.,-1.));
#5175=DIRECTION('',(0.,0.,1.));
#5176=DIRECTION('',(1.,0.,0.));
#5177=DIRECTION('',(-1.,0.,0.));
#5178=DIRECTION('',(0.,-1.,0.));
#5179=DIRECTION('',(-1.,0.,0.));
#5180=DIRECTION('',(0.,-1.,0.));
#5181=DIRECTION('',(0.,0.,1.));
#5182=DIRECTION('',(1.,0.,0.));
#5183=DIRECTION('',(0.,-1.,0.));
#5184=DIRECTION('',(-1.,0.,0.));
#5185=DIRECTION('',(0.,1.,0.));
#5186=DIRECTION('',(1.,0.,0.));
#5187=DIRECTION('',(0.,0.,1.));
#5188=DIRECTION('',(1.,0.,0.));
#5189=DIRECTION('',(-1.,0.,0.));
#5190=DIRECTION('',(0.,-1.,0.));
#5191=DIRECTION('',(-1.,0.,0.));
#5192=DIRECTION('',(0.,-1.,0.));
#5193=DIRECTION('',(0.,0.,1.));
#5194=DIRECTION('',(1.,0.,0.));
#5195=DIRECTION('',(0.,-1.,0.));
#5196=DIRECTION('',(-1.,0.,0.));
#5197=DIRECTION('',(0.,1.,0.));
#5198=DIRECTION('',(1.,0.,0.));
#5199=DIRECTION('',(0.,0.,1.));
#5200=DIRECTION('',(1.,0.,0.));
#5201=DIRECTION('',(0.,1.,0.));
#5202=DIRECTION('',(1.,0.,0.));
#5203=DIRECTION('',(0.,-1.,0.));
#5204=DIRECTION('',(-1.,0.,0.));
#5205=DIRECTION('',(0.,0.,1.));
#5206=DIRECTION('',(1.,0.,0.));
#5207=DIRECTION('',(-1.,0.,0.));
#5208=DIRECTION('',(0.,-1.,0.));
#5209=DIRECTION('',(-1.,0.,0.));
#5210=DIRECTION('',(0.,-1.,0.));
#5211=DIRECTION('',(0.,0.,1.));
#5212=DIRECTION('',(1.,0.,0.));
#5213=DIRECTION('',(0.,1.,0.));
#5214=DIRECTION('',(1.,0.,0.));
#5215=DIRECTION('',(0.,-1.,0.));
#5216=DIRECTION('',(1.,0.,0.));
#5217=DIRECTION('',(0.,0.,1.));
#5218=DIRECTION('',(1.,0.,0.));
#5219=DIRECTION('',(-1.,0.,0.));
#5220=DIRECTION('',(0.,-1.,0.));
#5221=DIRECTION('',(-1.,0.,0.));
#5222=DIRECTION('',(0.,-1.,0.));
#5223=DIRECTION('',(0.,0.,1.));
#5224=DIRECTION('',(1.,0.,0.));
#5225=DIRECTION('',(0.,1.,0.));
#5226=DIRECTION('',(1.,0.,0.));
#5227=DIRECTION('',(0.,-1.,0.));
#5228=DIRECTION('',(1.,0.,0.));
#5229=DIRECTION('',(0.,0.,1.));
#5230=DIRECTION('',(1.,0.,0.));
#5231=DIRECTION('',(0.,-1.,0.));
#5232=DIRECTION('',(1.,0.,0.));
#5233=DIRECTION('',(0.,-1.,0.));
#5234=DIRECTION('',(1.,0.,0.));
#5235=DIRECTION('',(0.,0.,1.));
#5236=DIRECTION('',(1.,0.,0.));
#5237=DIRECTION('',(0.,-1.,0.));
#5238=DIRECTION('',(-1.,0.,0.));
#5239=DIRECTION('',(0.,1.,0.));
#5240=DIRECTION('',(1.,0.,0.));
#5241=DIRECTION('',(0.,0.683788459129312,0.729680302023812));
#5242=DIRECTION('',(1.,0.,0.));
#5243=DIRECTION('',(0.,-0.729680302023812,0.683788459129312));
#5244=DIRECTION('',(0.,-0.729680302023812,0.683788459129312));
#5245=DIRECTION('',(1.,0.,0.));
#5246=DIRECTION('',(0.,1.,0.));
#5247=DIRECTION('',(0.,0.,1.));
#5248=DIRECTION('',(0.,0.,1.));
#5249=DIRECTION('',(0.,0.,1.));
#5250=DIRECTION('',(0.,0.,1.));
#5251=DIRECTION('',(1.,0.,0.));
#5252=DIRECTION('',(0.,0.,-1.));
#5253=DIRECTION('',(0.,1.,0.));
#5254=DIRECTION('',(0.,1.,0.));
#5255=DIRECTION('',(1.,0.,0.));
#5256=DIRECTION('',(0.,0.,-1.));
#5257=DIRECTION('',(1.,0.,0.));
#5258=DIRECTION('',(0.,0.,1.));
#5259=DIRECTION('',(-1.,0.,0.));
#5260=DIRECTION('',(0.,1.,0.));
#5261=DIRECTION('',(1.,0.,0.));
#5262=DIRECTION('',(-1.,0.,0.));
#5263=DIRECTION('',(0.,0.,1.));
#5264=DIRECTION('',(1.,0.,0.));
#5265=DIRECTION('',(0.,0.,1.));
#5266=DIRECTION('',(0.,0.683788459129208,0.729680302023909));
#5267=DIRECTION('',(1.,0.,0.));
#5268=DIRECTION('',(0.,0.729680302023909,-0.683788459129208));
#5269=DIRECTION('',(1.,0.,0.));
#5270=DIRECTION('',(0.,-0.729680302023909,0.683788459129208));
#5271=DIRECTION('',(0.,1.,0.));
#5272=DIRECTION('',(1.,0.,0.));
#5273=DIRECTION('',(1.,0.,0.));
#5274=DIRECTION('',(0.,0.,1.));
#5275=DIRECTION('',(-1.,0.,0.));
#5276=DIRECTION('',(0.,0.,-1.));
#5277=DIRECTION('',(0.,0.,1.));
#5278=DIRECTION('',(1.,0.,0.));
#5279=DIRECTION('',(-1.,0.,0.));
#5280=DIRECTION('',(0.,-1.,0.));
#5281=DIRECTION('',(-1.,0.,0.));
#5282=DIRECTION('',(0.,-1.,0.));
#5283=DIRECTION('',(0.,0.,1.));
#5284=DIRECTION('',(1.,0.,0.));
#5285=DIRECTION('',(0.,-1.,0.));
#5286=DIRECTION('',(-1.,0.,0.));
#5287=DIRECTION('',(0.,1.,0.));
#5288=DIRECTION('',(1.,0.,0.));
#5289=DIRECTION('',(0.,0.,1.));
#5290=DIRECTION('',(1.,0.,0.));
#5291=DIRECTION('',(0.,-1.,0.));
#5292=DIRECTION('',(-1.,0.,0.));
#5293=DIRECTION('',(0.,-1.,0.));
#5294=DIRECTION('',(1.,0.,0.));
#5295=DIRECTION('',(0.,-1.,0.));
#5296=DIRECTION('',(-1.,0.,0.));
#5297=DIRECTION('',(0.,-1.,0.));
#5298=DIRECTION('',(1.,0.,0.));
#5299=DIRECTION('',(-1.,0.,0.));
#5300=DIRECTION('',(0.,-1.,0.));
#5301=DIRECTION('',(1.,0.,0.));
#5302=DIRECTION('',(0.,-1.,0.));
#5303=DIRECTION('',(1.,0.,0.));
#5304=DIRECTION('',(0.,-1.,0.));
#5305=DIRECTION('',(1.,0.,0.));
#5306=DIRECTION('',(0.,-1.,0.));
#5307=DIRECTION('',(1.,0.,0.));
#5308=DIRECTION('',(0.,-1.,0.));
#5309=DIRECTION('',(1.,0.,0.));
#5310=DIRECTION('',(0.,1.,0.));
#5311=DIRECTION('',(1.,0.,0.));
#5312=DIRECTION('',(-1.,0.,0.));
#5313=DIRECTION('',(0.,0.,-1.));
#5314=DIRECTION('',(0.,0.,1.));
#5315=DIRECTION('',(0.,1.,0.));
#5316=DIRECTION('',(1.,0.,0.));
#5317=DIRECTION('',(0.,0.,-1.));
#5318=DIRECTION('',(0.,0.,-1.));
#5319=DIRECTION('',(-1.,0.,0.));
#5320=DIRECTION('',(0.,1.,0.));
#5321=DIRECTION('',(1.,0.,0.));
#5322=DIRECTION('',(-1.,0.,0.));
#5323=DIRECTION('',(0.,0.,-1.));
#5324=DIRECTION('',(0.,0.,1.));
#5325=DIRECTION('',(0.,1.,0.));
#5326=DIRECTION('',(1.,0.,0.));
#5327=DIRECTION('',(0.,0.,-1.));
#5328=DIRECTION('',(0.,0.,-1.));
#5329=DIRECTION('',(-1.,0.,0.));
#5330=DIRECTION('',(0.,1.,0.));
#5331=DIRECTION('',(1.,0.,0.));
#5332=DIRECTION('',(0.,1.,0.));
#5333=DIRECTION('',(0.,0.,1.));
#5334=DIRECTION('',(-1.,0.,0.));
#5335=DIRECTION('',(0.,1.,0.));
#5336=DIRECTION('',(0.,0.,1.));
#5337=DIRECTION('',(0.,1.,0.));
#5338=DIRECTION('',(1.,0.,0.));
#5339=DIRECTION('',(0.,0.,-1.));
#5340=DIRECTION('',(-1.,0.,0.));
#5341=DIRECTION('',(0.,0.,-1.));
#5342=DIRECTION('',(1.,0.,0.));
#5343=DIRECTION('',(0.,1.,0.));
#5344=DIRECTION('',(1.,0.,0.));
#5345=DIRECTION('',(0.,0.,-1.));
#5346=DIRECTION('',(1.,0.,0.));
#5347=DIRECTION('',(0.,1.,0.));
#5348=DIRECTION('',(1.,0.,0.));
#5349=DIRECTION('',(0.,0.,-1.));
#5350=DIRECTION('',(0.,1.,0.));
#5351=DIRECTION('',(1.,0.,0.));
#5352=DIRECTION('',(0.,0.,-1.));
#5353=DIRECTION('',(-1.,0.,0.));
#5354=DIRECTION('',(0.,0.,1.));
#5355=DIRECTION('',(0.,0.,-1.));
#5356=DIRECTION('',(-1.,0.,0.));
#5357=DIRECTION('',(0.,0.,1.));
#5358=DIRECTION('',(0.,0.,1.));
#5359=DIRECTION('',(1.,0.,0.));
#5360=DIRECTION('',(0.,0.,1.));
#5361=DIRECTION('',(-1.,0.,0.));
#5362=DIRECTION('',(0.,1.,0.));
#5363=DIRECTION('',(1.,0.,0.));
#5364=DIRECTION('',(0.,0.,-1.));
#5365=DIRECTION('',(-1.,0.,0.));
#5366=DIRECTION('',(1.,0.,0.));
#5367=DIRECTION('',(0.,0.,-1.));
#5368=DIRECTION('',(-1.,0.,0.));
#5369=DIRECTION('',(0.,0.,1.));
#5370=DIRECTION('',(1.,0.,0.));
#5371=DIRECTION('',(0.,-1.,0.));
#5372=DIRECTION('',(-1.,0.,0.));
#5373=DIRECTION('',(0.,-1.,0.));
#5374=DIRECTION('',(-1.,0.,0.));
#5375=DIRECTION('',(0.,1.,0.));
#5376=DIRECTION('',(-1.,0.,0.));
#5377=DIRECTION('',(1.,0.,0.));
#5378=DIRECTION('',(0.,0.,-1.));
#5379=DIRECTION('',(-1.,0.,0.));
#5380=DIRECTION('',(-1.,0.,0.));
#5381=DIRECTION('',(0.,1.,0.));
#5382=DIRECTION('',(-1.,0.,0.));
#5383=DIRECTION('',(1.,0.,0.));
#5384=DIRECTION('',(0.,0.,-1.));
#5385=DIRECTION('',(-1.,0.,0.));
#5386=DIRECTION('',(0.,0.,1.));
#5387=DIRECTION('',(1.,0.,0.));
#5388=DIRECTION('',(0.,-1.,0.));
#5389=DIRECTION('',(-1.,0.,0.));
#5390=DIRECTION('',(0.,-1.,0.));
#5391=DIRECTION('',(0.,0.,-1.));
#5392=DIRECTION('',(-1.,0.,0.));
#5393=DIRECTION('',(0.,0.,1.));
#5394=DIRECTION('',(0.,0.,1.));
#5395=DIRECTION('',(1.,0.,0.));
#5396=DIRECTION('',(0.,0.,1.));
#5397=DIRECTION('',(0.,0.,1.));
#5398=DIRECTION('',(1.,0.,0.));
#5399=DIRECTION('',(0.,0.,1.));
#5400=DIRECTION('',(1.,0.,0.));
#5401=DIRECTION('',(0.,0.,-1.));
#5402=DIRECTION('',(0.,0.,-1.));
#5403=DIRECTION('',(0.,1.,0.));
#5404=DIRECTION('',(1.,0.,0.));
#5405=DIRECTION('',(0.,0.,1.));
#5406=DIRECTION('',(0.,0.,-1.));
#5407=DIRECTION('',(1.,0.,0.));
#5408=DIRECTION('',(0.,0.,1.));
#5409=DIRECTION('',(0.,0.,-1.));
#5410=DIRECTION('',(1.,0.,0.));
#5411=DIRECTION('',(0.,1.,0.));
#5412=DIRECTION('',(0.,1.,0.));
#5413=DIRECTION('',(0.,1.,0.));
#5414=DIRECTION('',(1.,0.,0.));
#5415=DIRECTION('',(0.,0.,-1.));
#5416=DIRECTION('',(-1.,0.,0.));
#5417=DIRECTION('',(0.,0.,-1.));
#5418=DIRECTION('',(0.,1.,0.));
#5419=DIRECTION('',(-1.,0.,0.));
#5420=DIRECTION('',(0.,-1.,0.));
#5421=DIRECTION('',(0.,1.,0.));
#5422=DIRECTION('',(1.,0.,0.));
#5423=DIRECTION('',(0.,1.,0.));
#5424=DIRECTION('',(0.,1.,0.));
#5425=DIRECTION('',(1.,0.,0.));
#5426=DIRECTION('',(0.,1.,0.));
#5427=DIRECTION('',(0.,-1.,0.));
#5428=DIRECTION('',(0.,-1.,0.));
#5429=DIRECTION('',(0.,-1.,0.));
#5430=DIRECTION('',(0.,0.,1.));
#5431=DIRECTION('',(1.,0.,0.));
#5432=DIRECTION('',(0.,1.,0.));
#5433=DIRECTION('',(0.,0.729680302023909,-0.683788459129208));
#5434=DIRECTION('',(0.,-1.,0.));
#5435=DIRECTION('',(0.,0.,-1.));
#5436=DIRECTION('',(0.,0.,1.));
#5437=DIRECTION('',(1.,0.,0.));
#5438=DIRECTION('',(0.,1.,0.));
#5439=DIRECTION('',(0.,1.,0.));
#5440=DIRECTION('',(1.,0.,0.));
#5441=DIRECTION('',(0.,1.,0.));
#5442=DIRECTION('',(0.,1.,0.));
#5443=DIRECTION('',(0.,0.,1.));
#5444=DIRECTION('',(1.,0.,0.));
#5445=DIRECTION('',(0.,1.,0.));
#5446=DIRECTION('',(0.,1.,0.));
#5447=DIRECTION('',(0.,1.,0.));
#5448=DIRECTION('',(0.,1.,0.));
#5449=DIRECTION('',(0.,1.,0.));
#5450=DIRECTION('',(1.,0.,0.));
#5451=DIRECTION('',(0.,1.,0.));
#5452=DIRECTION('',(0.,0.,1.));
#5453=DIRECTION('',(0.,0.,1.));
#5454=DIRECTION('',(0.,0.,1.));
#5455=DIRECTION('',(0.,0.,1.));
#5456=DIRECTION('',(0.,-0.729680302023812,0.683788459129312));
#5457=DIRECTION('',(1.,0.,0.));
#5458=DIRECTION('',(0.,0.,-1.));
#5459=DIRECTION('',(0.,0.,1.));
#5460=DIRECTION('',(0.,0.,1.));
#5461=DIRECTION('',(1.,0.,0.));
#5462=DIRECTION('',(0.,-1.,0.));
#5463=DIRECTION('',(0.,0.,1.));
#5464=DIRECTION('',(1.,0.,0.));
#5465=DIRECTION('',(0.,1.,0.));
#5466=DIRECTION('',(0.,1.,0.));
#5467=DIRECTION('',(1.,0.,0.));
#5468=DIRECTION('',(1.,0.,0.));
#5469=DIRECTION('',(0.,0.,-1.));
#5470=DIRECTION('',(0.,0.,1.));
#5471=DIRECTION('',(1.,0.,0.));
#5472=DIRECTION('',(0.,-1.,0.));
#5473=DIRECTION('',(0.,-1.,0.));
#5474=DIRECTION('',(0.,0.683788459129208,0.729680302023909));
#5475=DIRECTION('',(1.,0.,0.));
#5476=DIRECTION('',(0.,-0.729680302023909,0.683788459129208));
#5477=DIRECTION('',(0.,1.,0.));
#5478=DIRECTION('',(1.,0.,0.));
#5479=DIRECTION('',(0.,0.,1.));
#5480=DIRECTION('',(0.,1.,0.));
#5481=DIRECTION('',(1.,0.,0.));
#5482=DIRECTION('',(0.,0.,1.));
#5483=DIRECTION('',(1.,0.,0.));
#5484=DIRECTION('',(0.,1.,0.));
#5485=DIRECTION('',(1.,0.,0.));
#5486=DIRECTION('',(0.,1.,0.));
#5487=DIRECTION('',(1.,0.,0.));
#5488=DIRECTION('',(0.,1.,0.));
#5489=DIRECTION('',(1.,0.,0.));
#5490=DIRECTION('',(0.,1.,0.));
#5491=DIRECTION('',(1.,0.,0.));
#5492=DIRECTION('',(0.,1.,0.));
#5493=DIRECTION('',(1.,0.,0.));
#5494=DIRECTION('',(0.,1.,0.));
#5495=DIRECTION('',(0.,-1.,0.));
#5496=DIRECTION('',(1.,0.,0.));
#5497=DIRECTION('',(0.,-1.,0.));
#5498=DIRECTION('',(-1.,0.,0.));
#5499=DIRECTION('',(0.,-1.,0.));
#5500=DIRECTION('',(1.,0.,0.));
#5501=DIRECTION('',(0.,0.,-1.));
#5502=DIRECTION('',(0.,1.,0.));
#5503=DIRECTION('',(1.,0.,0.));
#5504=DIRECTION('',(0.,0.,1.));
#5505=DIRECTION('',(0.,1.,0.));
#5506=DIRECTION('',(1.,0.,0.));
#5507=DIRECTION('',(0.,0.,-1.));
#5508=DIRECTION('',(0.,1.,0.));
#5509=DIRECTION('',(1.,0.,0.));
#5510=DIRECTION('',(0.,0.,1.));
#5511=DIRECTION('',(0.,1.,0.));
#5512=DIRECTION('',(1.,0.,0.));
#5513=DIRECTION('',(0.,0.,-1.));
#5514=DIRECTION('',(0.,1.,0.));
#5515=DIRECTION('',(1.,0.,0.));
#5516=DIRECTION('',(0.,0.,-1.));
#5517=DIRECTION('',(0.,1.,0.));
#5518=DIRECTION('',(1.,0.,0.));
#5519=DIRECTION('',(0.,0.,1.));
#5520=DIRECTION('',(0.,1.,0.));
#5521=DIRECTION('',(1.,0.,0.));
#5522=DIRECTION('',(0.,0.,-1.));
#5523=DIRECTION('',(0.,1.,0.));
#5524=DIRECTION('',(1.,0.,0.));
#5525=DIRECTION('',(0.,0.,1.));
#5526=DIRECTION('',(-1.,0.,0.));
#5527=DIRECTION('',(0.,-1.,0.));
#5528=DIRECTION('',(1.,0.,0.));
#5529=DIRECTION('',(0.,0.,-1.));
#5530=DIRECTION('',(-1.,0.,0.));
#5531=DIRECTION('',(0.,1.,0.));
#5532=DIRECTION('',(1.,0.,0.));
#5533=DIRECTION('',(0.,0.,-1.));
#5534=DIRECTION('',(0.,0.683788459129312,0.729680302023812));
#5535=DIRECTION('',(1.,0.,0.));
#5536=DIRECTION('',(0.,-0.729680302023812,0.683788459129312));
#5537=DIRECTION('',(1.,0.,0.));
#5538=DIRECTION('',(0.,1.,0.));
#5539=DIRECTION('',(1.,0.,0.));
#5540=DIRECTION('',(0.,1.,0.));
#5541=DIRECTION('',(0.,0.,1.));
#5542=DIRECTION('',(1.,0.,0.));
#5543=CARTESIAN_POINT('',(0.,0.,0.));
#5544=CARTESIAN_POINT('',(0.,0.,0.));
#5545=CARTESIAN_POINT('',(0.,0.,0.));
#5546=CARTESIAN_POINT('',(-0.2745335309392,0.13,0.07));
#5547=CARTESIAN_POINT('',(-0.275,0.13,0.07));
#5548=CARTESIAN_POINT('',(-0.275000000005,0.1,0.07000000001));
#5549=CARTESIAN_POINT('',(-0.27500000001,0.130000000005,0.04));
#5550=CARTESIAN_POINT('',(-0.2745335309392,0.1,0.07));
#5551=CARTESIAN_POINT('',(-0.274645268311467,0.100000000005,0.070000000005));
#5552=CARTESIAN_POINT('',(-0.2746452683098,0.13,0.07));
#5553=CARTESIAN_POINT('',(-0.2746452683098,0.130000000000417,0.04));
#5554=CARTESIAN_POINT('',(-0.2745335309392,0.13,0.04));
#5555=CARTESIAN_POINT('',(-0.2748226341549,0.1,0.08));
#5556=CARTESIAN_POINT('',(-0.2745335309392,0.1,0.09));
#5557=CARTESIAN_POINT('',(-0.2746452683098,0.1,0.09));
#5558=CARTESIAN_POINT('',(-0.275,0.1,0.09));
#5559=CARTESIAN_POINT('',(-0.2746452683098,0.1,-0.1030162364034));
#5560=CARTESIAN_POINT('',(-0.275,0.1,0.08));
#5561=CARTESIAN_POINT('',(-0.269,-0.01128,-0.304));
#5562=CARTESIAN_POINT('',(-0.269,0.564,-0.304));
#5563=CARTESIAN_POINT('',(-0.2746452683098,0.564,-0.306032472806797));
#5564=CARTESIAN_POINT('',(-0.275,0.563999990163482,-0.30400000001));
#5565=CARTESIAN_POINT('',(-0.2746452683098,-0.01128,-0.306032472806797));
#5566=CARTESIAN_POINT('',(-0.274645268315464,0.,-0.306032472814538));
#5567=CARTESIAN_POINT('',(-0.269,0.,-0.304));
#5568=CARTESIAN_POINT('',(-0.275000000005466,0.,-0.304000000012007));
#5569=CARTESIAN_POINT('',(-0.275,-0.01128,-0.304));
#5570=CARTESIAN_POINT('',(-0.269,0.564,-0.29482));
#5571=CARTESIAN_POINT('',(-0.269,0.564,-0.295));
#5572=CARTESIAN_POINT('',(-0.274645268309624,0.566032472807025,-0.295));
#5573=CARTESIAN_POINT('',(-0.275,0.564000000004339,-0.29500000001));
#5574=CARTESIAN_POINT('',(-0.2746452683098,0.566032472806797,-0.29482));
#5575=CARTESIAN_POINT('',(-0.2746452683098,0.566032472806797,-0.304));
#5576=CARTESIAN_POINT('',(-0.269,0.564,-0.304));
#5577=CARTESIAN_POINT('',(-0.275,0.564,-0.29482));
#5578=CARTESIAN_POINT('',(-0.269,0.587729654338799,-0.279));
#5579=CARTESIAN_POINT('',(-0.274645268305769,0.587578092499,-0.281032472818013));
#5580=CARTESIAN_POINT('',(-0.274880570454184,0.587578092497925,-0.280378912411637));
#5581=CARTESIAN_POINT('',(-0.274999999998191,0.587578092496776,-0.279694628194314));
#5582=CARTESIAN_POINT('',(-0.275000000000039,0.587578092495567,-0.279000000016055));
#5583=CARTESIAN_POINT('',(-0.274645268307784,0.587578092499207,-0.281032472812405));
#5584=CARTESIAN_POINT('',(-0.275000000000013,0.587578092499,-0.279000000011004));
#5585=CARTESIAN_POINT('',(-0.2746452683098,0.587729654338799,-0.281032472806797));
#5586=CARTESIAN_POINT('',(-0.274645268309624,0.58,-0.281032472807025));
#5587=CARTESIAN_POINT('',(-0.269,0.58,-0.279));
#5588=CARTESIAN_POINT('',(-0.275,0.580000000006665,-0.279000000004337));
#5589=CARTESIAN_POINT('',(-0.275,0.587729654338799,-0.279));
#5590=CARTESIAN_POINT('',(-0.269,0.624635275904201,0.00575157349135098));
#5591=CARTESIAN_POINT('',(-0.269,0.623958620199336,0.));
#5592=CARTESIAN_POINT('',(-0.274645268311134,0.626005110235285,8.40937089013555E-14));
#5593=CARTESIAN_POINT('',(-0.275000000001667,0.623958619045622,-9.84164916556317E-9));
#5594=CARTESIAN_POINT('',(-0.2746452683098,0.626653827500541,0.00551409683295805));
#5595=CARTESIAN_POINT('',(-0.2746452683098,0.593569246500798,-0.275704841664856));
#5596=CARTESIAN_POINT('',(-0.274645268305055,0.593569246513736,-0.275704841667658));
#5597=CARTESIAN_POINT('',(-0.274879397802939,0.592923397373228,-0.275628859414659));
#5598=CARTESIAN_POINT('',(-0.275000000000005,0.592237127264256,-0.275548121753606));
#5599=CARTESIAN_POINT('',(-0.275,0.591550694904677,-0.275467365004246));
#5600=CARTESIAN_POINT('',(-0.275000000000013,0.591550694916902,-0.275467365002142));
#5601=CARTESIAN_POINT('',(-0.275,0.624635275904201,0.00575157349135098));
#5602=CARTESIAN_POINT('',(-0.2745335309392,0.265,0.01));
#5603=CARTESIAN_POINT('',(-0.275,0.265,0.01));
#5604=CARTESIAN_POINT('',(-0.275000000008333,0.255,0.01000000001));
#5605=CARTESIAN_POINT('',(-0.275000000008333,0.265000000005,0.));
#5606=CARTESIAN_POINT('',(-0.2745335309392,0.255,0.01));
#5607=CARTESIAN_POINT('',(-0.274645268311467,0.255,0.0100000000033333));
#5608=CARTESIAN_POINT('',(-0.2746452683098,0.265,0.01));
#5609=CARTESIAN_POINT('',(-0.2746452683098,0.265000000006667,1.16471119891229E-24));
#5610=CARTESIAN_POINT('',(-0.2745335309392,0.265,0.));
#5611=CARTESIAN_POINT('',(-0.2745335309392,0.245,0.03));
#5612=CARTESIAN_POINT('',(-0.275,0.245,0.03));
#5613=CARTESIAN_POINT('',(-0.274999990165814,0.255,0.030000000011667));
#5614=CARTESIAN_POINT('',(-0.27499999016748,0.245,0.04));
#5615=CARTESIAN_POINT('',(-0.2745335309392,0.245,0.04));
#5616=CARTESIAN_POINT('',(-0.274645268313133,0.245000000001667,0.04));
#5617=CARTESIAN_POINT('',(-0.2746452683098,0.245,0.03));
#5618=CARTESIAN_POINT('',(-0.2746452683098,0.255000000005,0.029999990174147));
#5619=CARTESIAN_POINT('',(-0.2745335309392,0.255,0.03));
#5620=CARTESIAN_POINT('',(-0.2748226341549,0.63,0.055));
#5621=CARTESIAN_POINT('',(-0.2748226341549,0.63,0.07));
#5622=CARTESIAN_POINT('',(-0.274645268313133,0.630000000006665,0.07000000001));
#5623=CARTESIAN_POINT('',(-0.275000000006667,0.63000000001,0.0700000000066665));
#5624=CARTESIAN_POINT('',(-0.2746452683098,0.63,-0.1030162364034));
#5625=CARTESIAN_POINT('',(-0.274645268313133,0.630000000006665,0.0400000000083335));
#5626=CARTESIAN_POINT('',(-0.2748226341549,0.63,0.04));
#5627=CARTESIAN_POINT('',(-0.275000000006667,0.63000000001,0.0400000000033335));
#5628=CARTESIAN_POINT('',(-0.275,0.63,0.055));
#5629=CARTESIAN_POINT('',(-0.2748226341549,0.168,0.055));
#5630=CARTESIAN_POINT('',(-0.2748226341549,0.168,0.07));
#5631=CARTESIAN_POINT('',(-0.27500000001,0.168000000006667,0.0700000000066665));
#5632=CARTESIAN_POINT('',(-0.274645268316467,0.168000000003333,0.0700000000066665));
#5633=CARTESIAN_POINT('',(-0.275,0.168,-0.102));
#5634=CARTESIAN_POINT('',(-0.27500000001,0.168000000005614,0.0400000000011112));
#5635=CARTESIAN_POINT('',(-0.2748226341549,0.168,0.04));
#5636=CARTESIAN_POINT('',(-0.274645268313133,0.168000000008947,0.0400000000044445));
#5637=CARTESIAN_POINT('',(-0.2746452683098,0.168,-0.1030162364034));
#5638=CARTESIAN_POINT('',(-0.2745335309392,0.09,0.09));
#5639=CARTESIAN_POINT('',(-0.2745335309392,0.09,0.1));
#5640=CARTESIAN_POINT('',(-0.2746452683148,0.090000000005,0.1));
#5641=CARTESIAN_POINT('',(-0.275000000005,0.0900000000041667,0.1));
#5642=CARTESIAN_POINT('',(-0.2746452683098,0.09,0.09));
#5643=CARTESIAN_POINT('',(-0.275,0.09,0.09));
#5644=CARTESIAN_POINT('',(-0.2751117373707,0.003,0.097));
#5645=CARTESIAN_POINT('',(-0.2751117373707,0.,0.097));
#5646=CARTESIAN_POINT('',(-0.275000000005,0.,0.097000000005));
#5647=CARTESIAN_POINT('',(-0.274645268313133,0.,0.097000000005));
#5648=CARTESIAN_POINT('',(-0.2746452683098,0.003,0.097));
#5649=CARTESIAN_POINT('',(-0.2746452683148,0.00300000000249997,0.1));
#5650=CARTESIAN_POINT('',(-0.2751117373707,0.003,0.1));
#5651=CARTESIAN_POINT('',(-0.275000000005,0.00300000000236805,0.1));
#5652=CARTESIAN_POINT('',(-0.275,0.003,0.097));
#5653=CARTESIAN_POINT('',(-0.2748226341549,0.0465,0.1));
#5654=CARTESIAN_POINT('',(-0.2746452683098,0.0465,0.1));
#5655=CARTESIAN_POINT('',(-0.275,0.0465,0.1));
#5656=CARTESIAN_POINT('',(-0.2746452683098,0.313002555113,-0.1030162364034));
#5657=CARTESIAN_POINT('',(-0.2746452683098,0.313002555113,0.04));
#5658=CARTESIAN_POINT('',(-0.2746452683098,0.,-0.1030162364034));
#5659=CARTESIAN_POINT('',(-0.2746452683098,0.564,-0.304));
#5660=CARTESIAN_POINT('',(-0.274645268309449,0.58,-0.295));
#5661=CARTESIAN_POINT('',(-0.2746452683098,0.587578092499413,-0.281032472806816));
#5662=CARTESIAN_POINT('',(-0.2746452683098,0.590527426592601,-0.281032472801805));
#5663=CARTESIAN_POINT('',(-0.2746452683098,0.593224642618688,-0.278633974599741));
#5664=CARTESIAN_POINT('',(-0.2746452683098,0.593569246500964,-0.275704841663607));
#5665=CARTESIAN_POINT('',(-0.2746452683098,0.313002555113,0.));
#5666=CARTESIAN_POINT('',(-0.2746452683098,0.255,-0.1030162364034));
#5667=CARTESIAN_POINT('',(-0.2746452683098,0.313002555113,0.04));
#5668=CARTESIAN_POINT('',(-0.2746452683098,0.313002555113,0.07));
#5669=CARTESIAN_POINT('',(-0.2748226341549,0.,-0.1045162364034));
#5670=CARTESIAN_POINT('',(-0.275,0.,-0.102));
#5671=CARTESIAN_POINT('',(-0.269,0.564,-0.304));
#5672=CARTESIAN_POINT('',(-0.269,0.58,-0.295));
#5673=CARTESIAN_POINT('',(-0.275,0.58,-0.295));
#5674=CARTESIAN_POINT('',(-0.2749998566873,0.587463019374,-0.2789568574231));
#5675=CARTESIAN_POINT('',(-0.2750048517706,0.587442010969402,-0.2796792438988));
#5676=CARTESIAN_POINT('',(-0.27488059418,0.587421314914201,-0.280390890053));
#5677=CARTESIAN_POINT('',(-0.2746310858122,0.587401597755,-0.281068876286));
#5678=CARTESIAN_POINT('',(-0.2749998566873,0.589673950134,-0.2790211555927));
#5679=CARTESIAN_POINT('',(-0.2750048517706,0.590056581868201,-0.2797552807092));
#5680=CARTESIAN_POINT('',(-0.27488059418,0.590433524697701,-0.280478490976));
#5681=CARTESIAN_POINT('',(-0.2746310858122,0.590792638630201,-0.2811674943546));
#5682=CARTESIAN_POINT('',(-0.2749998566873,0.591326822974,-0.2775513391228));
#5683=CARTESIAN_POINT('',(-0.2750048517706,0.592011212607902,-0.2780171261554));
#5684=CARTESIAN_POINT('',(-0.27488059418,0.592685426851,-0.2784759879441));
#5685=CARTESIAN_POINT('',(-0.2746310858122,0.593327751652902,-0.2789131461775));
#5686=CARTESIAN_POINT('',(-0.2749998566873,0.591521293116299,-0.2753480392241));
#5687=CARTESIAN_POINT('',(-0.2750048517706,0.592241186329402,-0.2754115792514));
#5688=CARTESIAN_POINT('',(-0.27488059418,0.592950376290402,-0.2754741745761));
#5689=CARTESIAN_POINT('',(-0.2746310858122,0.593626022505,-0.2755338092248));
#5690=CARTESIAN_POINT('',(-0.275000000000039,0.587578092499,-0.27900000002));
#5691=CARTESIAN_POINT('',(-0.275000000000039,0.589709183535555,-0.279000000014687));
#5692=CARTESIAN_POINT('',(-0.275000000000039,0.591301695585134,-0.277583859351465));
#5693=CARTESIAN_POINT('',(-0.275000000000039,0.591550694925142,-0.27546736500134));
#5694=CARTESIAN_POINT('',(-0.2748226341549,0.445502555113,0.));
#5695=CARTESIAN_POINT('',(-0.275,0.445502555113,0.));
#5696=CARTESIAN_POINT('',(-0.2748226341549,0.255,0.02));
#5697=CARTESIAN_POINT('',(-0.275,0.255,0.02));
#5698=CARTESIAN_POINT('',(-0.2748226341549,0.399,0.04));
#5699=CARTESIAN_POINT('',(-0.275,0.3119793100996,0.04));
#5700=CARTESIAN_POINT('',(-0.2748226341549,0.399,0.07));
#5701=CARTESIAN_POINT('',(-0.275,0.399,0.07));
#5702=CARTESIAN_POINT('',(-0.2748226341549,0.399,0.04));
#5703=CARTESIAN_POINT('',(-0.275,0.399,0.04));
#5704=CARTESIAN_POINT('',(-0.275,0.3119793100996,-0.102));
#5705=CARTESIAN_POINT('',(0.,0.,0.));
#5706=CARTESIAN_POINT('',(0.2751117373707,0.245,0.03));
#5707=CARTESIAN_POINT('',(0.2746452683098,0.245,0.03));
#5708=CARTESIAN_POINT('',(0.2746452683148,0.255,0.0300000000033333));
#5709=CARTESIAN_POINT('',(0.274645278155651,0.2450000000025,0.04));
#5710=CARTESIAN_POINT('',(0.2751117373707,0.245,0.04));
#5711=CARTESIAN_POINT('',(0.275000000003333,0.245,0.040000000005));
#5712=CARTESIAN_POINT('',(0.275,0.245,0.03));
#5713=CARTESIAN_POINT('',(0.275000000003333,0.255,0.0300000000116667));
#5714=CARTESIAN_POINT('',(0.2751117373707,0.255,0.03));
#5715=CARTESIAN_POINT('',(0.2748226341549,0.399,0.04));
#5716=CARTESIAN_POINT('',(0.2748226341549,0.63,0.04));
#5717=CARTESIAN_POINT('',(0.27500000001,0.630000000006665,0.040000000005));
#5718=CARTESIAN_POINT('',(0.274645268316467,0.63000000001,0.0400000000033335));
#5719=CARTESIAN_POINT('',(0.275,0.3119793100997,0.04));
#5720=CARTESIAN_POINT('',(0.2746452683098,0.313002555113,0.04));
#5721=CARTESIAN_POINT('',(0.2748226341549,0.399,0.07));
#5722=CARTESIAN_POINT('',(0.2748226341549,0.63,0.07));
#5723=CARTESIAN_POINT('',(0.27500000001,0.630000000006665,0.0700000000066665));
#5724=CARTESIAN_POINT('',(0.274645268316467,0.63000000001,0.0700000000066665));
#5725=CARTESIAN_POINT('',(0.2746452683098,0.399,0.07));
#5726=CARTESIAN_POINT('',(0.274645268313133,0.168000000005,0.07000000001));
#5727=CARTESIAN_POINT('',(0.2748226341549,0.168,0.07));
#5728=CARTESIAN_POINT('',(0.275000000006667,0.168000000003333,0.0700000000066665));
#5729=CARTESIAN_POINT('',(0.275,0.3119793100997,0.07));
#5730=CARTESIAN_POINT('',(0.2748226341549,0.399,0.04));
#5731=CARTESIAN_POINT('',(0.275,0.3119793100997,0.04));
#5732=CARTESIAN_POINT('',(0.27500000000333,0.168000000008947,0.0400000000044445));
#5733=CARTESIAN_POINT('',(0.275,0.13,0.04));
#5734=CARTESIAN_POINT('',(0.2748226341549,0.168,0.04));
#5735=CARTESIAN_POINT('',(0.2746452683198,0.168000000006667,0.0400000000033333));
#5736=CARTESIAN_POINT('',(0.2746452683098,0.399,0.04));
#5737=CARTESIAN_POINT('',(0.2746452683098,0.13,0.04));
#5738=CARTESIAN_POINT('',(0.2751117373707,0.13,0.04));
#5739=CARTESIAN_POINT('',(0.2748226341549,0.1,0.08));
#5740=CARTESIAN_POINT('',(0.2751117373707,0.1,0.07));
#5741=CARTESIAN_POINT('',(0.275,0.1,0.07));
#5742=CARTESIAN_POINT('',(0.2746452683098,0.1,0.07));
#5743=CARTESIAN_POINT('',(0.2746452683098,0.1,0.08));
#5744=CARTESIAN_POINT('',(0.2746452683098,0.1,0.09));
#5745=CARTESIAN_POINT('',(0.2751117373707,0.1,0.09));
#5746=CARTESIAN_POINT('',(0.275,0.1,0.09));
#5747=CARTESIAN_POINT('',(0.275,0.1,-0.102));
#5748=CARTESIAN_POINT('',(0.269,0.57528,-0.304));
#5749=CARTESIAN_POINT('',(0.269,0.,-0.304));
#5750=CARTESIAN_POINT('',(0.275000000005,0.,-0.30400000001));
#5751=CARTESIAN_POINT('',(0.274645268314377,0.,-0.306032472813213));
#5752=CARTESIAN_POINT('',(0.2746452683098,0.57528,-0.306032472806797));
#5753=CARTESIAN_POINT('',(0.2746452683098,0.564,-0.306032472806797));
#5754=CARTESIAN_POINT('',(0.269,0.564,-0.304));
#5755=CARTESIAN_POINT('',(0.275,0.564000000005,-0.304000000010376));
#5756=CARTESIAN_POINT('',(0.275,0.57528,-0.304));
#5757=CARTESIAN_POINT('',(0.269,0.564,-0.30418));
#5758=CARTESIAN_POINT('',(0.269,0.564,-0.304));
#5759=CARTESIAN_POINT('',(0.2746452683098,0.566032472806797,-0.304));
#5760=CARTESIAN_POINT('',(0.2746452683098,0.566032472806797,-0.30418));
#5761=CARTESIAN_POINT('',(0.274645268309738,0.566032472806877,-0.295));
#5762=CARTESIAN_POINT('',(0.269,0.564,-0.295));
#5763=CARTESIAN_POINT('',(0.275,0.564000000003335,-0.29500000001));
#5764=CARTESIAN_POINT('',(0.275,0.564,-0.30418));
#5765=CARTESIAN_POINT('',(0.269,0.579848438150201,-0.279));
#5766=CARTESIAN_POINT('',(0.269,0.58,-0.279));
#5767=CARTESIAN_POINT('',(0.275,0.580000000006665,-0.279000000001662));
#5768=CARTESIAN_POINT('',(0.274645268309738,0.58,-0.281032472806877));
#5769=CARTESIAN_POINT('',(0.2746452683098,0.579848438150201,-0.281032472806797));
#5770=CARTESIAN_POINT('',(0.27464526830793,0.587578092499,-0.281032472816969));
#5771=CARTESIAN_POINT('',(0.275000000000034,0.587578092499,-0.279000000010033));
#5772=CARTESIAN_POINT('',(0.274999999998794,0.587578092500803,-0.279694628188273));
#5773=CARTESIAN_POINT('',(0.274880570455571,0.587578092502539,-0.280378912405716));
#5774=CARTESIAN_POINT('',(0.274645268307808,0.587578092504177,-0.281032472812347));
#5775=CARTESIAN_POINT('',(0.275000000000011,0.587578092496079,-0.279000000010367));
#5776=CARTESIAN_POINT('',(0.275,0.579848438150201,-0.279));
#5777=CARTESIAN_POINT('',(0.269,0.590901977631902,-0.2809814618232));
#5778=CARTESIAN_POINT('',(0.275,0.59155069490428,-0.275467365007709));
#5779=CARTESIAN_POINT('',(0.275000000000004,0.59223712726524,-0.275548121756884));
#5780=CARTESIAN_POINT('',(0.274879397802461,0.592923397375591,-0.275628859417752));
#5781=CARTESIAN_POINT('',(0.27464526830368,0.593569246517244,-0.275704841670537));
#5782=CARTESIAN_POINT('',(0.275000000000011,0.59155069491578,-0.275467365006509));
#5783=CARTESIAN_POINT('',(0.274645268306447,0.593569246515783,-0.275704841662838));
#5784=CARTESIAN_POINT('',(0.2746452683098,0.592920529228242,-0.281218938481593));
#5785=CARTESIAN_POINT('',(0.274645268319805,0.626005110236024,0.));
#5786=CARTESIAN_POINT('',(0.269,0.623958620199309,0.));
#5787=CARTESIAN_POINT('',(0.275000000001667,0.623958620209319,1.93849828114436E-13));
#5788=CARTESIAN_POINT('',(0.275,0.590901977631902,-0.2809814618232));
#5789=CARTESIAN_POINT('',(0.2751117373707,0.265,0.01));
#5790=CARTESIAN_POINT('',(0.275,0.265,0.01));
#5791=CARTESIAN_POINT('',(0.275000000005,0.265000000008333,0.));
#5792=CARTESIAN_POINT('',(0.275000000003331,0.255000000005,0.01000000001));
#5793=CARTESIAN_POINT('',(0.2751117373707,0.265,0.));
#5794=CARTESIAN_POINT('',(0.274645268313133,0.265000000003333,0.));
#5795=CARTESIAN_POINT('',(0.2746452683098,0.265,0.01));
#5796=CARTESIAN_POINT('',(0.2746452683148,0.255,0.010000000015));
#5797=CARTESIAN_POINT('',(0.2751117373707,0.255,0.01));
#5798=CARTESIAN_POINT('',(0.2745335309392,0.003,0.097));
#5799=CARTESIAN_POINT('',(0.2745335309392,0.003,0.1));
#5800=CARTESIAN_POINT('',(0.2746452683148,0.003,0.1));
#5801=CARTESIAN_POINT('',(0.275000000005,0.00300000000333334,0.1));
#5802=CARTESIAN_POINT('',(0.2746452683098,0.003,0.097));
#5803=CARTESIAN_POINT('',(0.274645268309795,0.,0.0969999901574803));
#5804=CARTESIAN_POINT('',(0.2745335309392,0.,0.097));
#5805=CARTESIAN_POINT('',(0.275000000003333,0.,0.097));
#5806=CARTESIAN_POINT('',(0.275,0.003,0.097));
#5807=CARTESIAN_POINT('',(0.2751117373707,0.09,0.09));
#5808=CARTESIAN_POINT('',(0.2746452683098,0.09,0.09));
#5809=CARTESIAN_POINT('',(0.2746452683148,0.0900000000141667,0.1));
#5810=CARTESIAN_POINT('',(0.2751117373707,0.09,0.1));
#5811=CARTESIAN_POINT('',(0.275000000005,0.090000000005,0.1));
#5812=CARTESIAN_POINT('',(0.275,0.09,0.09));
#5813=CARTESIAN_POINT('',(0.2748226341549,0.0465,0.1));
#5814=CARTESIAN_POINT('',(0.2746452683098,0.0465,0.1));
#5815=CARTESIAN_POINT('',(0.275,0.0465,0.1));
#5816=CARTESIAN_POINT('',(0.2746452683098,0.313002555113,-0.1030162364034));
#5817=CARTESIAN_POINT('',(0.2746452683098,0.445502555113,0.));
#5818=CARTESIAN_POINT('',(0.274645268304601,0.587578092499,-0.281032472821255));
#5819=CARTESIAN_POINT('',(0.274645268304601,0.590792029676488,-0.281032472816015));
#5820=CARTESIAN_POINT('',(0.274645268304601,0.593193726081917,-0.278896765308592));
#5821=CARTESIAN_POINT('',(0.274645268304601,0.593569246516032,-0.275704841659104));
#5822=CARTESIAN_POINT('',(0.274645268309676,0.58,-0.295));
#5823=CARTESIAN_POINT('',(0.2746452683098,0.564,-0.304));
#5824=CARTESIAN_POINT('',(0.2746452683098,0.,-0.1030162364034));
#5825=CARTESIAN_POINT('',(0.2746452683098,0.13,0.07));
#5826=CARTESIAN_POINT('',(0.2746452683098,0.168,-0.1030162364034));
#5827=CARTESIAN_POINT('',(0.2746452683098,0.63,0.055));
#5828=CARTESIAN_POINT('',(0.2746452683098,0.255,0.02));
#5829=CARTESIAN_POINT('',(0.2748226341549,0.63,0.055));
#5830=CARTESIAN_POINT('',(0.275,0.63,-0.102));
#5831=CARTESIAN_POINT('',(0.2748226341549,0.168,0.055));
#5832=CARTESIAN_POINT('',(0.275,0.168,-0.102));
#5833=CARTESIAN_POINT('',(0.2751117373707,0.13,0.07));
#5834=CARTESIAN_POINT('',(0.275,0.13,0.07));
#5835=CARTESIAN_POINT('',(0.2748226341549,0.,-0.1045162364034));
#5836=CARTESIAN_POINT('',(0.275,0.,-0.102));
#5837=CARTESIAN_POINT('',(0.269,0.564,-0.304));
#5838=CARTESIAN_POINT('',(0.269,0.58,-0.295));
#5839=CARTESIAN_POINT('',(0.275,0.58,-0.295));
#5840=CARTESIAN_POINT('',(0.2746310858122,0.587401597755,-0.281068876286));
#5841=CARTESIAN_POINT('',(0.27488059418,0.587421314914201,-0.280390890053));
#5842=CARTESIAN_POINT('',(0.2750048517705,0.587442010969402,-0.2796792438988));
#5843=CARTESIAN_POINT('',(0.2749998566873,0.587463019374,-0.2789568574231));
#5844=CARTESIAN_POINT('',(0.2746310858122,0.590792638630201,-0.2811674943546));
#5845=CARTESIAN_POINT('',(0.27488059418,0.590433524697701,-0.280478490976));
#5846=CARTESIAN_POINT('',(0.2750048517705,0.590056581868201,-0.2797552807092));
#5847=CARTESIAN_POINT('',(0.2749998566873,0.589673950134,-0.2790211555927));
#5848=CARTESIAN_POINT('',(0.2746310858122,0.593327751652902,-0.2789131461775));
#5849=CARTESIAN_POINT('',(0.27488059418,0.592685426851,-0.2784759879441));
#5850=CARTESIAN_POINT('',(0.2750048517705,0.592011212607902,-0.2780171261554));
#5851=CARTESIAN_POINT('',(0.2749998566873,0.591326822974,-0.2775513391228));
#5852=CARTESIAN_POINT('',(0.2746310858122,0.593626022505,-0.2755338092248));
#5853=CARTESIAN_POINT('',(0.27488059418,0.592950376290402,-0.2754741745761));
#5854=CARTESIAN_POINT('',(0.2750048517705,0.592241186329402,-0.2754115792514));
#5855=CARTESIAN_POINT('',(0.2749998566873,0.591521293116299,-0.2753480392241));
#5856=CARTESIAN_POINT('',(0.275,0.587578092490236,-0.2790000000211));
#5857=CARTESIAN_POINT('',(0.275,0.589086882168453,-0.279000000024406));
#5858=CARTESIAN_POINT('',(0.275,0.590236150064929,-0.277989101892672));
#5859=CARTESIAN_POINT('',(0.275,0.591371509950898,-0.276990437272281));
#5860=CARTESIAN_POINT('',(0.275,0.591550694926287,-0.275467365010298));
#5861=CARTESIAN_POINT('',(0.2748226341549,0.445502555113,0.));
#5862=CARTESIAN_POINT('',(0.275,0.3119793100997,0.));
#5863=CARTESIAN_POINT('',(0.2748226341549,0.255,0.02));
#5864=CARTESIAN_POINT('',(0.275,0.255,-0.102));
#5865=CARTESIAN_POINT('',(0.275,0.3119793100997,-0.102));
#5866=CARTESIAN_POINT('',(0.,0.,0.));
#5867=CARTESIAN_POINT('',(0.08,-0.035,-0.2467267464848));
#5868=CARTESIAN_POINT('',(0.08,-0.035,-0.2475));
#5869=CARTESIAN_POINT('',(0.0750250628179423,-0.035,-0.2475));
#5870=CARTESIAN_POINT('',(0.0849749371909296,-0.035,-0.24750000000358));
#5871=CARTESIAN_POINT('',(0.08,-0.035,-0.255));
#5872=CARTESIAN_POINT('',(0.08,-0.01,-0.2467267464848));
#5873=CARTESIAN_POINT('',(0.08,-0.01,-0.255));
#5874=CARTESIAN_POINT('',(0.0750250726623787,-0.010000000005,-0.247499999999741));
#5875=CARTESIAN_POINT('',(0.0849749273566595,-0.01000000001,-0.2475));
#5876=CARTESIAN_POINT('',(0.08,-0.01,-0.2475));
#5877=CARTESIAN_POINT('',(0.08,-0.01,-0.2467267464848));
#5878=CARTESIAN_POINT('',(0.08,-0.01,-0.255));
#5879=CARTESIAN_POINT('',(0.0849749256374219,-0.01,-0.262500001133149));
#5880=CARTESIAN_POINT('',(0.0750250743775755,-0.01,-0.262500001142734));
#5881=CARTESIAN_POINT('',(0.08,-0.01,-0.2625));
#5882=CARTESIAN_POINT('',(0.08,-0.035,-0.2467267464848));
#5883=CARTESIAN_POINT('',(0.08,-0.035,-0.2625));
#5884=CARTESIAN_POINT('',(0.075025064527562,-0.035,-0.262500001136338));
#5885=CARTESIAN_POINT('',(0.0849749347265904,-0.035,-0.2625));
#5886=CARTESIAN_POINT('',(0.08,-0.035,-0.255));
#5887=CARTESIAN_POINT('',(0.08,0.,-0.255));
#5888=CARTESIAN_POINT('',(0.08,0.,-0.255));
#5889=CARTESIAN_POINT('',(0.08,0.,-0.246));
#5890=CARTESIAN_POINT('',(0.08,-0.0225,-0.2475));
#5891=CARTESIAN_POINT('',(0.0849749371855331,0.00414,-0.2475));
#5892=CARTESIAN_POINT('',(0.0750250628144669,0.00414,-0.2475));
#5893=CARTESIAN_POINT('',(0.08,-0.207,-0.255));
#5894=CARTESIAN_POINT('',(0.08,-0.207,-0.255));
#5895=CARTESIAN_POINT('',(0.08,-0.207,-0.246));
#5896=CARTESIAN_POINT('',(0.08,-0.0225,-0.2625));
#5897=CARTESIAN_POINT('',(0.0849749371855331,0.00414,-0.2625));
#5898=CARTESIAN_POINT('',(0.0750250628144669,0.00414,-0.2625));
#5899=CARTESIAN_POINT('',(0.08,0.00414,-0.255));
#5900=CARTESIAN_POINT('',(0.,0.,0.));
#5901=CARTESIAN_POINT('',(0.04,-0.035,-0.1467267464848));
#5902=CARTESIAN_POINT('',(0.04,-0.035,-0.1475));
#5903=CARTESIAN_POINT('',(0.0350250628179424,-0.035,-0.1475));
#5904=CARTESIAN_POINT('',(0.0449749371909296,-0.035,-0.14750000000358));
#5905=CARTESIAN_POINT('',(0.04,-0.035,-0.155));
#5906=CARTESIAN_POINT('',(0.04,-0.01,-0.1467267464848));
#5907=CARTESIAN_POINT('',(0.04,-0.01,-0.155));
#5908=CARTESIAN_POINT('',(0.0350250726623786,-0.010000000005,-0.147499999999741));
#5909=CARTESIAN_POINT('',(0.0449749273566596,-0.01000000001,-0.1475));
#5910=CARTESIAN_POINT('',(0.04,-0.01,-0.1475));
#5911=CARTESIAN_POINT('',(0.04,-0.01,-0.1467267464848));
#5912=CARTESIAN_POINT('',(0.04,-0.01,-0.155));
#5913=CARTESIAN_POINT('',(0.0449749256393496,-0.01,-0.162500001132634));
#5914=CARTESIAN_POINT('',(0.0350250743775754,-0.01,-0.162500001142734));
#5915=CARTESIAN_POINT('',(0.04,-0.01,-0.1625));
#5916=CARTESIAN_POINT('',(0.04,-0.035,-0.1467267464848));
#5917=CARTESIAN_POINT('',(0.04,-0.035,-0.1625));
#5918=CARTESIAN_POINT('',(0.035025064527562,-0.035,-0.162500001136338));
#5919=CARTESIAN_POINT('',(0.0449749347265904,-0.035,-0.1625));
#5920=CARTESIAN_POINT('',(0.04,-0.035,-0.155));
#5921=CARTESIAN_POINT('',(0.04,0.,-0.155));
#5922=CARTESIAN_POINT('',(0.04,0.,-0.155));
#5923=CARTESIAN_POINT('',(0.04,0.,-0.146));
#5924=CARTESIAN_POINT('',(0.04,-0.0225,-0.1475));
#5925=CARTESIAN_POINT('',(0.0449749371855331,0.00414,-0.1475));
#5926=CARTESIAN_POINT('',(0.0350250628144669,0.00414,-0.1475));
#5927=CARTESIAN_POINT('',(0.04,-0.207,-0.155));
#5928=CARTESIAN_POINT('',(0.04,-0.207,-0.155));
#5929=CARTESIAN_POINT('',(0.04,-0.207,-0.146));
#5930=CARTESIAN_POINT('',(0.04,-0.0225,-0.1625));
#5931=CARTESIAN_POINT('',(0.0449749371855331,0.00414,-0.1625));
#5932=CARTESIAN_POINT('',(0.0350250628144669,0.00414,-0.1625));
#5933=CARTESIAN_POINT('',(0.04,0.00414,-0.155));
#5934=CARTESIAN_POINT('',(0.,0.,0.));
#5935=CARTESIAN_POINT('',(-0.08,-0.01,-0.2467267464848));
#5936=CARTESIAN_POINT('',(-0.08,-0.01,-0.255));
#5937=CARTESIAN_POINT('',(-0.0750250645255429,-0.0100000098425197,-0.262500001134999));
#5938=CARTESIAN_POINT('',(-0.0849749256375759,-0.01,-0.262500001138304));
#5939=CARTESIAN_POINT('',(-0.08,-0.01,-0.2625));
#5940=CARTESIAN_POINT('',(-0.08,-0.035,-0.2467267464848));
#5941=CARTESIAN_POINT('',(-0.08,-0.035,-0.2625));
#5942=CARTESIAN_POINT('',(-0.0849749347290579,-0.035,-0.2625));
#5943=CARTESIAN_POINT('',(-0.075025065280736,-0.035,-0.2625));
#5944=CARTESIAN_POINT('',(-0.08,-0.035,-0.255));
#5945=CARTESIAN_POINT('',(-0.08,0.,-0.255));
#5946=CARTESIAN_POINT('',(-0.08,0.,-0.255));
#5947=CARTESIAN_POINT('',(-0.08,0.,-0.246));
#5948=CARTESIAN_POINT('',(-0.08,-0.035,-0.2467267464848));
#5949=CARTESIAN_POINT('',(-0.08,-0.035,-0.2475));
#5950=CARTESIAN_POINT('',(-0.0849749371901501,-0.035,-0.247500000003063));
#5951=CARTESIAN_POINT('',(-0.075025062812932,-0.035,-0.247500000001018));
#5952=CARTESIAN_POINT('',(-0.08,-0.035,-0.255));
#5953=CARTESIAN_POINT('',(-0.08,-0.01,-0.2467267464848));
#5954=CARTESIAN_POINT('',(-0.08,-0.01,-0.255));
#5955=CARTESIAN_POINT('',(-0.08497492735495,-0.010000000005,-0.247500000004602));
#5956=CARTESIAN_POINT('',(-0.0750250726599656,-0.01000000001,-0.247499999999224));
#5957=CARTESIAN_POINT('',(-0.08,-0.01,-0.2475));
#5958=CARTESIAN_POINT('',(-0.08,-0.0225,-0.2475));
#5959=CARTESIAN_POINT('',(-0.0849749371855331,-0.21114,-0.2475));
#5960=CARTESIAN_POINT('',(-0.0750250628144669,-0.21114,-0.2475));
#5961=CARTESIAN_POINT('',(-0.08,-0.207,-0.255));
#5962=CARTESIAN_POINT('',(-0.08,-0.207,-0.255));
#5963=CARTESIAN_POINT('',(-0.08,-0.207,-0.246));
#5964=CARTESIAN_POINT('',(-0.08,-0.0225,-0.2625));
#5965=CARTESIAN_POINT('',(-0.0849749371855331,-0.21114,-0.2625));
#5966=CARTESIAN_POINT('',(-0.0750250628144669,-0.21114,-0.2625));
#5967=CARTESIAN_POINT('',(-0.08,-0.21114,-0.255));
#5968=CARTESIAN_POINT('',(0.,0.,0.));
#5969=CARTESIAN_POINT('',(-0.04,-0.01,-0.1467267464848));
#5970=CARTESIAN_POINT('',(-0.04,-0.01,-0.155));
#5971=CARTESIAN_POINT('',(-0.0350250645255428,-0.0100000098425197,-0.162500001134999));
#5972=CARTESIAN_POINT('',(-0.0449749256375759,-0.01,-0.162500001138304));
#5973=CARTESIAN_POINT('',(-0.04,-0.01,-0.1625));
#5974=CARTESIAN_POINT('',(-0.04,-0.035,-0.1467267464848));
#5975=CARTESIAN_POINT('',(-0.04,-0.035,-0.1625));
#5976=CARTESIAN_POINT('',(-0.0449749347290578,-0.035,-0.1625));
#5977=CARTESIAN_POINT('',(-0.035025065280736,-0.035,-0.1625));
#5978=CARTESIAN_POINT('',(-0.04,-0.035,-0.155));
#5979=CARTESIAN_POINT('',(-0.04,0.,-0.155));
#5980=CARTESIAN_POINT('',(-0.04,0.,-0.155));
#5981=CARTESIAN_POINT('',(-0.04,0.,-0.146));
#5982=CARTESIAN_POINT('',(-0.04,-0.035,-0.1467267464848));
#5983=CARTESIAN_POINT('',(-0.04,-0.035,-0.1475));
#5984=CARTESIAN_POINT('',(-0.0449749371901501,-0.035,-0.147500000003063));
#5985=CARTESIAN_POINT('',(-0.035025062812932,-0.035,-0.147500000001018));
#5986=CARTESIAN_POINT('',(-0.04,-0.035,-0.155));
#5987=CARTESIAN_POINT('',(-0.04,-0.01,-0.1467267464848));
#5988=CARTESIAN_POINT('',(-0.04,-0.01,-0.155));
#5989=CARTESIAN_POINT('',(-0.0449749273549499,-0.010000000005,-0.147500000004602));
#5990=CARTESIAN_POINT('',(-0.0350250726599655,-0.01000000001,-0.147499999999224));
#5991=CARTESIAN_POINT('',(-0.04,-0.01,-0.1475));
#5992=CARTESIAN_POINT('',(-0.04,-0.0225,-0.1475));
#5993=CARTESIAN_POINT('',(-0.0449749371855331,-0.21114,-0.1475));
#5994=CARTESIAN_POINT('',(-0.0350250628144669,-0.21114,-0.1475));
#5995=CARTESIAN_POINT('',(-0.04,-0.207,-0.155));
#5996=CARTESIAN_POINT('',(-0.04,-0.207,-0.155));
#5997=CARTESIAN_POINT('',(-0.04,-0.207,-0.146));
#5998=CARTESIAN_POINT('',(-0.04,-0.0225,-0.1625));
#5999=CARTESIAN_POINT('',(-0.0449749371855331,-0.21114,-0.1625));
#6000=CARTESIAN_POINT('',(-0.0350250628144669,-0.21114,-0.1625));
#6001=CARTESIAN_POINT('',(-0.04,-0.21114,-0.155));
#6002=CARTESIAN_POINT('',(0.,0.,0.));
#6003=CARTESIAN_POINT('',(0.16,-0.035,-0.2467267464848));
#6004=CARTESIAN_POINT('',(0.16,-0.035,-0.2475));
#6005=CARTESIAN_POINT('',(0.155025062817955,-0.035,-0.2475));
#6006=CARTESIAN_POINT('',(0.164974937190923,-0.035,-0.247500000003575));
#6007=CARTESIAN_POINT('',(0.16,-0.035,-0.255));
#6008=CARTESIAN_POINT('',(0.16,-0.01,-0.2467267464848));
#6009=CARTESIAN_POINT('',(0.16,-0.01,-0.255));
#6010=CARTESIAN_POINT('',(0.155025072662016,-0.010000000005,-0.247499999999992));
#6011=CARTESIAN_POINT('',(0.164974927356635,-0.01000000001,-0.2475));
#6012=CARTESIAN_POINT('',(0.16,-0.01,-0.2475));
#6013=CARTESIAN_POINT('',(0.16,-0.01,-0.2467267464848));
#6014=CARTESIAN_POINT('',(0.16,-0.01,-0.255));
#6015=CARTESIAN_POINT('',(0.164974925637405,-0.01,-0.262500001133149));
#6016=CARTESIAN_POINT('',(0.155025074377598,-0.01,-0.262500001142741));
#6017=CARTESIAN_POINT('',(0.16,-0.01,-0.2625));
#6018=CARTESIAN_POINT('',(0.16,-0.035,-0.2467267464848));
#6019=CARTESIAN_POINT('',(0.16,-0.035,-0.2625));
#6020=CARTESIAN_POINT('',(0.155025064526998,-0.03500000001,-0.262500001135964));
#6021=CARTESIAN_POINT('',(0.164974934726579,-0.035,-0.2625));
#6022=CARTESIAN_POINT('',(0.16,-0.035,-0.255));
#6023=CARTESIAN_POINT('',(0.16,0.,-0.255));
#6024=CARTESIAN_POINT('',(0.16,0.,-0.255));
#6025=CARTESIAN_POINT('',(0.16,0.,-0.246));
#6026=CARTESIAN_POINT('',(0.16,-0.0225,-0.2475));
#6027=CARTESIAN_POINT('',(0.164974937185533,0.00414,-0.2475));
#6028=CARTESIAN_POINT('',(0.155025062814467,0.00414,-0.2475));
#6029=CARTESIAN_POINT('',(0.16,-0.207,-0.255));
#6030=CARTESIAN_POINT('',(0.16,-0.207,-0.255));
#6031=CARTESIAN_POINT('',(0.16,-0.207,-0.246));
#6032=CARTESIAN_POINT('',(0.16,-0.0225,-0.2625));
#6033=CARTESIAN_POINT('',(0.164974937185533,0.00414,-0.2625));
#6034=CARTESIAN_POINT('',(0.155025062814467,0.00414,-0.2625));
#6035=CARTESIAN_POINT('',(0.16,0.00414,-0.255));
#6036=CARTESIAN_POINT('',(0.,0.,0.));
#6037=CARTESIAN_POINT('',(0.12,-0.035,-0.1467267464848));
#6038=CARTESIAN_POINT('',(0.12,-0.035,-0.1475));
#6039=CARTESIAN_POINT('',(0.115025062817955,-0.035,-0.1475));
#6040=CARTESIAN_POINT('',(0.124974937191307,-0.035,-0.14750000000383));
#6041=CARTESIAN_POINT('',(0.12,-0.035,-0.155));
#6042=CARTESIAN_POINT('',(0.12,-0.01,-0.1467267464848));
#6043=CARTESIAN_POINT('',(0.12,-0.01,-0.155));
#6044=CARTESIAN_POINT('',(0.115025072662016,-0.010000000005,-0.147499999999992));
#6045=CARTESIAN_POINT('',(0.124974927356635,-0.01000000001,-0.1475));
#6046=CARTESIAN_POINT('',(0.12,-0.01,-0.1475));
#6047=CARTESIAN_POINT('',(0.12,-0.01,-0.1467267464848));
#6048=CARTESIAN_POINT('',(0.12,-0.01,-0.155));
#6049=CARTESIAN_POINT('',(0.124974925637405,-0.01,-0.162500001133149));
#6050=CARTESIAN_POINT('',(0.115025074377598,-0.01,-0.162500001142741));
#6051=CARTESIAN_POINT('',(0.12,-0.01,-0.1625));
#6052=CARTESIAN_POINT('',(0.12,-0.035,-0.1467267464848));
#6053=CARTESIAN_POINT('',(0.12,-0.035,-0.1625));
#6054=CARTESIAN_POINT('',(0.115025064526998,-0.03500000001,-0.162500001135964));
#6055=CARTESIAN_POINT('',(0.124974934726579,-0.035,-0.1625));
#6056=CARTESIAN_POINT('',(0.12,-0.035,-0.155));
#6057=CARTESIAN_POINT('',(0.12,0.,-0.155));
#6058=CARTESIAN_POINT('',(0.12,0.,-0.155));
#6059=CARTESIAN_POINT('',(0.12,0.,-0.146));
#6060=CARTESIAN_POINT('',(0.12,-0.0225,-0.1475));
#6061=CARTESIAN_POINT('',(0.124974937185533,0.00414,-0.1475));
#6062=CARTESIAN_POINT('',(0.115025062814467,0.00414,-0.1475));
#6063=CARTESIAN_POINT('',(0.12,-0.207,-0.155));
#6064=CARTESIAN_POINT('',(0.12,-0.207,-0.155));
#6065=CARTESIAN_POINT('',(0.12,-0.207,-0.146));
#6066=CARTESIAN_POINT('',(0.12,-0.0225,-0.1625));
#6067=CARTESIAN_POINT('',(0.124974937185533,0.00414,-0.1625));
#6068=CARTESIAN_POINT('',(0.115025062814467,0.00414,-0.1625));
#6069=CARTESIAN_POINT('',(0.12,0.00414,-0.155));
#6070=CARTESIAN_POINT('',(0.,0.,0.));
#6071=CARTESIAN_POINT('',(0.24,-0.035,-0.2467267464848));
#6072=CARTESIAN_POINT('',(0.24,-0.035,-0.2475));
#6073=CARTESIAN_POINT('',(0.235025062817955,-0.035,-0.2475));
#6074=CARTESIAN_POINT('',(0.244974937190923,-0.035,-0.247500000003575));
#6075=CARTESIAN_POINT('',(0.24,-0.035,-0.255));
#6076=CARTESIAN_POINT('',(0.24,-0.01,-0.2467267464848));
#6077=CARTESIAN_POINT('',(0.24,-0.01,-0.255));
#6078=CARTESIAN_POINT('',(0.235025072662016,-0.010000000005,-0.247499999999992));
#6079=CARTESIAN_POINT('',(0.244974927356635,-0.01000000001,-0.2475));
#6080=CARTESIAN_POINT('',(0.24,-0.01,-0.2475));
#6081=CARTESIAN_POINT('',(0.24,-0.01,-0.2467267464848));
#6082=CARTESIAN_POINT('',(0.24,-0.01,-0.255));
#6083=CARTESIAN_POINT('',(0.244974925637405,-0.01,-0.262500001133149));
#6084=CARTESIAN_POINT('',(0.235025074377598,-0.01,-0.262500001142741));
#6085=CARTESIAN_POINT('',(0.24,-0.01,-0.2625));
#6086=CARTESIAN_POINT('',(0.24,-0.035,-0.2467267464848));
#6087=CARTESIAN_POINT('',(0.24,-0.035,-0.2625));
#6088=CARTESIAN_POINT('',(0.235025064526998,-0.03500000001,-0.262500001135964));
#6089=CARTESIAN_POINT('',(0.244974934726579,-0.035,-0.2625));
#6090=CARTESIAN_POINT('',(0.24,-0.035,-0.255));
#6091=CARTESIAN_POINT('',(0.24,0.,-0.255));
#6092=CARTESIAN_POINT('',(0.24,0.,-0.255));
#6093=CARTESIAN_POINT('',(0.24,0.,-0.246));
#6094=CARTESIAN_POINT('',(0.24,-0.0225,-0.2475));
#6095=CARTESIAN_POINT('',(0.244974937185533,0.00414,-0.2475));
#6096=CARTESIAN_POINT('',(0.235025062814467,0.00414,-0.2475));
#6097=CARTESIAN_POINT('',(0.24,-0.207,-0.255));
#6098=CARTESIAN_POINT('',(0.24,-0.207,-0.255));
#6099=CARTESIAN_POINT('',(0.24,-0.207,-0.246));
#6100=CARTESIAN_POINT('',(0.24,-0.0225,-0.2625));
#6101=CARTESIAN_POINT('',(0.244974937185533,0.00414,-0.2625));
#6102=CARTESIAN_POINT('',(0.235025062814467,0.00414,-0.2625));
#6103=CARTESIAN_POINT('',(0.24,0.00414,-0.255));
#6104=CARTESIAN_POINT('',(0.,0.,0.));
#6105=CARTESIAN_POINT('',(0.2,-0.035,-0.1467267464848));
#6106=CARTESIAN_POINT('',(0.2,-0.035,-0.1475));
#6107=CARTESIAN_POINT('',(0.195025062817955,-0.035,-0.1475));
#6108=CARTESIAN_POINT('',(0.204974937191307,-0.035,-0.14750000000383));
#6109=CARTESIAN_POINT('',(0.2,-0.035,-0.155));
#6110=CARTESIAN_POINT('',(0.2,-0.01,-0.1467267464848));
#6111=CARTESIAN_POINT('',(0.2,-0.01,-0.155));
#6112=CARTESIAN_POINT('',(0.195025072662016,-0.010000000005,-0.147499999999992));
#6113=CARTESIAN_POINT('',(0.204974927356635,-0.01000000001,-0.1475));
#6114=CARTESIAN_POINT('',(0.2,-0.01,-0.1475));
#6115=CARTESIAN_POINT('',(0.2,-0.01,-0.1467267464848));
#6116=CARTESIAN_POINT('',(0.2,-0.01,-0.155));
#6117=CARTESIAN_POINT('',(0.204974925637405,-0.01,-0.162500001133149));
#6118=CARTESIAN_POINT('',(0.195025074377598,-0.01,-0.162500001142741));
#6119=CARTESIAN_POINT('',(0.2,-0.01,-0.1625));
#6120=CARTESIAN_POINT('',(0.2,-0.035,-0.1467267464848));
#6121=CARTESIAN_POINT('',(0.2,-0.035,-0.1625));
#6122=CARTESIAN_POINT('',(0.195025064526998,-0.03500000001,-0.162500001135964));
#6123=CARTESIAN_POINT('',(0.204974934726579,-0.035,-0.1625));
#6124=CARTESIAN_POINT('',(0.2,-0.035,-0.155));
#6125=CARTESIAN_POINT('',(0.2,0.,-0.155));
#6126=CARTESIAN_POINT('',(0.2,0.,-0.155));
#6127=CARTESIAN_POINT('',(0.2,0.,-0.146));
#6128=CARTESIAN_POINT('',(0.2,-0.0225,-0.1475));
#6129=CARTESIAN_POINT('',(0.204974937185533,0.00414,-0.1475));
#6130=CARTESIAN_POINT('',(0.195025062814467,0.00414,-0.1475));
#6131=CARTESIAN_POINT('',(0.2,-0.207,-0.155));
#6132=CARTESIAN_POINT('',(0.2,-0.207,-0.155));
#6133=CARTESIAN_POINT('',(0.2,-0.207,-0.146));
#6134=CARTESIAN_POINT('',(0.2,-0.0225,-0.1625));
#6135=CARTESIAN_POINT('',(0.204974937185533,0.00414,-0.1625));
#6136=CARTESIAN_POINT('',(0.195025062814467,0.00414,-0.1625));
#6137=CARTESIAN_POINT('',(0.2,0.00414,-0.155));
#6138=CARTESIAN_POINT('',(0.,0.,0.));
#6139=CARTESIAN_POINT('',(-0.16,-0.01,-0.2467267464848));
#6140=CARTESIAN_POINT('',(-0.16,-0.01,-0.255));
#6141=CARTESIAN_POINT('',(-0.155025064525558,-0.0100000098425197,-0.262500001135009));
#6142=CARTESIAN_POINT('',(-0.164974925637553,-0.01,-0.26250000113831));
#6143=CARTESIAN_POINT('',(-0.16,-0.01,-0.2625));
#6144=CARTESIAN_POINT('',(-0.16,-0.035,-0.2467267464848));
#6145=CARTESIAN_POINT('',(-0.16,-0.035,-0.2625));
#6146=CARTESIAN_POINT('',(-0.164974934729052,-0.035,-0.2625));
#6147=CARTESIAN_POINT('',(-0.155025065280747,-0.035,-0.2625));
#6148=CARTESIAN_POINT('',(-0.16,-0.035,-0.255));
#6149=CARTESIAN_POINT('',(-0.16,0.,-0.255));
#6150=CARTESIAN_POINT('',(-0.16,0.,-0.255));
#6151=CARTESIAN_POINT('',(-0.16,0.,-0.246));
#6152=CARTESIAN_POINT('',(-0.16,-0.035,-0.2467267464848));
#6153=CARTESIAN_POINT('',(-0.16,-0.035,-0.2475));
#6154=CARTESIAN_POINT('',(-0.16497493719014,-0.035,-0.247500000003056));
#6155=CARTESIAN_POINT('',(-0.155025062812939,-0.035,-0.247500000001014));
#6156=CARTESIAN_POINT('',(-0.16,-0.035,-0.255));
#6157=CARTESIAN_POINT('',(-0.16,-0.01,-0.2467267464848));
#6158=CARTESIAN_POINT('',(-0.16,-0.01,-0.255));
#6159=CARTESIAN_POINT('',(-0.164974927354929,-0.010000000005,-0.247500000004598));
#6160=CARTESIAN_POINT('',(-0.155025072659989,-0.01000000001,-0.247499999999217));
#6161=CARTESIAN_POINT('',(-0.16,-0.01,-0.2475));
#6162=CARTESIAN_POINT('',(-0.16,-0.0225,-0.2475));
#6163=CARTESIAN_POINT('',(-0.164974937185533,-0.21114,-0.2475));
#6164=CARTESIAN_POINT('',(-0.155025062814467,-0.21114,-0.2475));
#6165=CARTESIAN_POINT('',(-0.16,-0.207,-0.255));
#6166=CARTESIAN_POINT('',(-0.16,-0.207,-0.255));
#6167=CARTESIAN_POINT('',(-0.16,-0.207,-0.246));
#6168=CARTESIAN_POINT('',(-0.16,-0.0225,-0.2625));
#6169=CARTESIAN_POINT('',(-0.164974937185533,-0.21114,-0.2625));
#6170=CARTESIAN_POINT('',(-0.155025062814467,-0.21114,-0.2625));
#6171=CARTESIAN_POINT('',(-0.16,-0.21114,-0.255));
#6172=CARTESIAN_POINT('',(0.,0.,0.));
#6173=CARTESIAN_POINT('',(-0.12,-0.01,-0.1467267464848));
#6174=CARTESIAN_POINT('',(-0.12,-0.01,-0.155));
#6175=CARTESIAN_POINT('',(-0.115025064525558,-0.0100000098425197,-0.162500001135009));
#6176=CARTESIAN_POINT('',(-0.124974925637553,-0.01,-0.16250000113831));
#6177=CARTESIAN_POINT('',(-0.12,-0.01,-0.1625));
#6178=CARTESIAN_POINT('',(-0.12,-0.035,-0.1467267464848));
#6179=CARTESIAN_POINT('',(-0.12,-0.035,-0.1625));
#6180=CARTESIAN_POINT('',(-0.124974934729052,-0.035,-0.1625));
#6181=CARTESIAN_POINT('',(-0.115025065280747,-0.035,-0.1625));
#6182=CARTESIAN_POINT('',(-0.12,-0.035,-0.155));
#6183=CARTESIAN_POINT('',(-0.12,0.,-0.155));
#6184=CARTESIAN_POINT('',(-0.12,0.,-0.155));
#6185=CARTESIAN_POINT('',(-0.12,0.,-0.146));
#6186=CARTESIAN_POINT('',(-0.12,-0.035,-0.1467267464848));
#6187=CARTESIAN_POINT('',(-0.12,-0.035,-0.1475));
#6188=CARTESIAN_POINT('',(-0.12497493719014,-0.035,-0.147500000003056));
#6189=CARTESIAN_POINT('',(-0.115025062812939,-0.035,-0.147500000001014));
#6190=CARTESIAN_POINT('',(-0.12,-0.035,-0.155));
#6191=CARTESIAN_POINT('',(-0.12,-0.01,-0.1467267464848));
#6192=CARTESIAN_POINT('',(-0.12,-0.01,-0.155));
#6193=CARTESIAN_POINT('',(-0.124974927354929,-0.010000000005,-0.147500000004598));
#6194=CARTESIAN_POINT('',(-0.115025072659989,-0.01000000001,-0.147499999999217));
#6195=CARTESIAN_POINT('',(-0.12,-0.01,-0.1475));
#6196=CARTESIAN_POINT('',(-0.12,-0.0225,-0.1475));
#6197=CARTESIAN_POINT('',(-0.124974937185533,-0.21114,-0.1475));
#6198=CARTESIAN_POINT('',(-0.115025062814467,-0.21114,-0.1475));
#6199=CARTESIAN_POINT('',(-0.12,-0.207,-0.155));
#6200=CARTESIAN_POINT('',(-0.12,-0.207,-0.155));
#6201=CARTESIAN_POINT('',(-0.12,-0.207,-0.146));
#6202=CARTESIAN_POINT('',(-0.12,-0.0225,-0.1625));
#6203=CARTESIAN_POINT('',(-0.124974937185533,-0.21114,-0.1625));
#6204=CARTESIAN_POINT('',(-0.115025062814467,-0.21114,-0.1625));
#6205=CARTESIAN_POINT('',(-0.12,-0.21114,-0.155));
#6206=CARTESIAN_POINT('',(0.,0.,0.));
#6207=CARTESIAN_POINT('',(-0.24,-0.01,-0.2467267464848));
#6208=CARTESIAN_POINT('',(-0.24,-0.01,-0.255));
#6209=CARTESIAN_POINT('',(-0.235025064525558,-0.0100000098425197,-0.262500001135009));
#6210=CARTESIAN_POINT('',(-0.244974925637553,-0.01,-0.26250000113831));
#6211=CARTESIAN_POINT('',(-0.24,-0.01,-0.2625));
#6212=CARTESIAN_POINT('',(-0.24,-0.035,-0.2467267464848));
#6213=CARTESIAN_POINT('',(-0.24,-0.035,-0.2625));
#6214=CARTESIAN_POINT('',(-0.244974934729052,-0.035,-0.2625));
#6215=CARTESIAN_POINT('',(-0.235025065280747,-0.035,-0.2625));
#6216=CARTESIAN_POINT('',(-0.24,-0.035,-0.255));
#6217=CARTESIAN_POINT('',(-0.24,0.,-0.255));
#6218=CARTESIAN_POINT('',(-0.24,0.,-0.255));
#6219=CARTESIAN_POINT('',(-0.24,0.,-0.246));
#6220=CARTESIAN_POINT('',(-0.24,-0.035,-0.2467267464848));
#6221=CARTESIAN_POINT('',(-0.24,-0.035,-0.2475));
#6222=CARTESIAN_POINT('',(-0.24497493719014,-0.035,-0.247500000003056));
#6223=CARTESIAN_POINT('',(-0.235025062813323,-0.035,-0.247500000000759));
#6224=CARTESIAN_POINT('',(-0.24,-0.035,-0.255));
#6225=CARTESIAN_POINT('',(-0.24,-0.01,-0.2467267464848));
#6226=CARTESIAN_POINT('',(-0.24,-0.01,-0.255));
#6227=CARTESIAN_POINT('',(-0.244974927354929,-0.010000000005,-0.247500000004598));
#6228=CARTESIAN_POINT('',(-0.235025072659989,-0.01000000001,-0.247499999999217));
#6229=CARTESIAN_POINT('',(-0.24,-0.01,-0.2475));
#6230=CARTESIAN_POINT('',(-0.24,-0.0225,-0.2475));
#6231=CARTESIAN_POINT('',(-0.244974937185533,-0.21114,-0.2475));
#6232=CARTESIAN_POINT('',(-0.235025062814467,-0.21114,-0.2475));
#6233=CARTESIAN_POINT('',(-0.24,-0.207,-0.255));
#6234=CARTESIAN_POINT('',(-0.24,-0.207,-0.255));
#6235=CARTESIAN_POINT('',(-0.24,-0.207,-0.246));
#6236=CARTESIAN_POINT('',(-0.24,-0.0225,-0.2625));
#6237=CARTESIAN_POINT('',(-0.244974937185533,-0.21114,-0.2625));
#6238=CARTESIAN_POINT('',(-0.235025062814467,-0.21114,-0.2625));
#6239=CARTESIAN_POINT('',(-0.24,-0.21114,-0.255));
#6240=CARTESIAN_POINT('',(0.,0.,0.));
#6241=CARTESIAN_POINT('',(-0.2,-0.01,-0.1467267464848));
#6242=CARTESIAN_POINT('',(-0.2,-0.01,-0.155));
#6243=CARTESIAN_POINT('',(-0.195025064525558,-0.0100000098425197,-0.162500001135009));
#6244=CARTESIAN_POINT('',(-0.204974925637553,-0.01,-0.162500001138311));
#6245=CARTESIAN_POINT('',(-0.2,-0.01,-0.1625));
#6246=CARTESIAN_POINT('',(-0.2,-0.035,-0.1467267464848));
#6247=CARTESIAN_POINT('',(-0.2,-0.035,-0.1625));
#6248=CARTESIAN_POINT('',(-0.204974934729052,-0.035,-0.1625));
#6249=CARTESIAN_POINT('',(-0.195025065280747,-0.035,-0.1625));
#6250=CARTESIAN_POINT('',(-0.2,-0.035,-0.155));
#6251=CARTESIAN_POINT('',(-0.2,0.,-0.155));
#6252=CARTESIAN_POINT('',(-0.2,0.,-0.155));
#6253=CARTESIAN_POINT('',(-0.2,0.,-0.146));
#6254=CARTESIAN_POINT('',(-0.2,-0.035,-0.1467267464848));
#6255=CARTESIAN_POINT('',(-0.2,-0.035,-0.1475));
#6256=CARTESIAN_POINT('',(-0.20497493719014,-0.035,-0.147500000003056));
#6257=CARTESIAN_POINT('',(-0.195025062813323,-0.035,-0.147500000000759));
#6258=CARTESIAN_POINT('',(-0.2,-0.035,-0.155));
#6259=CARTESIAN_POINT('',(-0.2,-0.01,-0.1467267464848));
#6260=CARTESIAN_POINT('',(-0.2,-0.01,-0.155));
#6261=CARTESIAN_POINT('',(-0.204974927354929,-0.010000000005,-0.147500000004598));
#6262=CARTESIAN_POINT('',(-0.195025072659989,-0.01000000001,-0.147499999999217));
#6263=CARTESIAN_POINT('',(-0.2,-0.01,-0.1475));
#6264=CARTESIAN_POINT('',(-0.2,-0.0225,-0.1475));
#6265=CARTESIAN_POINT('',(-0.204974937185533,-0.21114,-0.1475));
#6266=CARTESIAN_POINT('',(-0.195025062814467,-0.21114,-0.1475));
#6267=CARTESIAN_POINT('',(-0.2,-0.207,-0.155));
#6268=CARTESIAN_POINT('',(-0.2,-0.207,-0.155));
#6269=CARTESIAN_POINT('',(-0.2,-0.207,-0.146));
#6270=CARTESIAN_POINT('',(-0.2,-0.0225,-0.1625));
#6271=CARTESIAN_POINT('',(-0.204974937185533,-0.21114,-0.1625));
#6272=CARTESIAN_POINT('',(-0.195025062814467,-0.21114,-0.1625));
#6273=CARTESIAN_POINT('',(-0.2,-0.21114,-0.155));
#6274=CARTESIAN_POINT('',(0.,0.,0.));
#6275=CARTESIAN_POINT('',(-0.315,0.262,-0.169));
#6276=CARTESIAN_POINT('',(0.319,0.3393657718121,-0.169));
#6277=CARTESIAN_POINT('',(0.319000000003333,0.58300000001022,-0.169000000009988));
#6278=CARTESIAN_POINT('',(0.319000000002222,-0.0590000000066667,-0.169000000006667));
#6279=CARTESIAN_POINT('',(-0.315,0.583000000000027,-0.169));
#6280=CARTESIAN_POINT('',(0.31100000001,0.583000000006884,-0.169000000006434));
#6281=CARTESIAN_POINT('',(0.311,0.262,-0.169));
#6282=CARTESIAN_POINT('',(0.311000000007778,-0.0590000000033333,-0.169));
#6283=CARTESIAN_POINT('',(-0.315,-0.059,-0.169));
#6284=CARTESIAN_POINT('',(-0.315,-0.059,-0.2315));
#6285=CARTESIAN_POINT('',(0.311,-0.059,-0.2415));
#6286=CARTESIAN_POINT('',(0.311,-0.059,-0.294));
#6287=CARTESIAN_POINT('',(-0.3207301374281,-0.059,-0.294));
#6288=CARTESIAN_POINT('',(0.319,-0.059,-0.294));
#6289=CARTESIAN_POINT('',(0.319,-0.059,-0.2415));
#6290=CARTESIAN_POINT('',(-0.315,0.142,-0.284));
#6291=CARTESIAN_POINT('',(-0.315,0.4095,-0.284));
#6292=CARTESIAN_POINT('',(0.319000000003333,0.409500000004386,-0.284000000005088));
#6293=CARTESIAN_POINT('',(0.31100000001,0.409500000003333,-0.284000000006667));
#6294=CARTESIAN_POINT('',(0.319,0.3393657718121,-0.284));
#6295=CARTESIAN_POINT('',(0.319000000003333,0.474500000008947,-0.284000000006667));
#6296=CARTESIAN_POINT('',(-0.315,0.4745,-0.284));
#6297=CARTESIAN_POINT('',(0.31100000001,0.474500000006667,-0.284000000002281));
#6298=CARTESIAN_POINT('',(0.311,0.142,-0.284));
#6299=CARTESIAN_POINT('',(-0.315,0.142,-0.219));
#6300=CARTESIAN_POINT('',(0.311,0.3393657718121,-0.219));
#6301=CARTESIAN_POINT('',(0.311000000007778,0.474500000005614,-0.219000000001053));
#6302=CARTESIAN_POINT('',(0.31100000001,0.409500000001053,-0.219000000006667));
#6303=CARTESIAN_POINT('',(-0.315,0.4745,-0.219));
#6304=CARTESIAN_POINT('',(0.319000000002222,0.47450000001,-0.219000000006667));
#6305=CARTESIAN_POINT('',(0.319,0.3393657718121,-0.219));
#6306=CARTESIAN_POINT('',(0.319000000003333,0.409500000006667,-0.219000000007719));
#6307=CARTESIAN_POINT('',(-0.315,0.4095,-0.219));
#6308=CARTESIAN_POINT('',(-0.315,0.142,-0.284));
#6309=CARTESIAN_POINT('',(-0.315,0.1095,-0.284));
#6310=CARTESIAN_POINT('',(0.319000000003333,0.109500000004386,-0.284000000008947));
#6311=CARTESIAN_POINT('',(0.31100000001,0.109500000003333,-0.284000000006667));
#6312=CARTESIAN_POINT('',(0.319,0.3393657718121,-0.284));
#6313=CARTESIAN_POINT('',(0.319000000003333,0.174500000008947,-0.284000000006667));
#6314=CARTESIAN_POINT('',(-0.315,0.1745,-0.284));
#6315=CARTESIAN_POINT('',(0.31100000001,0.174500000006667,-0.284000000002281));
#6316=CARTESIAN_POINT('',(0.311,0.142,-0.284));
#6317=CARTESIAN_POINT('',(-0.315,0.142,-0.219));
#6318=CARTESIAN_POINT('',(0.311,0.3393657718121,-0.219));
#6319=CARTESIAN_POINT('',(0.311000000007778,0.174500000005614,-0.219000000001053));
#6320=CARTESIAN_POINT('',(0.31100000001,0.109500000001053,-0.219000000006667));
#6321=CARTESIAN_POINT('',(-0.315,0.1745,-0.219));
#6322=CARTESIAN_POINT('',(0.319000000002222,0.17450000001,-0.219000000006667));
#6323=CARTESIAN_POINT('',(0.319,0.3393657718121,-0.219));
#6324=CARTESIAN_POINT('',(0.319000000003333,0.109500000006667,-0.219000000007719));
#6325=CARTESIAN_POINT('',(-0.315,0.1095,-0.219));
#6326=CARTESIAN_POINT('',(0.,0.369,-0.314));
#6327=CARTESIAN_POINT('',(0.319,0.3393657718121,-0.314));
#6328=CARTESIAN_POINT('',(0.319,-0.039,-0.314));
#6329=CARTESIAN_POINT('',(0.319000000001,-0.004,-0.31400000000175));
#6330=CARTESIAN_POINT('',(-0.3207301374281,-0.039,-0.314));
#6331=CARTESIAN_POINT('',(0.311,-0.039,-0.314));
#6332=CARTESIAN_POINT('',(0.311,0.3393657718121,-0.314));
#6333=CARTESIAN_POINT('',(0.3110000000068,-0.0040000000068,-0.314000000002));
#6334=CARTESIAN_POINT('',(0.,-0.004,-0.314));
#6335=CARTESIAN_POINT('',(-0.315,0.142,-0.284));
#6336=CARTESIAN_POINT('',(-0.315,0.1745,-0.284));
#6337=CARTESIAN_POINT('',(-0.311000000003333,0.174500000006667,-0.284000000011667));
#6338=CARTESIAN_POINT('',(-0.319000000006667,0.17450000001,-0.284000000006667));
#6339=CARTESIAN_POINT('',(-0.319,0.142,-0.284));
#6340=CARTESIAN_POINT('',(-0.31900000001,0.109500000006667,-0.284000000008333));
#6341=CARTESIAN_POINT('',(-0.315,0.1095,-0.284));
#6342=CARTESIAN_POINT('',(-0.311000000006667,0.109500000003333,-0.284000000006667));
#6343=CARTESIAN_POINT('',(-0.311,0.3393657718121,-0.284));
#6344=CARTESIAN_POINT('',(-0.315,0.142,-0.219));
#6345=CARTESIAN_POINT('',(-0.311,0.3393657718121,-0.219));
#6346=CARTESIAN_POINT('',(-0.311000000006667,0.109500000006667,-0.219000000003333));
#6347=CARTESIAN_POINT('',(-0.311000000006667,0.17450000001,-0.219000000006667));
#6348=CARTESIAN_POINT('',(-0.315,0.1095,-0.219));
#6349=CARTESIAN_POINT('',(-0.31900000001,0.109500000003333,-0.219000000006667));
#6350=CARTESIAN_POINT('',(-0.319,0.3393657718121,-0.219));
#6351=CARTESIAN_POINT('',(-0.31900000001,0.174500000006667,-0.219000000003333));
#6352=CARTESIAN_POINT('',(-0.315,0.1745,-0.219));
#6353=CARTESIAN_POINT('',(-0.315,0.142,-0.284));
#6354=CARTESIAN_POINT('',(-0.315,0.4745,-0.284));
#6355=CARTESIAN_POINT('',(-0.311000000001111,0.474500000008947,-0.284000000006667));
#6356=CARTESIAN_POINT('',(-0.319000000008889,0.474500000006667,-0.284000000002281));
#6357=CARTESIAN_POINT('',(-0.319,0.142,-0.284));
#6358=CARTESIAN_POINT('',(-0.31900000001,0.409500000003333,-0.284000000006667));
#6359=CARTESIAN_POINT('',(-0.315,0.4095,-0.284));
#6360=CARTESIAN_POINT('',(-0.311000000003333,0.409500000004386,-0.284000000008947));
#6361=CARTESIAN_POINT('',(-0.311,0.3393657718121,-0.284));
#6362=CARTESIAN_POINT('',(-0.315,0.142,-0.219));
#6363=CARTESIAN_POINT('',(-0.311,0.3393657718121,-0.219));
#6364=CARTESIAN_POINT('',(-0.311000000003333,0.409500000006667,-0.219000000007719));
#6365=CARTESIAN_POINT('',(-0.311000000003333,0.474500000006667,-0.21900000001));
#6366=CARTESIAN_POINT('',(-0.315,0.4095,-0.219));
#6367=CARTESIAN_POINT('',(-0.31900000001,0.409500000001053,-0.219000000006667));
#6368=CARTESIAN_POINT('',(-0.319,0.3393657718121,-0.219));
#6369=CARTESIAN_POINT('',(-0.31900000001,0.474500000002281,-0.219000000004386));
#6370=CARTESIAN_POINT('',(-0.315,0.4745,-0.219));
#6371=CARTESIAN_POINT('',(-0.315,0.262,-0.169));
#6372=CARTESIAN_POINT('',(-0.311,0.3393657718121,-0.169));
#6373=CARTESIAN_POINT('',(-0.311000000003333,0.583000000009276,-0.169000000005771));
#6374=CARTESIAN_POINT('',(-0.311000000006667,-0.0590000000033335,-0.169000000006667));
#6375=CARTESIAN_POINT('',(-0.315,0.583000000000027,-0.169));
#6376=CARTESIAN_POINT('',(-0.319000000006667,0.583000000003394,-0.16900000000327));
#6377=CARTESIAN_POINT('',(-0.319,0.262,-0.169));
#6378=CARTESIAN_POINT('',(-0.31900000001,-0.0590000000066665,-0.169000000003333));
#6379=CARTESIAN_POINT('',(-0.315,-0.059,-0.169));
#6380=CARTESIAN_POINT('',(0.,0.369,-0.314));
#6381=CARTESIAN_POINT('',(-0.319,0.3393657718121,-0.314));
#6382=CARTESIAN_POINT('',(-0.319000000003,-0.00400000000399998,-0.314));
#6383=CARTESIAN_POINT('',(-0.319,-0.039,-0.314));
#6384=CARTESIAN_POINT('',(0.,-0.004,-0.314));
#6385=CARTESIAN_POINT('',(-0.311000000006,-0.00400000000599998,-0.314000000006003));
#6386=CARTESIAN_POINT('',(-0.311,0.3393657718121,-0.314));
#6387=CARTESIAN_POINT('',(-0.311,-0.039,-0.314));
#6388=CARTESIAN_POINT('',(-0.3207301374281,-0.039,-0.314));
#6389=CARTESIAN_POINT('',(-0.315,0.660365771812098,-0.2415));
#6390=CARTESIAN_POINT('',(0.319,0.489454668657238,-0.0813380228297035));
#6391=CARTESIAN_POINT('',(0.31899999016248,0.737731539999626,-0.313999996603413));
#6392=CARTESIAN_POINT('',(0.31900000002,0.737731543634161,-0.31400000000936));
#6393=CARTESIAN_POINT('',(0.31100000001,0.7377315436345,-0.314000000009679));
#6394=CARTESIAN_POINT('',(0.31100000001,0.737731543629261,-0.31400000000242));
#6395=CARTESIAN_POINT('',(0.311,0.660365771812098,-0.2415));
#6396=CARTESIAN_POINT('',(0.311,0.3393657718121,-0.2415));
#6397=CARTESIAN_POINT('',(0.311,0.1095,-0.2515));
#6398=CARTESIAN_POINT('',(0.311,0.1745,-0.2415));
#6399=CARTESIAN_POINT('',(0.311,0.4095,-0.2515));
#6400=CARTESIAN_POINT('',(0.311,0.4745,-0.2415));
#6401=CARTESIAN_POINT('',(0.311,-0.039,-0.294));
#6402=CARTESIAN_POINT('',(0.311,0.369,-0.314));
#6403=CARTESIAN_POINT('',(-0.315,0.696,0.0985));
#6404=CARTESIAN_POINT('',(-0.311,0.696,-0.2415));
#6405=CARTESIAN_POINT('',(-0.311000000003333,0.696000000006667,0.131000000008947));
#6406=CARTESIAN_POINT('',(-0.311000000001111,0.696000000008947,0.0660000000043858));
#6407=CARTESIAN_POINT('',(-0.315,0.696,0.131));
#6408=CARTESIAN_POINT('',(-0.31900000001,0.69600000000228,0.131000000006667));
#6409=CARTESIAN_POINT('',(-0.319,0.696,-0.2415));
#6410=CARTESIAN_POINT('',(-0.319000000008889,0.696000000006667,0.0660000000033333));
#6411=CARTESIAN_POINT('',(-0.315,0.696,0.066));
#6412=CARTESIAN_POINT('',(-0.315,0.631,0.0985));
#6413=CARTESIAN_POINT('',(-0.315,0.631,0.066));
#6414=CARTESIAN_POINT('',(-0.311000000003333,0.631000000004386,0.06600000001));
#6415=CARTESIAN_POINT('',(-0.31900000001,0.631000000003333,0.0660000000043858));
#6416=CARTESIAN_POINT('',(-0.319,0.631,0.0985));
#6417=CARTESIAN_POINT('',(-0.31900000001,0.631,0.131000000005614));
#6418=CARTESIAN_POINT('',(-0.315,0.631,0.131));
#6419=CARTESIAN_POINT('',(-0.311000000003333,0.631000000006667,0.13100000001));
#6420=CARTESIAN_POINT('',(-0.311,0.631,-0.2415));
#6421=CARTESIAN_POINT('',(-0.315,0.6645,-0.2376257861635));
#6422=CARTESIAN_POINT('',(-0.311,0.49332072316206,-0.0772125015795454));
#6423=CARTESIAN_POINT('',(-0.311000000003333,0.587000000006769,-0.165000000006557));
#6424=CARTESIAN_POINT('',(-0.311000004926614,0.742000000007583,-0.310251577254385));
#6425=CARTESIAN_POINT('',(-0.315,0.587,-0.16499999999999));
#6426=CARTESIAN_POINT('',(-0.31900000001,0.587000000001665,-0.16500000000155));
#6427=CARTESIAN_POINT('',(-0.319,0.49332072316206,-0.0772125015795454));
#6428=CARTESIAN_POINT('',(-0.31899999016248,0.741999996694159,-0.310251569229085));
#6429=CARTESIAN_POINT('',(-0.31100000001,0.742000000010307,-0.310251572336671));
#6430=CARTESIAN_POINT('',(-0.31900000002,0.742000000009972,-0.310251572336357));
#6431=CARTESIAN_POINT('',(-0.315,0.587,0.0395));
#6432=CARTESIAN_POINT('',(0.,0.587,0.244));
#6433=CARTESIAN_POINT('',(0.31100000001,0.587000000003333,0.244));
#6434=CARTESIAN_POINT('',(0.319,0.587000000013339,0.244000000006667));
#6435=CARTESIAN_POINT('',(0.311,0.587,-0.2415));
#6436=CARTESIAN_POINT('',(0.31100000001,0.587,-0.165000000003327));
#6437=CARTESIAN_POINT('',(-0.315,0.587,-0.16499999999999));
#6438=CARTESIAN_POINT('',(0.319000000003333,0.587000000003336,-0.165000000006663));
#6439=CARTESIAN_POINT('',(0.319,0.587,-0.2415));
#6440=CARTESIAN_POINT('',(-0.315,0.6635,0.066));
#6441=CARTESIAN_POINT('',(-0.315,0.631,0.066));
#6442=CARTESIAN_POINT('',(0.319000000003333,0.631000000004386,0.06600000001));
#6443=CARTESIAN_POINT('',(0.31100000001,0.631000000003333,0.0660000000043858));
#6444=CARTESIAN_POINT('',(0.319,0.3393657718121,0.066));
#6445=CARTESIAN_POINT('',(0.319000000003333,0.696000000013333,0.0660000000043858));
#6446=CARTESIAN_POINT('',(-0.315,0.696,0.066));
#6447=CARTESIAN_POINT('',(0.31100000001,0.696000000006667,0.0660000000033333));
#6448=CARTESIAN_POINT('',(0.311,0.6635,0.066));
#6449=CARTESIAN_POINT('',(-0.315,0.6635,0.131));
#6450=CARTESIAN_POINT('',(0.311,0.3393657718121,0.131));
#6451=CARTESIAN_POINT('',(0.311000000007778,0.696000000005614,0.131000000003333));
#6452=CARTESIAN_POINT('',(0.31100000001,0.631000000001053,0.131000000005614));
#6453=CARTESIAN_POINT('',(-0.315,0.696,0.131));
#6454=CARTESIAN_POINT('',(0.319000000002222,0.69600000001,0.131000000005614));
#6455=CARTESIAN_POINT('',(0.319,0.3393657718121,0.131));
#6456=CARTESIAN_POINT('',(0.319000000003333,0.631000000006667,0.13100000001));
#6457=CARTESIAN_POINT('',(-0.315,0.631,0.131));
#6458=CARTESIAN_POINT('',(0.3072435975455,0.743033531497,-0.3232779014009));
#6459=CARTESIAN_POINT('',(0.3087530146085,0.743033531497,-0.3195498070732));
#6460=CARTESIAN_POINT('',(0.3102624316715,0.743033531497,-0.3158217127455));
#6461=CARTESIAN_POINT('',(0.3117718487345,0.743033531497,-0.3120936184178));
#6462=CARTESIAN_POINT('',(0.3084408141598,0.742689020998,-0.3238270887195));
#6463=CARTESIAN_POINT('',(0.3094691594506,0.742689020998,-0.319878317103));
#6464=CARTESIAN_POINT('',(0.3104975047415,0.742689020998,-0.3159295454864));
#6465=CARTESIAN_POINT('',(0.3115258500323,0.742689020998,-0.3119807738699));
#6466=CARTESIAN_POINT('',(0.3123665252403,0.741633101103098,-0.3246123194747));
#6467=CARTESIAN_POINT('',(0.3118174210004,0.741633101103098,-0.3203480223748));
#6468=CARTESIAN_POINT('',(0.3112683167604,0.741633101103098,-0.3160837252749));
#6469=CARTESIAN_POINT('',(0.3107192125205,0.741633101103098,-0.311819428175));
#6470=CARTESIAN_POINT('',(0.318898375118,0.739865771812098,-0.321898375118));
#6471=CARTESIAN_POINT('',(0.3157246091764,0.739865771812098,-0.3187246091764));
#6472=CARTESIAN_POINT('',(0.3125508432349,0.739865771812098,-0.3155508432349));
#6473=CARTESIAN_POINT('',(0.3093770772933,0.739865771812098,-0.3123770772933));
#6474=CARTESIAN_POINT('',(0.3216137568747,0.738097506481598,-0.3153630657437));
#6475=CARTESIAN_POINT('',(0.3173488821913,0.738097506481598,-0.3148153516166));
#6476=CARTESIAN_POINT('',(0.3130840075079,0.738097506481598,-0.3142676374895));
#6477=CARTESIAN_POINT('',(0.3088191328245,0.738097506481598,-0.3137199233623));
#6478=CARTESIAN_POINT('',(0.3208256946638,0.737040650547098,-0.3114338541046));
#6479=CARTESIAN_POINT('',(0.316877483214,0.737040650547098,-0.3124649961208));
#6480=CARTESIAN_POINT('',(0.3129292717641,0.737040650547098,-0.313496138137));
#6481=CARTESIAN_POINT('',(0.3089810603142,0.737040650547098,-0.3145272801532));
#6482=CARTESIAN_POINT('',(0.3202734184641,0.736695204008598,-0.3102338408392));
#6483=CARTESIAN_POINT('',(0.3165471254933,0.736695204008598,-0.3117471783924));
#6484=CARTESIAN_POINT('',(0.3128208325224,0.736695204008598,-0.3132605159456));
#6485=CARTESIAN_POINT('',(0.3090945395516,0.736695204008598,-0.3147738534987));
#6486=CARTESIAN_POINT('',(0.310999998338081,0.742000000564539,-0.322));
#6487=CARTESIAN_POINT('',(0.315223762946555,0.740565301916224,-0.322000000877444));
#6488=CARTESIAN_POINT('',(0.319000003460409,0.739166240971903,-0.318223760805624));
#6489=CARTESIAN_POINT('',(0.318999999999997,0.737731541397892,-0.313999993445828));
#6490=CARTESIAN_POINT('',(0.31099999016248,0.742000000015004,-0.32199999016248));
#6491=CARTESIAN_POINT('',(0.311,0.74200000001,-0.31400000001));
#6492=CARTESIAN_POINT('',(0.311,0.742000000020008,-0.32200000002));
#6493=CARTESIAN_POINT('',(0.310999996065989,0.742000003947286,-0.313999996066994));
#6494=CARTESIAN_POINT('',(0.31100000001,0.737731543634201,-0.314));
#6495=CARTESIAN_POINT('',(0.31100000001,0.74200000001,-0.314));
#6496=CARTESIAN_POINT('',(0.,0.369,-0.314));
#6497=CARTESIAN_POINT('',(0.04,0.746,-0.314));
#6498=CARTESIAN_POINT('',(0.0400000000008633,0.7420000000096,-0.314000000008));
#6499=CARTESIAN_POINT('',(0.04,0.737000000006667,-0.314000000003333));
#6500=CARTESIAN_POINT('',(0.,0.742,-0.314));
#6501=CARTESIAN_POINT('',(-0.040000000005,0.742000000005,-0.314000000005));
#6502=CARTESIAN_POINT('',(-0.04,0.369,-0.314));
#6503=CARTESIAN_POINT('',(-0.04000000001,0.737000000001112,-0.314000000006667));
#6504=CARTESIAN_POINT('',(-0.1405,0.737,-0.314));
#6505=CARTESIAN_POINT('',(-0.241000000003509,0.737000000006667,-0.31400000001));
#6506=CARTESIAN_POINT('',(-0.241,0.746,-0.314));
#6507=CARTESIAN_POINT('',(-0.241000000002,0.74200000001,-0.3140000000098));
#6508=CARTESIAN_POINT('',(0.,0.742,-0.314));
#6509=CARTESIAN_POINT('',(-0.310999996066987,0.742000000008002,-0.314000000004002));
#6510=CARTESIAN_POINT('',(-0.31100000001,0.74200000001,-0.314));
#6511=CARTESIAN_POINT('',(-0.31100000001,0.737731543634201,-0.314));
#6512=CARTESIAN_POINT('',(-0.311000000005,0.737731543638106,-0.314000000007415));
#6513=CARTESIAN_POINT('',(-0.311,0.369,-0.314));
#6514=CARTESIAN_POINT('',(0.,-0.00400000000000001,-0.314));
#6515=CARTESIAN_POINT('',(0.,0.742,-0.314));
#6516=CARTESIAN_POINT('',(0.241000000006,0.74200000001,-0.3140000000054));
#6517=CARTESIAN_POINT('',(0.241,0.369,-0.314));
#6518=CARTESIAN_POINT('',(0.241000000006667,0.737000000001112,-0.314000000006667));
#6519=CARTESIAN_POINT('',(-0.1405,0.737,-0.314));
#6520=CARTESIAN_POINT('',(-0.2825,0.657,-0.314));
#6521=CARTESIAN_POINT('',(-0.282500000006667,0.71700000001,-0.314000000006667));
#6522=CARTESIAN_POINT('',(-0.282500000008333,0.597000000006665,-0.314000000003333));
#6523=CARTESIAN_POINT('',(0.,0.717,-0.314));
#6524=CARTESIAN_POINT('',(-0.057500000005,0.717000000006665,-0.314000000003333));
#6525=CARTESIAN_POINT('',(-0.0575,0.369,-0.314));
#6526=CARTESIAN_POINT('',(-0.0575000000066665,0.597000000003335,-0.314000000003333));
#6527=CARTESIAN_POINT('',(-0.17,0.597,-0.314));
#6528=CARTESIAN_POINT('',(0.0575,0.657,-0.314));
#6529=CARTESIAN_POINT('',(0.0575,0.717000000010176,-0.314000000006667));
#6530=CARTESIAN_POINT('',(0.0575,0.597000000006667,-0.31400000001));
#6531=CARTESIAN_POINT('',(0.,0.717,-0.314));
#6532=CARTESIAN_POINT('',(0.282500000006667,0.717000000006667,-0.314000000001111));
#6533=CARTESIAN_POINT('',(0.2825,0.369,-0.314));
#6534=CARTESIAN_POINT('',(0.28250000001,0.597,-0.314000000006667));
#6535=CARTESIAN_POINT('',(-0.17,0.597,-0.314));
#6536=CARTESIAN_POINT('',(-0.17,0.717,-0.318));
#6537=CARTESIAN_POINT('',(0.,0.717,-0.322));
#6538=CARTESIAN_POINT('',(0.282500000006667,0.717000000003509,-0.322000000008889));
#6539=CARTESIAN_POINT('',(0.0575,0.717000000006667,-0.32200000001));
#6540=CARTESIAN_POINT('',(0.2825,0.717,-0.318));
#6541=CARTESIAN_POINT('',(0.0575,0.717,-0.318));
#6542=CARTESIAN_POINT('',(-0.17,0.597,-0.318));
#6543=CARTESIAN_POINT('',(0.0575,0.597,-0.318));
#6544=CARTESIAN_POINT('',(0.0575000000033333,0.597000000003333,-0.32200000001));
#6545=CARTESIAN_POINT('',(0.2825,0.597,-0.318));
#6546=CARTESIAN_POINT('',(0.282500000006843,0.597000000003333,-0.32200000001));
#6547=CARTESIAN_POINT('',(-0.17,0.597,-0.322));
#6548=CARTESIAN_POINT('',(-0.17,0.717,-0.318));
#6549=CARTESIAN_POINT('',(0.,0.717,-0.322));
#6550=CARTESIAN_POINT('',(-0.0575000000066665,0.71700000001,-0.322000000006667));
#6551=CARTESIAN_POINT('',(-0.28250000001,0.717000000006665,-0.32200000001));
#6552=CARTESIAN_POINT('',(-0.0575,0.717,-0.318));
#6553=CARTESIAN_POINT('',(-0.2825,0.717,-0.318));
#6554=CARTESIAN_POINT('',(-0.17,0.597,-0.318));
#6555=CARTESIAN_POINT('',(-0.2825,0.597,-0.318));
#6556=CARTESIAN_POINT('',(-0.282500000006667,0.597000000003335,-0.322000000006667));
#6557=CARTESIAN_POINT('',(-0.0575,0.597,-0.318));
#6558=CARTESIAN_POINT('',(-0.0575000000033335,0.597000000006665,-0.322000000006667));
#6559=CARTESIAN_POINT('',(-0.17,0.597,-0.322));
#6560=CARTESIAN_POINT('',(0.,-0.004,-0.318));
#6561=CARTESIAN_POINT('',(-0.311,-0.00400000000000001,-0.314));
#6562=CARTESIAN_POINT('',(-0.31100000001,-0.0039999901599803,-0.32199999016248));
#6563=CARTESIAN_POINT('',(0.,-0.00400000000000001,-0.322));
#6564=CARTESIAN_POINT('',(0.31099999016748,-0.004,-0.32199999016748));
#6565=CARTESIAN_POINT('',(0.311,-0.004,-0.314));
#6566=CARTESIAN_POINT('',(-0.1405,0.737,-0.318));
#6567=CARTESIAN_POINT('',(0.241,0.737,-0.318));
#6568=CARTESIAN_POINT('',(0.241000000006843,0.737000000003333,-0.32200000001));
#6569=CARTESIAN_POINT('',(-0.1405,0.737,-0.322));
#6570=CARTESIAN_POINT('',(0.0400000000033333,0.73700000001,-0.32200000001));
#6571=CARTESIAN_POINT('',(0.04,0.737,-0.318));
#6572=CARTESIAN_POINT('',(-0.311,0.3393657718121,-0.2415));
#6573=CARTESIAN_POINT('',(-0.311,0.75000000002,-0.314000000020005));
#6574=CARTESIAN_POINT('',(-0.311,0.74200000001,-0.31400000001));
#6575=CARTESIAN_POINT('',(-0.311000000002239,0.75000000001,-0.314000000009345));
#6576=CARTESIAN_POINT('',(-0.311,0.742,-0.314));
#6577=CARTESIAN_POINT('',(-0.310999998595465,0.741999998597643,-0.322));
#6578=CARTESIAN_POINT('',(-0.311000000000008,0.74200000001,-0.31400000000999));
#6579=CARTESIAN_POINT('',(-0.310999999990204,0.74200000001,-0.31666666668));
#6580=CARTESIAN_POINT('',(-0.310999999980407,0.74200000001,-0.31933333335));
#6581=CARTESIAN_POINT('',(-0.310999999970624,0.74200000001,-0.32200000002001));
#6582=CARTESIAN_POINT('',(-0.31097150631335,0.750058134621329,-0.314008437884605));
#6583=CARTESIAN_POINT('',(-0.310981060856383,0.747356069601867,-0.314008437884605));
#6584=CARTESIAN_POINT('',(-0.310990615399401,0.744654004582414,-0.314008437884605));
#6585=CARTESIAN_POINT('',(-0.311000169942412,0.741951939562993,-0.314008437884605));
#6586=CARTESIAN_POINT('',(-0.310981004342262,0.750058170036329,-0.314005625256412));
#6587=CARTESIAN_POINT('',(-0.3109873739929,0.74735609314146,-0.314005625256412));
#6588=CARTESIAN_POINT('',(-0.310993743643522,0.744654016246599,-0.314005625256412));
#6589=CARTESIAN_POINT('',(-0.311000113294138,0.74195193935177,-0.314005625256412));
#6590=CARTESIAN_POINT('',(-0.313100168678978,0.750062118278533,-0.313378074682736));
#6591=CARTESIAN_POINT('',(-0.312395937167722,0.74735871745355,-0.313378074682736));
#6592=CARTESIAN_POINT('',(-0.311691705656442,0.744655316628578,-0.313378074682736));
#6593=CARTESIAN_POINT('',(-0.310987474145151,0.741951915803629,-0.313378074682736));
#6594=CARTESIAN_POINT('',(-0.317312090205178,0.748312090205179,-0.3121257861635));
#6595=CARTESIAN_POINT('',(-0.315195511251785,0.746195511251787,-0.3121257861635));
#6596=CARTESIAN_POINT('',(-0.313078932298422,0.744078932298423,-0.3121257861635));
#6597=CARTESIAN_POINT('',(-0.310962353345029,0.741962353345029,-0.3121257861635));
#6598=CARTESIAN_POINT('',(-0.319068664860071,0.744084412538613,-0.310868813028639));
#6599=CARTESIAN_POINT('',(-0.316363068826169,0.743385464398491,-0.310868813028639));
#6600=CARTESIAN_POINT('',(-0.313657472792273,0.742686516258344,-0.310868813028639));
#6601=CARTESIAN_POINT('',(-0.310951876758371,0.741987568118185,-0.310868813028639));
#6602=CARTESIAN_POINT('',(-0.319058061999895,0.741949365079684,-0.310236577839224));
#6603=CARTESIAN_POINT('',(-0.316356021331968,0.741966344052305,-0.310236577839224));
#6604=CARTESIAN_POINT('',(-0.313653980664044,0.741983323024909,-0.310236577839224));
#6605=CARTESIAN_POINT('',(-0.310951939996117,0.742000301997508,-0.310236577839224));
#6606=CARTESIAN_POINT('',(-0.319057810088239,0.741924046852266,-0.310229080595342));
#6607=CARTESIAN_POINT('',(-0.316355853891683,0.741949515568466,-0.310229080595342));
#6608=CARTESIAN_POINT('',(-0.313653897695129,0.741974984284649,-0.310229080595342));
#6609=CARTESIAN_POINT('',(-0.310951941498572,0.742000453000828,-0.310229080595342));
#6610=CARTESIAN_POINT('',(-0.311000000004478,0.75,-0.313999999998685));
#6611=CARTESIAN_POINT('',(-0.315225696680819,0.749999999997635,-0.312739515261662));
#6612=CARTESIAN_POINT('',(-0.319000003219851,0.746225694247919,-0.31151205632997));
#6613=CARTESIAN_POINT('',(-0.318999999999998,0.741999993904248,-0.310251570508717));
#6614=CARTESIAN_POINT('',(-0.31100000001,0.742000000000024,-0.310251572326988));
#6615=CARTESIAN_POINT('',(-0.31100000000998,0.74200000000265,-0.31087631027252));
#6616=CARTESIAN_POINT('',(-0.311000000007824,0.742000000007823,-0.3121257861635));
#6617=CARTESIAN_POINT('',(-0.311000000002605,0.742000000010028,-0.313375262054542));
#6618=CARTESIAN_POINT('',(-0.310999999999976,0.742000000010008,-0.314000000000025));
#6619=CARTESIAN_POINT('',(0.311,0.3393657718121,-0.2415));
#6620=CARTESIAN_POINT('',(0.311,0.742,-0.314));
#6621=CARTESIAN_POINT('',(0.311000000005,0.75,-0.314000000010003));
#6622=CARTESIAN_POINT('',(0.311,0.75000000002,-0.314000000020006));
#6623=CARTESIAN_POINT('',(0.311,0.74200000001,-0.31400000001));
#6624=CARTESIAN_POINT('',(0.,0.742,-0.035));
#6625=CARTESIAN_POINT('',(-0.241,0.742,-0.318));
#6626=CARTESIAN_POINT('',(-0.241000000003333,0.742000000006667,-0.309000000007778));
#6627=CARTESIAN_POINT('',(-0.1405,0.742,-0.309));
#6628=CARTESIAN_POINT('',(-0.0400000000033333,0.742000000003333,-0.30900000001));
#6629=CARTESIAN_POINT('',(-0.04,0.742,-0.318));
#6630=CARTESIAN_POINT('',(0.04,0.742,-0.318));
#6631=CARTESIAN_POINT('',(0.04,0.742000000003333,-0.30900000001));
#6632=CARTESIAN_POINT('',(-0.1405,0.742,-0.309));
#6633=CARTESIAN_POINT('',(0.241000000003333,0.742000000003333,-0.309000000007778));
#6634=CARTESIAN_POINT('',(0.241,0.742,-0.318));
#6635=CARTESIAN_POINT('',(0.31100000001,0.742000000000028,-0.310251572326988));
#6636=CARTESIAN_POINT('',(0.31100000000998,0.742000000002646,-0.31087631027252));
#6637=CARTESIAN_POINT('',(0.311000000007797,0.742000000007795,-0.3121257861635));
#6638=CARTESIAN_POINT('',(0.311000000002626,0.742000000010016,-0.31337526205454));
#6639=CARTESIAN_POINT('',(0.31099999999999,0.74200000001,-0.314000000000022));
#6640=CARTESIAN_POINT('',(0.311000004928759,0.741999996414249,-0.31025157388879));
#6641=CARTESIAN_POINT('',(0.311,0.742,-0.035));
#6642=CARTESIAN_POINT('',(0.311000000006,0.74200000001,0.244));
#6643=CARTESIAN_POINT('',(0.,0.742,0.244));
#6644=CARTESIAN_POINT('',(-0.311000000004,0.742000000009327,0.244000000004));
#6645=CARTESIAN_POINT('',(-0.311,0.742,-0.2415));
#6646=CARTESIAN_POINT('',(-0.32344,0.742,-0.314));
#6647=CARTESIAN_POINT('',(0.04,0.742,-0.314));
#6648=CARTESIAN_POINT('',(0.040000000005,0.75,-0.31400000001));
#6649=CARTESIAN_POINT('',(0.04,0.74199999016998,-0.32199999017248));
#6650=CARTESIAN_POINT('',(-0.32344,0.742,-0.322));
#6651=CARTESIAN_POINT('',(-0.04,0.742000000005,-0.32200000001));
#6652=CARTESIAN_POINT('',(-0.04,0.742,-0.314));
#6653=CARTESIAN_POINT('',(-0.040000000005,0.75,-0.314000000009625));
#6654=CARTESIAN_POINT('',(-0.32344,0.75,-0.314));
#6655=CARTESIAN_POINT('',(-0.1405,0.746,-0.309));
#6656=CARTESIAN_POINT('',(0.04,0.746,-0.309));
#6657=CARTESIAN_POINT('',(0.0400000000033333,0.750000000003333,-0.30900000001));
#6658=CARTESIAN_POINT('',(0.,0.75,-0.309));
#6659=CARTESIAN_POINT('',(0.241000000006667,0.750000000003333,-0.309000000007778));
#6660=CARTESIAN_POINT('',(0.241,0.746,-0.309));
#6661=CARTESIAN_POINT('',(-0.32344,0.742,-0.314));
#6662=CARTESIAN_POINT('',(-0.32344,0.742,-0.322));
#6663=CARTESIAN_POINT('',(0.241,0.742000000005,-0.322000000005));
#6664=CARTESIAN_POINT('',(0.241,0.742,-0.314));
#6665=CARTESIAN_POINT('',(0.241000000005,0.75,-0.314000000004998));
#6666=CARTESIAN_POINT('',(-0.32344,0.75,-0.314));
#6667=CARTESIAN_POINT('',(-0.32344,0.742,-0.314));
#6668=CARTESIAN_POINT('',(-0.32344,0.75,-0.314));
#6669=CARTESIAN_POINT('',(-0.241000000005,0.75000000001,-0.314000000015));
#6670=CARTESIAN_POINT('',(-0.241,0.742,-0.314));
#6671=CARTESIAN_POINT('',(-0.241,0.741999998041496,-0.32199999016248));
#6672=CARTESIAN_POINT('',(-0.32344,0.742,-0.322));
#6673=CARTESIAN_POINT('',(-0.1405,0.746,-0.309));
#6674=CARTESIAN_POINT('',(-0.241,0.746,-0.309));
#6675=CARTESIAN_POINT('',(-0.241000000006843,0.750000000003333,-0.30900000001));
#6676=CARTESIAN_POINT('',(0.,0.75,-0.309));
#6677=CARTESIAN_POINT('',(-0.0400000000066667,0.750000000003333,-0.309000000007778));
#6678=CARTESIAN_POINT('',(-0.04,0.746,-0.309));
#6679=CARTESIAN_POINT('',(-0.311,0.742,-0.32516));
#6680=CARTESIAN_POINT('',(-0.319,0.742,-0.32516));
#6681=CARTESIAN_POINT('',(-0.31899999016248,0.741999998040996,0.244));
#6682=CARTESIAN_POINT('',(-0.311,0.742,0.244));
#6683=CARTESIAN_POINT('',(-0.311000000004997,0.750000000005,0.244000000005));
#6684=CARTESIAN_POINT('',(-0.311,0.75,-0.32516));
#6685=CARTESIAN_POINT('',(0.311,0.742,0.25516));
#6686=CARTESIAN_POINT('',(0.311,0.742,0.244));
#6687=CARTESIAN_POINT('',(0.31100000001,0.75000000001,0.244000000005));
#6688=CARTESIAN_POINT('',(0.319,0.741999998035747,0.24399999015748));
#6689=CARTESIAN_POINT('',(0.319,0.742,0.25516));
#6690=CARTESIAN_POINT('',(0.319,0.74199999282146,-0.310251561060468));
#6691=CARTESIAN_POINT('',(0.318999999999998,0.741999993901146,-0.310251570507789));
#6692=CARTESIAN_POINT('',(0.319000003221487,0.746225691565276,-0.311512055529748));
#6693=CARTESIAN_POINT('',(0.31522570133034,0.749999999997773,-0.312739513874745));
#6694=CARTESIAN_POINT('',(0.311000000004216,0.75,-0.313999999998754));
#6695=CARTESIAN_POINT('',(0.311,0.75,0.25516));
#6696=CARTESIAN_POINT('',(0.,0.75,-0.035));
#6697=CARTESIAN_POINT('',(-0.04,0.75,-0.035));
#6698=CARTESIAN_POINT('',(-0.241,0.75,-0.035));
#6699=CARTESIAN_POINT('',(0.,0.75,0.244));
#6700=CARTESIAN_POINT('',(0.241,0.75,-0.035));
#6701=CARTESIAN_POINT('',(0.04,0.75,-0.035));
#6702=CARTESIAN_POINT('',(0.04,0.746,-0.318));
#6703=CARTESIAN_POINT('',(0.04,0.746,-0.322));
#6704=CARTESIAN_POINT('',(-0.1405,0.737,-0.318));
#6705=CARTESIAN_POINT('',(-0.04,0.737,-0.318));
#6706=CARTESIAN_POINT('',(-0.0400000000033333,0.737000000003333,-0.32200000001));
#6707=CARTESIAN_POINT('',(-0.1405,0.737,-0.322));
#6708=CARTESIAN_POINT('',(-0.241000000003333,0.737000000004445,-0.322000000006111));
#6709=CARTESIAN_POINT('',(-0.241,0.737,-0.318));
#6710=CARTESIAN_POINT('',(-0.311,0.75692,-0.314));
#6711=CARTESIAN_POINT('',(-0.311,0.75692,-0.322));
#6712=CARTESIAN_POINT('',(-0.319,0.75692,-0.314));
#6713=CARTESIAN_POINT('',(-0.319000000005,0.73773153644861,-0.31399999327918));
#6714=CARTESIAN_POINT('',(-0.319,0.737731543627586,-0.314000000010096));
#6715=CARTESIAN_POINT('',(-0.318999999994669,0.739166241777369,-0.318223763141837));
#6716=CARTESIAN_POINT('',(-0.315223764216906,0.740565301484729,-0.322000000878727));
#6717=CARTESIAN_POINT('',(-0.310999998335652,0.742000000565355,-0.322));
#6718=CARTESIAN_POINT('',(-0.241,0.746,-0.318));
#6719=CARTESIAN_POINT('',(-0.241,0.746,-0.322));
#6720=CARTESIAN_POINT('',(-0.319,0.3393657718121,-0.2415));
#6721=CARTESIAN_POINT('',(-0.319,0.6635,0.066));
#6722=CARTESIAN_POINT('',(-0.319,0.3393657718121,0.131));
#6723=CARTESIAN_POINT('',(-0.319,0.746,0.244));
#6724=CARTESIAN_POINT('',(-0.31900000001,0.587000000006667,0.244));
#6725=CARTESIAN_POINT('',(-0.319,0.587,-0.2415));
#6726=CARTESIAN_POINT('',(0.310971505186445,0.750058134612234,-0.314008438218309));
#6727=CARTESIAN_POINT('',(0.310981060107333,0.747356069596487,-0.314008438218309));
#6728=CARTESIAN_POINT('',(0.310990615028226,0.744654004580748,-0.314008438218309));
#6729=CARTESIAN_POINT('',(0.311000169949141,0.741951939565045,-0.314008438218309));
#6730=CARTESIAN_POINT('',(0.310981003590994,0.750058170030037,-0.31400562547888));
#6731=CARTESIAN_POINT('',(0.310987373493529,0.747356093137943,-0.31400562547888));
#6732=CARTESIAN_POINT('',(0.310993743396068,0.744654016245856,-0.31400562547888));
#6733=CARTESIAN_POINT('',(0.311000113298628,0.741951939353806,-0.31400562547888));
#6734=CARTESIAN_POINT('',(0.31310016830355,0.750062118429091,-0.313378074793969));
#6735=CARTESIAN_POINT('',(0.312395936918328,0.747358717554286,-0.313378074793969));
#6736=CARTESIAN_POINT('',(0.311691705533113,0.744655316679488,-0.313378074793969));
#6737=CARTESIAN_POINT('',(0.310987474147935,0.741951915804727,-0.313378074793969));
#6738=CARTESIAN_POINT('',(0.317312090201391,0.748312090201392,-0.3121257861635));
#6739=CARTESIAN_POINT('',(0.315195511249775,0.746195511249775,-0.3121257861635));
#6740=CARTESIAN_POINT('',(0.313078932298166,0.744078932298165,-0.3121257861635));
#6741=CARTESIAN_POINT('',(0.310962353346594,0.741962353346594,-0.3121257861635));
#6742=CARTESIAN_POINT('',(0.319068665665065,0.744084410588176,-0.310868812449104));
#6743=CARTESIAN_POINT('',(0.316363069361891,0.743385463102217,-0.310868812449104));
#6744=CARTESIAN_POINT('',(0.313657473058742,0.742686515616283,-0.310868812449104));
#6745=CARTESIAN_POINT('',(0.310951876755578,0.741987568130333,-0.310868812449104));
#6746=CARTESIAN_POINT('',(0.319058061975569,0.741949361165564,-0.310236576680154));
#6747=CARTESIAN_POINT('',(0.316356021316462,0.741966341450647,-0.310236576680154));
#6748=CARTESIAN_POINT('',(0.31365398065737,0.741983321735758,-0.310236576680154));
#6749=CARTESIAN_POINT('',(0.310951939998267,0.742000302020845,-0.310236576680154));
#6750=CARTESIAN_POINT('',(0.319057810024932,0.741924040981044,-0.310229078856738));
#6751=CARTESIAN_POINT('',(0.316355853850267,0.741949511665963,-0.310229078856738));
#6752=CARTESIAN_POINT('',(0.313653897675617,0.741974982350909,-0.310229078856738));
#6753=CARTESIAN_POINT('',(0.310951941500954,0.74200045303583,-0.310229078856738));
#6754=CARTESIAN_POINT('',(0.319000000020013,0.742000000005457,-0.310251572328646));
#6755=CARTESIAN_POINT('',(0.316333333349999,0.742000000003638,-0.310251572328646));
#6756=CARTESIAN_POINT('',(0.31366666668,0.742000000001843,-0.310251572328646));
#6757=CARTESIAN_POINT('',(0.311000000009989,0.742000000000028,-0.310251572328646));
#6758=CARTESIAN_POINT('',(0.319,0.3393657718121,-0.2415));
#6759=CARTESIAN_POINT('',(0.319,0.49332072316206,-0.0772125015795454));
#6760=CARTESIAN_POINT('',(0.319,0.3393657718121,0.244));
#6761=CARTESIAN_POINT('',(0.319,0.696,-0.2415));
#6762=CARTESIAN_POINT('',(0.319,0.631,-0.2415));
#6763=CARTESIAN_POINT('',(0.241,0.746,-0.318));
#6764=CARTESIAN_POINT('',(0.241,0.369,-0.322));
#6765=CARTESIAN_POINT('',(-0.04,0.746,-0.318));
#6766=CARTESIAN_POINT('',(-0.04,0.369,-0.322));
#6767=CARTESIAN_POINT('',(0.,0.369,-0.322));
#6768=CARTESIAN_POINT('',(0.2825,0.369,-0.322));
#6769=CARTESIAN_POINT('',(0.0575,0.657,-0.322));
#6770=CARTESIAN_POINT('',(-0.0575,0.369,-0.322));
#6771=CARTESIAN_POINT('',(-0.2825,0.657,-0.322));
#6772=CARTESIAN_POINT('',(0.311,-0.01892,-0.322));
#6773=CARTESIAN_POINT('',(-0.319,0.3393657718121,-0.2415));
#6774=CARTESIAN_POINT('',(-0.319,0.1095,-0.2515));
#6775=CARTESIAN_POINT('',(-0.319,0.1745,-0.2415));
#6776=CARTESIAN_POINT('',(-0.319,0.4095,-0.2515));
#6777=CARTESIAN_POINT('',(-0.319,0.4745,-0.2415));
#6778=CARTESIAN_POINT('',(-0.319,0.660365771812098,-0.2415));
#6779=CARTESIAN_POINT('',(-0.319,-0.039,-0.294));
#6780=CARTESIAN_POINT('',(-0.31899999016248,-0.059,-0.294000000003333));
#6781=CARTESIAN_POINT('',(-0.319,-0.059,-0.2415));
#6782=CARTESIAN_POINT('',(-0.3072437534227,0.743033531497,-0.3232775164012));
#6783=CARTESIAN_POINT('',(-0.3087531185267,0.743033531497,-0.3195495504067));
#6784=CARTESIAN_POINT('',(-0.3102624836306,0.743033531497,-0.3158215844123));
#6785=CARTESIAN_POINT('',(-0.3117718487345,0.743033531497,-0.3120936184178));
#6786=CARTESIAN_POINT('',(-0.3084409203568,0.742689020998,-0.3238266809305));
#6787=CARTESIAN_POINT('',(-0.3094692302486,0.742689020998,-0.3198780452436));
#6788=CARTESIAN_POINT('',(-0.3104975401405,0.742689020998,-0.3159294095568));
#6789=CARTESIAN_POINT('',(-0.3115258500323,0.742689020998,-0.3119807738699));
#6790=CARTESIAN_POINT('',(-0.3123664685344,0.741633101103098,-0.3246118791014));
#6791=CARTESIAN_POINT('',(-0.3118173831964,0.741633101103098,-0.3203477287926));
#6792=CARTESIAN_POINT('',(-0.3112682978584,0.741633101103098,-0.3160835784838));
#6793=CARTESIAN_POINT('',(-0.3107192125205,0.741633101103098,-0.311819428175));
#6794=CARTESIAN_POINT('',(-0.3188980473637,0.739865771812098,-0.3218980473637));
#6795=CARTESIAN_POINT('',(-0.3157243906736,0.739865771812098,-0.3187243906736));
#6796=CARTESIAN_POINT('',(-0.3125507339834,0.739865771812098,-0.3155507339834));
#6797=CARTESIAN_POINT('',(-0.3093770772933,0.739865771812098,-0.3123770772933));
#6798=CARTESIAN_POINT('',(-0.3216133164417,0.738097506481598,-0.3153630091814));
#6799=CARTESIAN_POINT('',(-0.3173485885693,0.738097506481598,-0.3148153139084));
#6800=CARTESIAN_POINT('',(-0.3130838606969,0.738097506481598,-0.3142676186353));
#6801=CARTESIAN_POINT('',(-0.3088191328245,0.738097506481598,-0.3137199233623));
#6802=CARTESIAN_POINT('',(-0.3208252869327,0.737040650547098,-0.3114339605905));
#6803=CARTESIAN_POINT('',(-0.3168772113932,0.737040650547098,-0.3124650671114));
#6804=CARTESIAN_POINT('',(-0.3129291358537,0.737040650547098,-0.3134961736323));
#6805=CARTESIAN_POINT('',(-0.3089810603142,0.737040650547098,-0.3145272801532));
#6806=CARTESIAN_POINT('',(-0.3202730336504,0.736695204008598,-0.3102339971214));
#6807=CARTESIAN_POINT('',(-0.3165468689508,0.736695204008598,-0.3117472825805));
#6808=CARTESIAN_POINT('',(-0.3128207042512,0.736695204008598,-0.3132605680396));
#6809=CARTESIAN_POINT('',(-0.3090945395516,0.736695204008598,-0.3147738534987));
#6810=CARTESIAN_POINT('',(-0.319000000009998,0.737731543628244,-0.314000000012024));
#6811=CARTESIAN_POINT('',(-0.31633333334,0.737731543628244,-0.314000000008017));
#6812=CARTESIAN_POINT('',(-0.31366666667,0.737731543628244,-0.314000000003995));
#6813=CARTESIAN_POINT('',(-0.311000000000002,0.737731543628244,-0.313999999999988));
#6814=CARTESIAN_POINT('',(-0.315,0.6635,0.066));
#6815=CARTESIAN_POINT('',(-0.311,0.3393657718121,0.066));
#6816=CARTESIAN_POINT('',(-0.315,0.6635,0.131));
#6817=CARTESIAN_POINT('',(-0.311,0.3393657718121,0.131));
#6818=CARTESIAN_POINT('',(-0.315,0.587,0.0395));
#6819=CARTESIAN_POINT('',(0.,0.587,0.244));
#6820=CARTESIAN_POINT('',(-0.311000000003333,0.587000000016672,0.244000000006667));
#6821=CARTESIAN_POINT('',(-0.311,0.587,-0.2415));
#6822=CARTESIAN_POINT('',(0.,0.746,0.244));
#6823=CARTESIAN_POINT('',(-0.311,0.3393657718121,0.244));
#6824=CARTESIAN_POINT('',(0.311,0.746,0.244));
#6825=CARTESIAN_POINT('',(-0.315,0.6645,-0.2376257861635));
#6826=CARTESIAN_POINT('',(0.311,0.49332072316206,-0.0772125015795454));
#6827=CARTESIAN_POINT('',(-0.315,0.631,0.0985));
#6828=CARTESIAN_POINT('',(0.311,0.631,0.0985));
#6829=CARTESIAN_POINT('',(-0.315,0.696,0.0985));
#6830=CARTESIAN_POINT('',(0.311,0.696,-0.2415));
#6831=CARTESIAN_POINT('',(0.311,0.3393657718121,-0.2415));
#6832=CARTESIAN_POINT('',(-0.311,0.3393657718121,-0.2415));
#6833=CARTESIAN_POINT('',(0.2825,0.657,-0.318));
#6834=CARTESIAN_POINT('',(0.0575,0.657,-0.318));
#6835=CARTESIAN_POINT('',(-0.0575,0.657,-0.318));
#6836=CARTESIAN_POINT('',(-0.2825,0.657,-0.318));
#6837=CARTESIAN_POINT('',(0.311,-0.01892,-0.314));
#6838=CARTESIAN_POINT('',(0.319,-0.01892,-0.314));
#6839=CARTESIAN_POINT('',(-0.3207301374281,-0.039,-0.294));
#6840=CARTESIAN_POINT('',(0.319,-0.039,-0.294));
#6841=CARTESIAN_POINT('',(-0.315,0.4095,-0.2515));
#6842=CARTESIAN_POINT('',(0.319,0.4095,-0.2415));
#6843=CARTESIAN_POINT('',(-0.315,0.4745,-0.2515));
#6844=CARTESIAN_POINT('',(0.319,0.4745,-0.2415));
#6845=CARTESIAN_POINT('',(-0.315,0.1095,-0.2515));
#6846=CARTESIAN_POINT('',(0.319,0.1095,-0.2415));
#6847=CARTESIAN_POINT('',(-0.315,0.1745,-0.2515));
#6848=CARTESIAN_POINT('',(0.319,0.1745,-0.2415));
#6849=CARTESIAN_POINT('',(-0.315,0.1745,-0.2515));
#6850=CARTESIAN_POINT('',(-0.311,0.1745,-0.2415));
#6851=CARTESIAN_POINT('',(-0.315,0.1095,-0.2515));
#6852=CARTESIAN_POINT('',(-0.311,0.1095,-0.2415));
#6853=CARTESIAN_POINT('',(-0.315,0.4745,-0.2515));
#6854=CARTESIAN_POINT('',(-0.311,0.4745,-0.2415));
#6855=CARTESIAN_POINT('',(-0.315,0.4095,-0.2515));
#6856=CARTESIAN_POINT('',(-0.311,0.4095,-0.2415));
#6857=CARTESIAN_POINT('',(-0.3207301374281,-0.039,-0.294));
#6858=CARTESIAN_POINT('',(-0.311,-0.039,-0.294));
#6859=CARTESIAN_POINT('',(-0.31100000984752,-0.059,-0.294000000004167));
#6860=CARTESIAN_POINT('',(-0.3207301374281,-0.059,-0.294));
#6861=CARTESIAN_POINT('',(-0.315,-0.059,-0.2315));
#6862=CARTESIAN_POINT('',(-0.311,-0.059,-0.2415));
#6863=CARTESIAN_POINT('',(-0.315,0.660365771812098,-0.2415));
#6864=CARTESIAN_POINT('',(-0.311,0.489454668657238,-0.0813380228297035));
#6865=CARTESIAN_POINT('',(-0.311,0.3393657718121,-0.2415));
#6866=CARTESIAN_POINT('',(0.319,0.3393657718121,-0.2415));
#6867=CARTESIAN_POINT('',(0.,0.,0.));
#6868=(
GEOMETRIC_REPRESENTATION_CONTEXT(3)
GLOBAL_UNCERTAINTY_ASSIGNED_CONTEXT((#6886))
GLOBAL_UNIT_ASSIGNED_CONTEXT((#6906,#6905,#6904))
REPRESENTATION_CONTEXT('0821-1G1T-43-F','TOP_LEVEL_ASSEMBLY_PART')
);
#6869=(
GEOMETRIC_REPRESENTATION_CONTEXT(3)
GLOBAL_UNCERTAINTY_ASSIGNED_CONTEXT((#6887))
GLOBAL_UNIT_ASSIGNED_CONTEXT((#6906,#6905,#6904))
REPRESENTATION_CONTEXT('0821-1G1T-43-F_PART1','COMPONENT_PART')
);
#6870=(
GEOMETRIC_REPRESENTATION_CONTEXT(3)
GLOBAL_UNCERTAINTY_ASSIGNED_CONTEXT((#6888))
GLOBAL_UNIT_ASSIGNED_CONTEXT((#6906,#6905,#6904))
REPRESENTATION_CONTEXT('0821-1G1T-43-F_PART2','COMPONENT_PART')
);
#6871=(
GEOMETRIC_REPRESENTATION_CONTEXT(3)
GLOBAL_UNCERTAINTY_ASSIGNED_CONTEXT((#6889))
GLOBAL_UNIT_ASSIGNED_CONTEXT((#6906,#6905,#6904))
REPRESENTATION_CONTEXT('0821-1G1T-43-F_PART3','COMPONENT_PART')
);
#6872=(
GEOMETRIC_REPRESENTATION_CONTEXT(3)
GLOBAL_UNCERTAINTY_ASSIGNED_CONTEXT((#6890))
GLOBAL_UNIT_ASSIGNED_CONTEXT((#6906,#6905,#6904))
REPRESENTATION_CONTEXT('0821-1G1T-43-F_PART4','COMPONENT_PART')
);
#6873=(
GEOMETRIC_REPRESENTATION_CONTEXT(3)
GLOBAL_UNCERTAINTY_ASSIGNED_CONTEXT((#6891))
GLOBAL_UNIT_ASSIGNED_CONTEXT((#6906,#6905,#6904))
REPRESENTATION_CONTEXT('0821-1G1T-43-F_PART5','COMPONENT_PART')
);
#6874=(
GEOMETRIC_REPRESENTATION_CONTEXT(3)
GLOBAL_UNCERTAINTY_ASSIGNED_CONTEXT((#6892))
GLOBAL_UNIT_ASSIGNED_CONTEXT((#6906,#6905,#6904))
REPRESENTATION_CONTEXT('0821-1G1T-43-F_PART6','COMPONENT_PART')
);
#6875=(
GEOMETRIC_REPRESENTATION_CONTEXT(3)
GLOBAL_UNCERTAINTY_ASSIGNED_CONTEXT((#6893))
GLOBAL_UNIT_ASSIGNED_CONTEXT((#6906,#6905,#6904))
REPRESENTATION_CONTEXT('0821-1G1T-43-F_PART7','COMPONENT_PART')
);
#6876=(
GEOMETRIC_REPRESENTATION_CONTEXT(3)
GLOBAL_UNCERTAINTY_ASSIGNED_CONTEXT((#6894))
GLOBAL_UNIT_ASSIGNED_CONTEXT((#6906,#6905,#6904))
REPRESENTATION_CONTEXT('0821-1G1T-43-F_PART8','COMPONENT_PART')
);
#6877=(
GEOMETRIC_REPRESENTATION_CONTEXT(3)
GLOBAL_UNCERTAINTY_ASSIGNED_CONTEXT((#6895))
GLOBAL_UNIT_ASSIGNED_CONTEXT((#6906,#6905,#6904))
REPRESENTATION_CONTEXT('0821-1G1T-43-F_PART9','COMPONENT_PART')
);
#6878=(
GEOMETRIC_REPRESENTATION_CONTEXT(3)
GLOBAL_UNCERTAINTY_ASSIGNED_CONTEXT((#6896))
GLOBAL_UNIT_ASSIGNED_CONTEXT((#6906,#6905,#6904))
REPRESENTATION_CONTEXT('0821-1G1T-43-F_PART10','COMPONENT_PART')
);
#6879=(
GEOMETRIC_REPRESENTATION_CONTEXT(3)
GLOBAL_UNCERTAINTY_ASSIGNED_CONTEXT((#6897))
GLOBAL_UNIT_ASSIGNED_CONTEXT((#6906,#6905,#6904))
REPRESENTATION_CONTEXT('0821-1G1T-43-F_PART11','COMPONENT_PART')
);
#6880=(
GEOMETRIC_REPRESENTATION_CONTEXT(3)
GLOBAL_UNCERTAINTY_ASSIGNED_CONTEXT((#6898))
GLOBAL_UNIT_ASSIGNED_CONTEXT((#6906,#6905,#6904))
REPRESENTATION_CONTEXT('0821-1G1T-43-F_PART12','COMPONENT_PART')
);
#6881=(
GEOMETRIC_REPRESENTATION_CONTEXT(3)
GLOBAL_UNCERTAINTY_ASSIGNED_CONTEXT((#6899))
GLOBAL_UNIT_ASSIGNED_CONTEXT((#6906,#6905,#6904))
REPRESENTATION_CONTEXT('0821-1G1T-43-F_PART13','COMPONENT_PART')
);
#6882=(
GEOMETRIC_REPRESENTATION_CONTEXT(3)
GLOBAL_UNCERTAINTY_ASSIGNED_CONTEXT((#6900))
GLOBAL_UNIT_ASSIGNED_CONTEXT((#6906,#6905,#6904))
REPRESENTATION_CONTEXT('0821-1G1T-43-F_PART14','COMPONENT_PART')
);
#6883=(
GEOMETRIC_REPRESENTATION_CONTEXT(3)
GLOBAL_UNCERTAINTY_ASSIGNED_CONTEXT((#6901))
GLOBAL_UNIT_ASSIGNED_CONTEXT((#6906,#6905,#6904))
REPRESENTATION_CONTEXT('0821-1G1T-43-F_PART15','COMPONENT_PART')
);
#6884=(
GEOMETRIC_REPRESENTATION_CONTEXT(3)
GLOBAL_UNCERTAINTY_ASSIGNED_CONTEXT((#6902))
GLOBAL_UNIT_ASSIGNED_CONTEXT((#6906,#6905,#6904))
REPRESENTATION_CONTEXT('0821-1G1T-43-F_PART16','COMPONENT_PART')
);
#6885=(
GEOMETRIC_REPRESENTATION_CONTEXT(3)
GLOBAL_UNCERTAINTY_ASSIGNED_CONTEXT((#6903))
GLOBAL_UNIT_ASSIGNED_CONTEXT((#6906,#6905,#6904))
REPRESENTATION_CONTEXT('0821-1G1T-43-F_PART17','COMPONENT_PART')
);
#6886=UNCERTAINTY_MEASURE_WITH_UNIT(LENGTH_MEASURE(3.93700787401575E-7),
#6906,'DISTANCE_ACCURACY_VALUE','Maximum Tolerance applied to model');
#6887=UNCERTAINTY_MEASURE_WITH_UNIT(LENGTH_MEASURE(3.93700787401575E-7),
#6906,'DISTANCE_ACCURACY_VALUE','Maximum Tolerance applied to model');
#6888=UNCERTAINTY_MEASURE_WITH_UNIT(LENGTH_MEASURE(3.93700787401575E-7),
#6906,'DISTANCE_ACCURACY_VALUE','Maximum Tolerance applied to model');
#6889=UNCERTAINTY_MEASURE_WITH_UNIT(LENGTH_MEASURE(0.00078740157480315),
#6906,'DISTANCE_ACCURACY_VALUE','Maximum Tolerance applied to model');
#6890=UNCERTAINTY_MEASURE_WITH_UNIT(LENGTH_MEASURE(3.93700787401575E-5),
#6906,'DISTANCE_ACCURACY_VALUE','Maximum Tolerance applied to model');
#6891=UNCERTAINTY_MEASURE_WITH_UNIT(LENGTH_MEASURE(3.93700787401575E-7),
#6906,'DISTANCE_ACCURACY_VALUE','Maximum Tolerance applied to model');
#6892=UNCERTAINTY_MEASURE_WITH_UNIT(LENGTH_MEASURE(3.93700787401575E-7),
#6906,'DISTANCE_ACCURACY_VALUE','Maximum Tolerance applied to model');
#6893=UNCERTAINTY_MEASURE_WITH_UNIT(LENGTH_MEASURE(3.93700787401575E-7),
#6906,'DISTANCE_ACCURACY_VALUE','Maximum Tolerance applied to model');
#6894=UNCERTAINTY_MEASURE_WITH_UNIT(LENGTH_MEASURE(3.93700787401575E-7),
#6906,'DISTANCE_ACCURACY_VALUE','Maximum Tolerance applied to model');
#6895=UNCERTAINTY_MEASURE_WITH_UNIT(LENGTH_MEASURE(3.93700787401575E-7),
#6906,'DISTANCE_ACCURACY_VALUE','Maximum Tolerance applied to model');
#6896=UNCERTAINTY_MEASURE_WITH_UNIT(LENGTH_MEASURE(3.93700787401575E-7),
#6906,'DISTANCE_ACCURACY_VALUE','Maximum Tolerance applied to model');
#6897=UNCERTAINTY_MEASURE_WITH_UNIT(LENGTH_MEASURE(3.93700787401575E-7),
#6906,'DISTANCE_ACCURACY_VALUE','Maximum Tolerance applied to model');
#6898=UNCERTAINTY_MEASURE_WITH_UNIT(LENGTH_MEASURE(3.93700787401575E-7),
#6906,'DISTANCE_ACCURACY_VALUE','Maximum Tolerance applied to model');
#6899=UNCERTAINTY_MEASURE_WITH_UNIT(LENGTH_MEASURE(3.93700787401575E-7),
#6906,'DISTANCE_ACCURACY_VALUE','Maximum Tolerance applied to model');
#6900=UNCERTAINTY_MEASURE_WITH_UNIT(LENGTH_MEASURE(3.93700787401575E-7),
#6906,'DISTANCE_ACCURACY_VALUE','Maximum Tolerance applied to model');
#6901=UNCERTAINTY_MEASURE_WITH_UNIT(LENGTH_MEASURE(3.93700787401575E-7),
#6906,'DISTANCE_ACCURACY_VALUE','Maximum Tolerance applied to model');
#6902=UNCERTAINTY_MEASURE_WITH_UNIT(LENGTH_MEASURE(3.93700787401575E-7),
#6906,'DISTANCE_ACCURACY_VALUE','Maximum Tolerance applied to model');
#6903=UNCERTAINTY_MEASURE_WITH_UNIT(LENGTH_MEASURE(0.00078740157480315),
#6906,'DISTANCE_ACCURACY_VALUE','Maximum Tolerance applied to model');
#6904=(
NAMED_UNIT(*)
SI_UNIT($,.STERADIAN.)
SOLID_ANGLE_UNIT()
);
#6905=(
NAMED_UNIT(*)
PLANE_ANGLE_UNIT()
SI_UNIT($,.RADIAN.)
);
#6906=(
CONVERSION_BASED_UNIT('INCH',#6908)
LENGTH_UNIT()
NAMED_UNIT(#6907)
);
#6907=DIMENSIONAL_EXPONENTS(1.,0.,0.,0.,0.,0.,0.);
#6908=LENGTH_MEASURE_WITH_UNIT(LENGTH_MEASURE(25.4),#6909);
#6909=(
LENGTH_UNIT()
NAMED_UNIT(*)
SI_UNIT(.MILLI.,.METRE.)
);
#6910=PRODUCT_DEFINITION_SHAPE('','',#6945);
#6911=PRODUCT_DEFINITION_SHAPE('','',#6946);
#6912=PRODUCT_DEFINITION_SHAPE(' ','NAUO PRDDFN',#3962);
#6913=PRODUCT_DEFINITION_SHAPE('','',#6947);
#6914=PRODUCT_DEFINITION_SHAPE(' ','NAUO PRDDFN',#3963);
#6915=PRODUCT_DEFINITION_SHAPE('','',#6948);
#6916=PRODUCT_DEFINITION_SHAPE(' ','NAUO PRDDFN',#3964);
#6917=PRODUCT_DEFINITION_SHAPE('','',#6949);
#6918=PRODUCT_DEFINITION_SHAPE(' ','NAUO PRDDFN',#3965);
#6919=PRODUCT_DEFINITION_SHAPE('','',#6950);
#6920=PRODUCT_DEFINITION_SHAPE(' ','NAUO PRDDFN',#3966);
#6921=PRODUCT_DEFINITION_SHAPE('','',#6951);
#6922=PRODUCT_DEFINITION_SHAPE(' ','NAUO PRDDFN',#3967);
#6923=PRODUCT_DEFINITION_SHAPE('','',#6952);
#6924=PRODUCT_DEFINITION_SHAPE(' ','NAUO PRDDFN',#3968);
#6925=PRODUCT_DEFINITION_SHAPE('','',#6953);
#6926=PRODUCT_DEFINITION_SHAPE(' ','NAUO PRDDFN',#3969);
#6927=PRODUCT_DEFINITION_SHAPE('','',#6954);
#6928=PRODUCT_DEFINITION_SHAPE(' ','NAUO PRDDFN',#3970);
#6929=PRODUCT_DEFINITION_SHAPE('','',#6955);
#6930=PRODUCT_DEFINITION_SHAPE(' ','NAUO PRDDFN',#3971);
#6931=PRODUCT_DEFINITION_SHAPE('','',#6956);
#6932=PRODUCT_DEFINITION_SHAPE(' ','NAUO PRDDFN',#3972);
#6933=PRODUCT_DEFINITION_SHAPE('','',#6957);
#6934=PRODUCT_DEFINITION_SHAPE(' ','NAUO PRDDFN',#3973);
#6935=PRODUCT_DEFINITION_SHAPE('','',#6958);
#6936=PRODUCT_DEFINITION_SHAPE(' ','NAUO PRDDFN',#3974);
#6937=PRODUCT_DEFINITION_SHAPE('','',#6959);
#6938=PRODUCT_DEFINITION_SHAPE(' ','NAUO PRDDFN',#3975);
#6939=PRODUCT_DEFINITION_SHAPE('','',#6960);
#6940=PRODUCT_DEFINITION_SHAPE(' ','NAUO PRDDFN',#3976);
#6941=PRODUCT_DEFINITION_SHAPE('','',#6961);
#6942=PRODUCT_DEFINITION_SHAPE(' ','NAUO PRDDFN',#3977);
#6943=PRODUCT_DEFINITION_SHAPE('','',#6962);
#6944=PRODUCT_DEFINITION_SHAPE(' ','NAUO PRDDFN',#3978);
#6945=PRODUCT_DEFINITION('','',#6981,#6963);
#6946=PRODUCT_DEFINITION('','',#6982,#6964);
#6947=PRODUCT_DEFINITION('','',#6983,#6965);
#6948=PRODUCT_DEFINITION('','',#6984,#6966);
#6949=PRODUCT_DEFINITION('','',#6985,#6967);
#6950=PRODUCT_DEFINITION('','',#6986,#6968);
#6951=PRODUCT_DEFINITION('','',#6987,#6969);
#6952=PRODUCT_DEFINITION('','',#6988,#6970);
#6953=PRODUCT_DEFINITION('','',#6989,#6971);
#6954=PRODUCT_DEFINITION('','',#6990,#6972);
#6955=PRODUCT_DEFINITION('','',#6991,#6973);
#6956=PRODUCT_DEFINITION('','',#6992,#6974);
#6957=PRODUCT_DEFINITION('','',#6993,#6975);
#6958=PRODUCT_DEFINITION('','',#6994,#6976);
#6959=PRODUCT_DEFINITION('','',#6995,#6977);
#6960=PRODUCT_DEFINITION('','',#6996,#6978);
#6961=PRODUCT_DEFINITION('','',#6997,#6979);
#6962=PRODUCT_DEFINITION('','',#6998,#6980);
#6963=PRODUCT_DEFINITION_CONTEXT('',#7072,'design');
#6964=PRODUCT_DEFINITION_CONTEXT('',#7072,'design');
#6965=PRODUCT_DEFINITION_CONTEXT('',#7072,'design');
#6966=PRODUCT_DEFINITION_CONTEXT('',#7072,'design');
#6967=PRODUCT_DEFINITION_CONTEXT('',#7072,'design');
#6968=PRODUCT_DEFINITION_CONTEXT('',#7072,'design');
#6969=PRODUCT_DEFINITION_CONTEXT('',#7072,'design');
#6970=PRODUCT_DEFINITION_CONTEXT('',#7072,'design');
#6971=PRODUCT_DEFINITION_CONTEXT('',#7072,'design');
#6972=PRODUCT_DEFINITION_CONTEXT('',#7072,'design');
#6973=PRODUCT_DEFINITION_CONTEXT('',#7072,'design');
#6974=PRODUCT_DEFINITION_CONTEXT('',#7072,'design');
#6975=PRODUCT_DEFINITION_CONTEXT('',#7072,'design');
#6976=PRODUCT_DEFINITION_CONTEXT('',#7072,'design');
#6977=PRODUCT_DEFINITION_CONTEXT('',#7072,'design');
#6978=PRODUCT_DEFINITION_CONTEXT('',#7072,'design');
#6979=PRODUCT_DEFINITION_CONTEXT('',#7072,'design');
#6980=PRODUCT_DEFINITION_CONTEXT('',#7072,'design');
#6981=PRODUCT_DEFINITION_FORMATION_WITH_SPECIFIED_SOURCE('','',#7017,
 .NOT_KNOWN.);
#6982=PRODUCT_DEFINITION_FORMATION_WITH_SPECIFIED_SOURCE('','',#7018,
 .NOT_KNOWN.);
#6983=PRODUCT_DEFINITION_FORMATION_WITH_SPECIFIED_SOURCE('','',#7019,
 .NOT_KNOWN.);
#6984=PRODUCT_DEFINITION_FORMATION_WITH_SPECIFIED_SOURCE('','',#7020,
 .NOT_KNOWN.);
#6985=PRODUCT_DEFINITION_FORMATION_WITH_SPECIFIED_SOURCE('','',#7021,
 .NOT_KNOWN.);
#6986=PRODUCT_DEFINITION_FORMATION_WITH_SPECIFIED_SOURCE('','',#7022,
 .NOT_KNOWN.);
#6987=PRODUCT_DEFINITION_FORMATION_WITH_SPECIFIED_SOURCE('','',#7023,
 .NOT_KNOWN.);
#6988=PRODUCT_DEFINITION_FORMATION_WITH_SPECIFIED_SOURCE('','',#7024,
 .NOT_KNOWN.);
#6989=PRODUCT_DEFINITION_FORMATION_WITH_SPECIFIED_SOURCE('','',#7025,
 .NOT_KNOWN.);
#6990=PRODUCT_DEFINITION_FORMATION_WITH_SPECIFIED_SOURCE('','',#7026,
 .NOT_KNOWN.);
#6991=PRODUCT_DEFINITION_FORMATION_WITH_SPECIFIED_SOURCE('','',#7027,
 .NOT_KNOWN.);
#6992=PRODUCT_DEFINITION_FORMATION_WITH_SPECIFIED_SOURCE('','',#7028,
 .NOT_KNOWN.);
#6993=PRODUCT_DEFINITION_FORMATION_WITH_SPECIFIED_SOURCE('','',#7029,
 .NOT_KNOWN.);
#6994=PRODUCT_DEFINITION_FORMATION_WITH_SPECIFIED_SOURCE('','',#7030,
 .NOT_KNOWN.);
#6995=PRODUCT_DEFINITION_FORMATION_WITH_SPECIFIED_SOURCE('','',#7031,
 .NOT_KNOWN.);
#6996=PRODUCT_DEFINITION_FORMATION_WITH_SPECIFIED_SOURCE('','',#7032,
 .NOT_KNOWN.);
#6997=PRODUCT_DEFINITION_FORMATION_WITH_SPECIFIED_SOURCE('','',#7033,
 .NOT_KNOWN.);
#6998=PRODUCT_DEFINITION_FORMATION_WITH_SPECIFIED_SOURCE('','',#7034,
 .NOT_KNOWN.);
#6999=PRODUCT_RELATED_PRODUCT_CATEGORY('','',(#7017));
#7000=PRODUCT_RELATED_PRODUCT_CATEGORY('','',(#7018));
#7001=PRODUCT_RELATED_PRODUCT_CATEGORY('','',(#7019));
#7002=PRODUCT_RELATED_PRODUCT_CATEGORY('','',(#7020));
#7003=PRODUCT_RELATED_PRODUCT_CATEGORY('','',(#7021));
#7004=PRODUCT_RELATED_PRODUCT_CATEGORY('','',(#7022));
#7005=PRODUCT_RELATED_PRODUCT_CATEGORY('','',(#7023));
#7006=PRODUCT_RELATED_PRODUCT_CATEGORY('','',(#7024));
#7007=PRODUCT_RELATED_PRODUCT_CATEGORY('','',(#7025));
#7008=PRODUCT_RELATED_PRODUCT_CATEGORY('','',(#7026));
#7009=PRODUCT_RELATED_PRODUCT_CATEGORY('','',(#7027));
#7010=PRODUCT_RELATED_PRODUCT_CATEGORY('','',(#7028));
#7011=PRODUCT_RELATED_PRODUCT_CATEGORY('','',(#7029));
#7012=PRODUCT_RELATED_PRODUCT_CATEGORY('','',(#7030));
#7013=PRODUCT_RELATED_PRODUCT_CATEGORY('','',(#7031));
#7014=PRODUCT_RELATED_PRODUCT_CATEGORY('','',(#7032));
#7015=PRODUCT_RELATED_PRODUCT_CATEGORY('','',(#7033));
#7016=PRODUCT_RELATED_PRODUCT_CATEGORY('','',(#7034));
#7017=PRODUCT('0821-1G1T-43-F','0821-1G1T-43-F','0821-1G1T-43-F',(#7053));
#7018=PRODUCT('0821-1G1T-43-F_PART1','0821-1G1T-43-F_PART1',
'0821-1G1T-43-F_PART1',(#7054));
#7019=PRODUCT('0821-1G1T-43-F_PART2','0821-1G1T-43-F_PART2',
'0821-1G1T-43-F_PART2',(#7055));
#7020=PRODUCT('0821-1G1T-43-F_PART3','0821-1G1T-43-F_PART3',
'0821-1G1T-43-F_PART3',(#7056));
#7021=PRODUCT('0821-1G1T-43-F_PART4','0821-1G1T-43-F_PART4',
'0821-1G1T-43-F_PART4',(#7057));
#7022=PRODUCT('0821-1G1T-43-F_PART5','0821-1G1T-43-F_PART5',
'0821-1G1T-43-F_PART5',(#7058));
#7023=PRODUCT('0821-1G1T-43-F_PART6','0821-1G1T-43-F_PART6',
'0821-1G1T-43-F_PART6',(#7059));
#7024=PRODUCT('0821-1G1T-43-F_PART7','0821-1G1T-43-F_PART7',
'0821-1G1T-43-F_PART7',(#7060));
#7025=PRODUCT('0821-1G1T-43-F_PART8','0821-1G1T-43-F_PART8',
'0821-1G1T-43-F_PART8',(#7061));
#7026=PRODUCT('0821-1G1T-43-F_PART9','0821-1G1T-43-F_PART9',
'0821-1G1T-43-F_PART9',(#7062));
#7027=PRODUCT('0821-1G1T-43-F_PART10','0821-1G1T-43-F_PART10',
'0821-1G1T-43-F_PART10',(#7063));
#7028=PRODUCT('0821-1G1T-43-F_PART11','0821-1G1T-43-F_PART11',
'0821-1G1T-43-F_PART11',(#7064));
#7029=PRODUCT('0821-1G1T-43-F_PART12','0821-1G1T-43-F_PART12',
'0821-1G1T-43-F_PART12',(#7065));
#7030=PRODUCT('0821-1G1T-43-F_PART13','0821-1G1T-43-F_PART13',
'0821-1G1T-43-F_PART13',(#7066));
#7031=PRODUCT('0821-1G1T-43-F_PART14','0821-1G1T-43-F_PART14',
'0821-1G1T-43-F_PART14',(#7067));
#7032=PRODUCT('0821-1G1T-43-F_PART15','0821-1G1T-43-F_PART15',
'0821-1G1T-43-F_PART15',(#7068));
#7033=PRODUCT('0821-1G1T-43-F_PART16','0821-1G1T-43-F_PART16',
'0821-1G1T-43-F_PART16',(#7069));
#7034=PRODUCT('0821-1G1T-43-F_PART17','0821-1G1T-43-F_PART17',
'0821-1G1T-43-F_PART17',(#7070));
#7035=PRODUCT_CATEGORY('','');
#7036=PRODUCT_CATEGORY('','');
#7037=PRODUCT_CATEGORY('','');
#7038=PRODUCT_CATEGORY('','');
#7039=PRODUCT_CATEGORY('','');
#7040=PRODUCT_CATEGORY('','');
#7041=PRODUCT_CATEGORY('','');
#7042=PRODUCT_CATEGORY('','');
#7043=PRODUCT_CATEGORY('','');
#7044=PRODUCT_CATEGORY('','');
#7045=PRODUCT_CATEGORY('','');
#7046=PRODUCT_CATEGORY('','');
#7047=PRODUCT_CATEGORY('','');
#7048=PRODUCT_CATEGORY('','');
#7049=PRODUCT_CATEGORY('','');
#7050=PRODUCT_CATEGORY('','');
#7051=PRODUCT_CATEGORY('','');
#7052=PRODUCT_CATEGORY('','');
#7053=PRODUCT_CONTEXT('',#7072,'mechanical');
#7054=PRODUCT_CONTEXT('',#7072,'mechanical');
#7055=PRODUCT_CONTEXT('',#7072,'mechanical');
#7056=PRODUCT_CONTEXT('',#7072,'mechanical');
#7057=PRODUCT_CONTEXT('',#7072,'mechanical');
#7058=PRODUCT_CONTEXT('',#7072,'mechanical');
#7059=PRODUCT_CONTEXT('',#7072,'mechanical');
#7060=PRODUCT_CONTEXT('',#7072,'mechanical');
#7061=PRODUCT_CONTEXT('',#7072,'mechanical');
#7062=PRODUCT_CONTEXT('',#7072,'mechanical');
#7063=PRODUCT_CONTEXT('',#7072,'mechanical');
#7064=PRODUCT_CONTEXT('',#7072,'mechanical');
#7065=PRODUCT_CONTEXT('',#7072,'mechanical');
#7066=PRODUCT_CONTEXT('',#7072,'mechanical');
#7067=PRODUCT_CONTEXT('',#7072,'mechanical');
#7068=PRODUCT_CONTEXT('',#7072,'mechanical');
#7069=PRODUCT_CONTEXT('',#7072,'mechanical');
#7070=PRODUCT_CONTEXT('',#7072,'mechanical');
#7071=APPLICATION_PROTOCOL_DEFINITION('international standard',
'automotive_design',2010,#7072);
#7072=APPLICATION_CONTEXT(
'core data for automotive mechanical design processes');
ENDSEC;
END-ISO-10303-21;
